Name,Team,Age,,GS,IP,,ERA,WHIP,FIP,E-F,xFIP,,SwStr%,K/9,BB/9,K/BB,,BABIP,LOB%,HR/FB,GB/FB
Kirby Yates,Padres,32,,0,57.2,,1.25,0.9,1.27,-0.02,2.17,,15.70%,14.98,1.87,8,,0.33,79.70%,5.10%,1.44
Jacob Webb,Braves,25,,0,32.1,,1.39,1.11,4.3,-2.9,5.15,,13.10%,7.79,3.34,2.33,,0.233,86.00%,10.00%,0.85
Liam Hendriks,Athletics,30,,2,77.1,,1.63,0.94,1.8,-0.18,3.27,,17.20%,13.03,2.21,5.89,,0.307,87.90%,4.80%,0.59
Will Harris,Astros,34,,0,54.2,,1.65,0.99,3.31,-1.66,3.08,,12.20%,9.22,2.14,4.31,,0.257,87.70%,18.20%,2.33
Felipe Vazquez,Pirates,27,,0,58,,1.71,0.93,2.16,-0.46,2.65,,14.30%,13.5,1.86,7.25,,0.308,90.20%,10.60%,1.06
Adam Ottavino,Yankees,33,,0,61.1,,1.76,1.26,3.49,-1.73,4.31,,11.10%,11.89,5.28,2.25,,0.271,91.70%,8.60%,0.88
Aaron Civale,Indians,24,,8,46.2,,1.93,1.05,2.98,-1.05,4.55,,9.20%,7.33,2.31,3.17,,0.267,78.40%,4.00%,1.04
Casey Sadler,- - -,28,,0,41.2,,1.94,1.08,4.13,-2.18,4.69,,8.40%,6.05,2.16,2.8,,0.252,89.90%,10.50%,1.66
Ken Giles,Blue Jays,28,,0,45,,2,1.07,2.13,-0.13,2.74,,19.40%,14.6,3,4.87,,0.33,89.60%,10.00%,0.85
Zack Britton,Yankees,31,,0,56.1,,2.08,1.22,4,-1.92,3.83,,10.00%,7.51,5.11,1.47,,0.231,86.60%,20.00%,7.6
Brandon Workman,Red Sox,30,,0,63,,2.14,1.03,2.52,-0.37,3.38,,12.70%,12.86,5.57,2.31,,0.208,77.70%,2.90%,1.79
Tyler Glasnow,Rays,25,,9,50.1,,2.15,0.93,2.52,-0.37,2.99,,12.10%,10.73,1.97,5.45,,0.274,82.10%,10.50%,1.61
Emilio Pagan,Rays,28,,0,61.2,,2.19,0.83,3.25,-1.06,3.2,,17.10%,12.41,1.9,6.54,,0.222,94.70%,15.60%,0.72
Aaron Bummer,White Sox,25,,0,57,,2.21,1.04,3.64,-1.42,3.63,,10.30%,7.89,3.32,2.38,,0.234,83.30%,15.40%,3.96
Shane Greene,- - -,30,,0,56.1,,2.24,0.99,3.62,-1.39,3.77,,11.70%,9.75,2.56,3.81,,0.236,78.80%,14.00%,1.44
Scott Oberg,Rockies,29,,0,56,,2.25,1.11,3.54,-1.29,3.9,,12.30%,9.32,3.7,2.52,,0.248,80.00%,11.60%,1.58
Giovanny Gallegos,Cardinals,27,,0,63.1,,2.27,0.79,2.76,-0.48,3.43,,17.00%,11.94,1.85,6.46,,0.227,85.70%,10.40%,0.69
Aroldis Chapman,Yankees,31,,0,53.2,,2.35,1.14,2.45,-0.1,3.02,,13.90%,13.25,4.19,3.16,,0.287,76.10%,8.60%,1.37
Hyun-Jin Ryu,Dodgers,32,,26,161.2,,2.45,1.06,3.18,-0.73,3.45,,11.20%,7.91,1.34,5.92,,0.285,81.20%,12.50%,1.93
Taylor Rogers,Twins,28,,0,62.1,,2.45,1.03,2.88,-0.42,3.05,,10.70%,11.55,1.44,8,,0.315,88.00%,13.70%,1.45
Julio Urias,Dodgers,22,,8,72.2,,2.48,1.09,3.54,-1.07,4.37,,13.60%,9.17,2.85,3.22,,0.258,77.90%,9.20%,0.97
Hansel Robles,Angels,28,,1,65.1,,2.48,1.04,2.88,-0.4,4.05,,11.90%,9.09,2.07,4.4,,0.284,82.00%,7.00%,0.9
Justin Wilson,Mets,31,,0,32.2,,2.48,1.26,3.98,-1.5,3.67,,12.80%,9.92,3.58,2.77,,0.296,88.20%,19.00%,1.95
Alex Colome,White Sox,30,,0,54,,2.5,1,3.94,-1.44,4.72,,12.50%,7.67,3.5,2.19,,0.197,70.80%,9.30%,1.24
Brandon Kintzler,Cubs,34,,0,54,,2.5,0.98,3.6,-1.1,3.84,,8.20%,7.67,2.17,3.54,,0.243,81.60%,12.80%,2.15
Zac Gallen,- - -,23,,13,68.1,,2.5,1.23,3.35,-0.84,4.14,,13.00%,10.8,4.21,2.56,,0.29,84.00%,8.30%,1.07
Ryan Pressly,Astros,30,,0,50.1,,2.5,0.93,2.84,-0.33,2.32,,17.30%,11.62,1.97,5.91,,0.261,82.90%,23.10%,2.35
Justin Verlander,Astros,36,,30,200,,2.52,0.77,3.35,-0.83,3.3,,16.00%,11.88,1.62,7.33,,0.204,89.60%,15.60%,0.75
Tyler Clippard,Indians,34,,2,56.2,,2.54,0.81,3.3,-0.76,4.65,,13.80%,9.53,2.06,4.62,,0.211,80.40%,7.00%,0.66
Rich Hill,Dodgers,39,,10,53,,2.55,1.11,4.16,-1.61,3.36,,10.40%,10.36,2.04,5.08,,0.28,89.40%,22.70%,1.5
Tyler Duffey,Twins,28,,0,49.1,,2.55,1.09,3.23,-0.68,3.17,,14.40%,12.59,2.55,4.93,,0.284,75.80%,15.90%,1
Max Scherzer,Nationals,34,,24,154.2,,2.56,1,2.32,0.24,2.91,,16.70%,12.57,1.75,7.2,,0.316,80.80%,10.10%,1.09
Josh Hader,Brewers,25,,0,66,,2.59,0.79,3.06,-0.47,2.37,,22.80%,16.5,2.45,6.72,,0.219,92.40%,21.00%,0.39
Mike Soroka,Braves,21,,26,158.2,,2.67,1.11,3.5,-0.84,3.86,,10.00%,7.15,2.04,3.5,,0.279,80.10%,11.50%,2.12
Frankie Montas,Athletics,26,,15,90,,2.7,1.12,2.9,-0.2,3.42,,11.50%,9.7,2.1,4.62,,0.302,74.60%,10.10%,1.83
Nick Wittgren,Indians,28,,0,53.1,,2.7,1.05,3.93,-1.23,3.99,,8.90%,9.11,2.36,3.86,,0.252,82.60%,14.80%,1
Nick Goody,Indians,27,,0,36.2,,2.7,1.23,4.41,-1.71,4.89,,16.20%,10.8,4.42,2.44,,0.244,87.40%,12.50%,0.5
Jacob deGrom,Mets,31,,29,183,,2.7,1.03,2.84,-0.14,3.21,,15.50%,11.36,2.11,5.37,,0.292,80.70%,12.00%,1.19
Mike Clevinger,Indians,28,,17,99.1,,2.72,1.04,2.49,0.23,2.93,,15.50%,12.59,2.9,4.34,,0.3,80.00%,10.80%,1.26
Gerrit Cole,Astros,28,,29,184.1,,2.73,0.92,2.8,-0.07,2.51,,16.60%,13.72,2.1,6.53,,0.275,81.80%,18.10%,1.05
Amir Garrett,Reds,27,,0,52.2,,2.73,1.37,3.94,-1.2,3.7,,15.90%,12.65,5.64,2.24,,0.295,85.60%,18.20%,1.88
Sonny Gray,Reds,29,,28,157.1,,2.75,1.1,3.37,-0.63,3.65,,11.30%,10.35,3.43,3.02,,0.261,80.80%,12.50%,1.64
Yusmeiro Petit,Athletics,34,,0,74.1,,2.78,0.82,3.67,-0.89,4.65,,11.40%,7.26,0.97,7.5,,0.216,80.90%,9.80%,0.58
Seth Lugo,Mets,29,,0,71,,2.79,0.92,2.78,0.01,3.4,,11.40%,11.54,2.03,5.69,,0.259,72.60%,10.30%,1.01
Tony Gonsolin,Dodgers,25,,6,32,,2.81,1.03,3.68,-0.87,4.95,,12.00%,7.59,2.81,2.7,,0.222,72.90%,7.50%,0.95
Daniel Hudson,- - -,32,,1,63,,2.86,1.21,4.29,-1.44,5.17,,10.10%,9,3.71,2.42,,0.251,79.90%,10.00%,0.81
Reyes Moronta,Giants,26,,0,56.2,,2.86,1.31,3.57,-0.71,4.83,,12.00%,11.12,5.24,2.12,,0.272,81.20%,6.50%,0.84
Oliver Perez,Indians,37,,0,37.2,,2.87,1.17,3.24,-0.37,3.71,,12.60%,10.75,2.39,4.5,,0.313,79.70%,11.40%,1.23
Hunter Wood,- - -,25,,2,40.2,,2.88,1.33,4.2,-1.32,4.92,,13.00%,8.19,2.43,3.36,,0.303,79.40%,11.10%,0.74
David Hale,Yankees,31,,0,37.1,,2.89,1.15,3.29,-0.4,4.57,,7.90%,5.3,1.45,3.67,,0.287,77.70%,5.40%,1.68
Ryan Buchter,Athletics,32,,0,40.1,,2.9,1.46,4.53,-1.63,4.82,,11.80%,10.49,4.69,2.24,,0.317,89.40%,13.30%,0.58
Josh Taylor,Red Sox,26,,1,43.1,,2.91,1.2,2.66,0.25,3.32,,15.40%,11.84,3.12,3.8,,0.333,78.30%,8.80%,1.38
Jarlin Garcia,Marlins,26,,0,43.1,,2.91,1.06,3.79,-0.88,4.61,,9.40%,7.48,2.7,2.77,,0.244,80.20%,9.10%,1.34
Yoan Lopez,Diamondbacks,26,,0,55.1,,2.93,1.1,4.86,-1.93,4.54,,10.00%,6.02,2.6,2.31,,0.224,80.60%,18.00%,1.5
Hector Neris,Phillies,30,,0,61,,2.95,1.03,3.84,-0.89,3.52,,17.90%,11.8,3.1,3.81,,0.248,83.30%,18.40%,1.39
Jack Flaherty,Cardinals,23,,29,168.1,,2.99,1.03,3.66,-0.67,3.8,,13.20%,10.48,2.62,4,,0.253,82.50%,14.20%,0.98
Zack Greinke,- - -,35,,30,189.1,,2.99,1,3.35,-0.35,3.85,,10.10%,7.94,1.38,5.76,,0.27,75.80%,11.20%,1.31
Will Smith,Giants,29,,0,60,,3,1.05,3.43,-0.43,2.76,,15.10%,13.05,2.85,4.58,,0.281,87.80%,22.20%,1.22
Roberto Osuna,Astros,24,,0,57,,3,0.89,3.55,-0.55,3.89,,16.30%,9.79,1.74,5.64,,0.227,79.00%,12.90%,0.85
Kyle Ryan,Cubs,27,,0,54,,3,1.26,3.2,-0.2,3.8,,10.20%,8.83,3.5,2.52,,0.297,75.60%,8.30%,2.39
Luke Weaver,Diamondbacks,25,,11,62.1,,3.03,1.11,3.1,-0.07,3.86,,10.60%,9.82,2.02,4.86,,0.301,78.60%,9.50%,1.08
Steve Cishek,Cubs,33,,0,59.1,,3.03,1.1,4.28,-1.24,4.59,,9.90%,8.49,3.19,2.67,,0.245,82.00%,12.70%,1.38
Clayton Kershaw,Dodgers,31,,25,159,,3.06,1.05,3.74,-0.69,3.47,,12.70%,9.68,2.04,4.75,,0.27,82.70%,17.80%,1.46
Evan Marshall,White Sox,29,,0,41,,3.07,1.32,4.48,-1.41,4.64,,11.90%,7.02,3.73,1.88,,0.274,80.90%,13.90%,1.64
Carlos Martinez,Cardinals,27,,0,41,,3.07,1.17,2.97,0.1,3.65,,13.00%,9.88,3.29,3,,0.298,74.70%,7.40%,2.3
Mike Minor,Rangers,31,,29,189.2,,3.08,1.18,3.9,-0.82,4.51,,11.30%,8.68,2.8,3.1,,0.281,81.90%,11.10%,1
Trevor May,Twins,29,,0,55.1,,3.09,1.12,3.63,-0.54,4.27,,13.30%,11.06,3.9,2.83,,0.244,76.00%,10.50%,0.82
Tommy Kahnle,Yankees,29,,0,55.1,,3.09,1.01,3.09,0,2.47,,18.10%,13.17,2.6,5.06,,0.276,78.60%,22.90%,1.8
Justin Shafer,Blue Jays,26,,0,32,,3.09,1.69,4.96,-1.87,5.64,,11.50%,8.72,6.19,1.41,,0.311,86.80%,10.80%,0.81
Charlie Morton,Rays,35,,30,176.1,,3.11,1.1,2.76,0.35,3.34,,12.70%,11.18,2.65,4.21,,0.304,74.40%,9.60%,1.51
Nick Anderson,- - -,28,,0,57.2,,3.12,1.08,2.12,1,2.6,,18.70%,14.98,2.5,6,,0.351,78.80%,11.30%,0.58
Michael Lorenzen,Reds,27,,0,74.2,,3.13,1.23,3.87,-0.74,4.04,,13.70%,9.16,3.25,2.81,,0.279,80.90%,13.80%,1.42
Sean Newcomb,Braves,26,,4,63,,3.14,1.32,4.5,-1.36,4.84,,8.70%,8.29,4,2.07,,0.27,80.20%,12.70%,1.37
Patrick Corbin,Nationals,29,,29,179.2,,3.16,1.14,3.38,-0.22,3.63,,14.10%,10.52,3.01,3.5,,0.284,77.20%,13.00%,1.42
John Gant,Cardinals,26,,0,62.2,,3.16,1.18,3.69,-0.53,4.32,,12.00%,7.61,4.02,1.89,,0.258,73.10%,8.70%,1.7
Shane Bieber,Indians,24,,30,195.2,,3.17,1,3.22,-0.05,3.18,,14.10%,11.09,1.75,6.34,,0.282,77.30%,15.70%,1.25
Luis Castillo,Reds,26,,29,173.2,,3.21,1.13,3.63,-0.42,3.4,,15.70%,10.78,3.58,3.01,,0.264,78.30%,18.00%,2.09
Cam Bedrosian,Angels,27,,7,61.1,,3.23,1.14,3.83,-0.61,4.17,,12.00%,9.39,3.23,2.91,,0.253,68.00%,12.50%,1.43
John Brebbia,Cardinals,29,,0,66.1,,3.26,1.09,2.94,0.31,4.45,,13.90%,10.72,2.98,3.59,,0.278,72.10%,6.00%,0.55
Adam Kolarek,- - -,30,,0,52.1,,3.27,1.18,4.19,-0.92,3.8,,11.20%,7.22,2.75,2.63,,0.265,79.50%,20.70%,3.52
Pedro Baez,Dodgers,31,,0,63.1,,3.27,0.96,3.29,-0.02,4.66,,15.30%,9.38,2.98,3.14,,0.223,61.40%,6.60%,0.72
Lucas Giolito,White Sox,24,,28,170.2,,3.27,1.07,3.41,-0.14,3.74,,15.10%,11.39,2.95,3.86,,0.272,78.60%,12.80%,0.85
Walker Buehler,Dodgers,24,,26,159.1,,3.28,1.04,2.96,0.32,3.3,,12.00%,10.73,1.58,6.79,,0.297,70.20%,12.40%,1.21
Julio Teheran,Braves,28,,30,163.1,,3.31,1.29,4.3,-0.99,5.11,,9.60%,8.49,4.24,2,,0.268,78.70%,9.60%,0.97
Sam Dyson,- - -,31,,0,62.1,,3.32,1.06,3.47,-0.15,3.75,,8.60%,7.94,1.88,4.23,,0.273,71.00%,12.50%,1.9
Kyle Hendricks,Cubs,29,,27,159.2,,3.33,1.11,3.78,-0.45,4.3,,10.30%,7.72,1.75,4.42,,0.278,74.70%,11.40%,1.16
Wade Miley,Astros,32,,29,156,,3.35,1.26,4.46,-1.12,4.42,,9.60%,7.73,3.17,2.44,,0.269,78.60%,15.70%,1.65
Jose Alvarez,Phillies,30,,1,53.2,,3.35,1.42,4.05,-0.7,4.27,,11.20%,7.04,2.68,2.63,,0.327,80.20%,13.30%,1.84
Brad Hand,Indians,29,,0,56.1,,3.36,1.26,2.89,0.46,3.52,,13.00%,12.94,2.88,4.5,,0.362,81.10%,10.50%,0.63
Alex Young,Diamondbacks,25,,12,66.2,,3.38,1.05,4.17,-0.8,4.42,,12.60%,7.83,2.57,3.05,,0.233,77.40%,13.40%,1.31
Marcus Walden,Red Sox,30,,0,72,,3.38,1.11,3.69,-0.31,4.07,,13.10%,8.75,3.5,2.5,,0.246,68.80%,11.30%,2
Dakota Hudson,Cardinals,24,,28,153.2,,3.4,1.41,4.94,-1.54,4.49,,9.90%,6.79,4.1,1.66,,0.279,77.20%,20.80%,2.77
Ross Stripling,Dodgers,29,,13,81.2,,3.42,1.14,3.78,-0.36,3.76,,10.30%,8.82,2.09,4.21,,0.285,74.10%,15.50%,1.63
Marcus Stroman,- - -,28,,28,160.1,,3.42,1.34,3.81,-0.39,4.04,,10.30%,7.63,2.75,2.78,,0.314,74.80%,13.20%,2.01
Austin Brice,Marlins,27,,0,44.2,,3.43,1.23,4.87,-1.45,4.79,,11.30%,9.27,3.63,2.56,,0.248,78.50%,15.90%,1.23
Luis Perdomo,Padres,26,,1,63,,3.43,1.17,3.42,0.01,4,,9.10%,7.14,2,3.57,,0.299,73.90%,9.80%,1.92
Ian Kennedy,Royals,34,,0,57.1,,3.45,1.29,2.88,0.57,3.76,,9.80%,10.36,2.35,4.4,,0.348,77.90%,8.60%,1.22
Dallas Keuchel,Braves,31,,15,90.2,,3.47,1.32,4.52,-1.04,3.89,,8.80%,7.25,2.88,2.52,,0.298,81.70%,24.00%,3.32
Ryan Yarbrough,Rays,27,,10,121.1,,3.49,0.9,3.21,0.28,4.01,,10.30%,7.57,1.04,7.29,,0.249,64.30%,9.10%,1.22
Yimi Garcia,Dodgers,28,,0,59.1,,3.49,0.83,5.25,-1.76,4.85,,12.00%,9.71,1.97,4.92,,0.156,84.90%,17.40%,0.51
Craig Stammen,Padres,35,,0,74.2,,3.5,1.21,4.18,-0.68,3.88,,9.40%,7.96,1.69,4.71,,0.294,75.80%,17.90%,1.73
Stephen Strasburg,Nationals,30,,29,185,,3.5,1.05,3.2,0.3,3.19,,14.10%,10.8,2.29,4.72,,0.281,74.30%,15.40%,1.71
John Means,Orioles,26,,23,131,,3.5,1.13,4.37,-0.87,5.51,,9.80%,7.08,2.2,3.22,,0.255,76.00%,9.50%,0.63
Ranger Suarez,Phillies,23,,0,41,,3.51,1.32,4.07,-0.56,3.52,,9.80%,8.34,2.2,3.8,,0.322,81.60%,21.40%,2.25
Francisco Liriano,Pirates,35,,0,64,,3.52,1.39,4.64,-1.12,5.03,,13.60%,8.3,4.5,1.84,,0.28,76.70%,12.30%,1.28
Chris Paddack,Padres,23,,24,129.2,,3.54,1.02,4.12,-0.58,4.14,,10.90%,9.51,2.01,4.72,,0.242,75.60%,15.20%,0.99
Ryne Harper,Twins,30,,0,50.2,,3.55,1.13,3.49,0.06,4.19,,11.60%,8.35,1.6,5.22,,0.29,72.60%,10.50%,0.93
Adrian Houser,Brewers,26,,14,95.1,,3.59,1.29,3.97,-0.38,3.67,,9.80%,9.35,3.12,3,,0.311,78.20%,18.80%,2.19
Diego Castillo,Rays,25,,6,60,,3.6,1.28,3.71,-0.11,3.69,,13.20%,10.65,3.45,3.09,,0.311,71.60%,15.60%,1.98
Hector Rondon,Astros,31,,1,55,,3.6,1.25,4.78,-1.18,4.91,,9.90%,6.87,3.11,2.21,,0.261,82.20%,14.30%,1.54
Jake Odorizzi,Twins,29,,28,147.1,,3.6,1.23,3.55,0.06,4.45,,12.50%,9.9,3.12,3.18,,0.299,75.70%,9.40%,0.78
Sergio Romo,- - -,36,,0,54.2,,3.62,1.13,3.71,-0.09,4.83,,14.00%,8.4,2.47,3.4,,0.268,68.40%,8.60%,0.84
Yonny Chirinos,Rays,25,,17,126.2,,3.62,1.06,4.16,-0.54,4.05,,10.70%,7.82,1.99,3.93,,0.253,74.30%,16.20%,1.35
Chris Bassitt,Athletics,30,,24,136,,3.64,1.2,4.37,-0.73,4.67,,8.90%,8.54,2.91,2.93,,0.269,78.20%,13.10%,1.1
Jeff Samardzija,Giants,34,,29,163,,3.64,1.1,4.58,-0.94,4.94,,9.10%,7.23,2.37,3.05,,0.241,75.50%,13.10%,0.87
Chris Martin,- - -,33,,0,51.1,,3.68,1.07,3.53,0.16,2.84,,12.00%,10.17,0.88,11.6,,0.315,75.50%,22.00%,1.71
Zach Davies,Brewers,26,,27,141.1,,3.69,1.34,4.78,-1.09,5.21,,7.40%,5.79,2.93,1.98,,0.281,76.20%,12.40%,1.09
Junior Guerra,Brewers,34,,0,75.1,,3.7,1.12,4.59,-0.89,4.88,,11.00%,8.36,4.06,2.06,,0.207,74.30%,13.20%,1.14
Aaron Nola,Phillies,26,,31,184.2,,3.7,1.24,3.98,-0.27,3.83,,10.60%,10.09,3.46,2.92,,0.291,77.40%,16.80%,1.67
Alex Claudio,Brewers,27,,0,58,,3.72,1.28,4.75,-1.02,4.55,,10.90%,6.67,3.41,1.95,,0.265,78.40%,17.50%,2.48
Eduardo Rodriguez,Red Sox,26,,30,178.2,,3.73,1.34,4.13,-0.4,4.24,,11.30%,8.92,3.38,2.64,,0.311,79.50%,14.40%,1.52
Michael Feliz,Pirates,26,,1,50.2,,3.73,1.18,4.02,-0.29,3.93,,12.60%,11.72,3.73,3.14,,0.27,78.70%,16.00%,0.88
Brandon Woodruff,Brewers,26,,20,117.2,,3.75,1.17,3.1,0.65,3.46,,11.60%,10.4,2.22,4.69,,0.326,74.50%,12.00%,1.34
Anthony Bass,Mariners,31,,0,40.2,,3.76,1.08,4.25,-0.48,4.02,,10.40%,8.19,3.54,2.31,,0.221,71.10%,17.90%,1.96
Madison Bumgarner,Giants,29,,31,188.2,,3.77,1.12,3.8,-0.03,4.28,,11.20%,8.78,1.86,4.72,,0.287,71.70%,12.10%,0.87
Jose Berrios,Twins,25,,28,174,,3.78,1.25,3.98,-0.2,4.4,,10.70%,8.74,2.33,3.76,,0.303,73.30%,12.40%,1.1
Kolby Allard,Rangers,21,,6,33.1,,3.78,1.38,2.94,0.84,4.23,,8.50%,7.83,2.97,2.64,,0.33,70.20%,3.60%,1.68
Kenley Jansen,Dodgers,31,,0,54.2,,3.79,1.1,3.69,0.1,3.7,,16.00%,11.69,2.3,5.07,,0.28,75.40%,15.30%,0.76
Lance Lynn,Rangers,32,,29,181.2,,3.81,1.26,3.12,0.69,3.91,,12.20%,10.35,2.63,3.94,,0.327,72.90%,9.30%,1.11
Joe Biagini,- - -,29,,0,63.2,,3.82,1.4,4.74,-0.92,3.99,,11.70%,8.34,3.25,2.57,,0.314,83.10%,22.90%,1.79
Luis Cessa,Yankees,27,,0,73,,3.82,1.25,4.54,-0.72,4.34,,12.60%,8.63,3.08,2.8,,0.276,77.40%,16.90%,1.37
Joey Lucchesi,Padres,26,,27,150,,3.84,1.19,4.03,-0.19,4.35,,10.40%,8.58,3.12,2.75,,0.264,74.30%,12.80%,1.33
Jon Gray,Rockies,27,,25,150,,3.84,1.35,4.06,-0.22,3.89,,11.80%,9,3.36,2.68,,0.314,75.90%,17.10%,1.9
Tanner Roark,- - -,32,,27,147,,3.86,1.35,4.16,-0.3,4.52,,8.30%,8.63,2.82,3.07,,0.318,78.00%,12.60%,1.08
Max Fried,Braves,25,,27,149.1,,3.86,1.32,3.51,0.35,3.27,,11.40%,9.58,2.53,3.79,,0.337,74.10%,18.30%,2.41
Tim Hill,Royals,29,,0,30.1,,3.86,1.22,4.8,-0.94,4.39,,8.30%,7.71,3.56,2.17,,0.266,76.30%,20.00%,2.5
Richard Rodriguez,Pirates,29,,0,58,,3.88,1.36,5.44,-1.56,5.06,,10.50%,8.22,3.1,2.65,,0.279,84.40%,17.60%,1.04
Anthony Swarzak,- - -,33,,0,46.1,,3.88,1.42,5.85,-1.96,4.65,,12.10%,8.74,4.47,1.96,,0.262,85.00%,25.00%,1.39
Oliver Drake,Rays,32,,0,44,,3.89,1.14,4.33,-0.44,3.41,,14.30%,10.84,3.27,3.31,,0.26,80.40%,25.00%,1.75
Tyler Kinley,Marlins,28,,0,44,,3.89,1.61,5.12,-1.24,5.95,,12.70%,8.18,6.55,1.25,,0.286,81.50%,9.80%,0.88
Archie Bradley,Diamondbacks,26,,1,64.2,,3.9,1.53,3.55,0.34,4.18,,9.80%,11.13,4.87,2.29,,0.349,76.00%,9.40%,1.47
Robert Stephenson,Reds,26,,0,57.2,,3.9,1.08,3.58,0.32,3.85,,19.10%,11.86,3.59,3.3,,0.24,66.90%,13.30%,0.77
Daniel Ponce de Leon,Cardinals,27,,8,45.2,,3.94,1.25,4.42,-0.48,4.58,,10.80%,9.66,4.53,2.13,,0.255,75.10%,14.00%,1.23
Cole Hamels,Cubs,35,,24,130,,3.95,1.38,4.09,-0.14,4.36,,11.60%,8.65,3.25,2.66,,0.314,76.10%,13.10%,1.48
Dinelson Lamet,Padres,26,,11,57,,3.95,1.26,3.86,0.08,3.82,,13.50%,11.68,3.63,3.22,,0.299,71.00%,15.70%,1.02
Mychal Givens,Orioles,29,,0,54.2,,3.95,1.1,4.07,-0.12,3.44,,16.30%,12.51,3.46,3.62,,0.259,75.00%,20.80%,0.98
Dylan Floro,Dodgers,28,,0,41,,3.95,1.29,3.63,0.32,4.28,,12.20%,7.68,3.07,2.5,,0.293,66.90%,9.10%,1.94
Tanner Rainey,Nationals,26,,0,38.2,,3.96,1.5,4.69,-0.73,4.24,,16.70%,13.5,7.68,1.76,,0.267,79.60%,20.80%,1.67
James Paxton,Yankees,30,,26,138.2,,3.96,1.31,3.92,0.04,3.94,,14.40%,11.36,3.44,3.3,,0.32,76.20%,15.20%,0.94
Roenis Elias,- - -,30,,0,50,,3.96,1.28,5.07,-1.11,4.78,,11.60%,8.46,3.24,2.61,,0.257,64.70%,17.20%,0.88
Andrew Chafin,Diamondbacks,29,,0,50,,3.96,1.34,3.41,0.55,3.33,,15.10%,11.52,3.24,3.56,,0.347,77.60%,16.20%,1.43
Chaz Roe,Rays,32,,0,47.2,,3.97,1.55,3.36,0.6,4.3,,9.80%,11.52,5.48,2.1,,0.353,72.00%,7.10%,1.31
Mike Fiers,Athletics,34,,30,170,,3.97,1.22,5.11,-1.14,5.27,,7.80%,6.14,2.65,2.32,,0.258,79.30%,14.30%,1.01
Luke Jackson,Braves,27,,0,65.2,,3.97,1.45,3.61,0.36,2.72,,15.60%,12.47,3.43,3.64,,0.377,78.10%,27.80%,2.78
Zach Plesac,Indians,24,,18,97.1,,3.98,1.25,5.27,-1.29,5.13,,9.30%,6.84,3.24,2.11,,0.254,79.20%,16.20%,1.02
Gio Gonzalez,Brewers,33,,15,72.1,,3.98,1.33,4.5,-0.52,4.78,,10.50%,7.84,4.23,1.85,,0.268,74.30%,13.00%,1.2
Josh Tomlin,Braves,34,,0,72.1,,3.98,1.11,4.75,-0.77,5.01,,9.50%,5.72,0.87,6.57,,0.265,76.20%,13.90%,0.77
Mark Melancon,- - -,34,,0,61,,3.98,1.38,2.95,1.03,3.01,,10.40%,9.44,2.66,3.56,,0.363,72.10%,14.30%,3.89
Carlos Estevez,Rockies,26,,0,65.1,,3.99,1.35,4.18,-0.18,4.37,,14.10%,10.06,2.89,3.48,,0.315,76.10%,14.10%,0.91
Jose Quintana,Cubs,30,,27,157.1,,4,1.28,3.82,0.19,4.18,,8.70%,8.12,2.46,3.3,,0.302,71.40%,12.40%,1.37
Steven Matz,Mets,28,,26,139.1,,4,1.32,4.48,-0.47,4.27,,9.30%,8.53,2.71,3.14,,0.301,75.90%,16.90%,1.4
Michael Pineda,Twins,30,,26,146,,4.01,1.16,4.02,-0.02,4.31,,12.50%,8.63,1.73,5,,0.292,74.80%,13.50%,0.89
Cory Gearrin,- - -,33,,2,49.1,,4.01,1.44,4.13,-0.11,4.81,,8.40%,8.03,4.2,1.91,,0.314,76.40%,9.30%,1.51
Tyler Webb,Cardinals,28,,0,47,,4.02,1.09,4.38,-0.36,4.8,,9.80%,8.23,3.64,2.26,,0.213,71.80%,12.20%,1.04
Tyler Chatwood,Cubs,29,,5,69.1,,4.02,1.41,4.58,-0.56,4.2,,8.80%,8.57,4.67,1.83,,0.293,77.30%,20.50%,2.46
Robbie Ray,Diamondbacks,27,,29,156.1,,4.03,1.32,4.1,-0.07,3.72,,13.30%,11.92,4.2,2.84,,0.303,75.90%,18.80%,1.06
Sandy Alcantara,Marlins,23,,28,171.2,,4.04,1.32,4.61,-0.58,5.31,,10.90%,6.87,4.09,1.68,,0.265,71.80%,10.30%,1.22
Devin Smeltzer,Twins,23,,4,40,,4.05,1.23,4.96,-0.91,4.65,,8.40%,7.2,2.25,3.2,,0.282,82.00%,17.40%,1
Anthony DeSclafani,Reds,29,,28,148.2,,4.06,1.25,4.65,-0.6,4.44,,10.40%,9.08,2.85,3.19,,0.279,79.40%,16.80%,1.02
Ty Buttrey,Angels,26,,0,64.1,,4.06,1.29,3.49,0.56,4,,11.80%,10.77,3.08,3.5,,0.321,72.90%,11.30%,1.24
Brad Peacock,Astros,31,,15,88.2,,4.06,1.18,4.3,-0.24,4.56,,8.80%,9.54,2.94,3.24,,0.272,76.30%,13.60%,0.89
Heath Hembree,Red Sox,30,,0,37.2,,4.06,1.38,4.91,-0.85,5.72,,12.00%,10.75,4.3,2.5,,0.287,77.40%,11.50%,0.36
Noah Syndergaard,Mets,26,,28,175,,4.06,1.19,3.47,0.59,3.89,,12.70%,9.05,2.26,4,,0.304,68.30%,11.80%,1.46
Kenta Maeda,Dodgers,31,,26,146,,4.07,1.08,3.94,0.13,4.02,,14.50%,9.86,2.9,3.4,,0.246,71.40%,14.70%,1.07
Shawn Kelley,Rangers,35,,0,42,,4.07,1.29,4.71,-0.64,4.53,,11.20%,8.36,1.5,5.57,,0.317,82.60%,16.40%,0.67
Brett Anderson,Athletics,31,,28,161,,4.08,1.31,4.66,-0.57,4.83,,7.80%,4.53,2.52,1.8,,0.276,73.30%,13.80%,2.14
Sean Doolittle,Nationals,32,,0,55,,4.09,1.36,4.23,-0.14,5.05,,12.00%,9.98,2.29,4.36,,0.329,82.50%,11.40%,0.49
Jameson Taillon,Pirates,27,,7,37.1,,4.1,1.13,3.8,0.29,4.06,,11.90%,7.23,1.93,3.75,,0.263,52.10%,12.90%,1.84
Caleb Smith,Marlins,27,,24,133.2,,4.11,1.13,4.82,-0.71,4.62,,13.50%,10.5,3.3,3.18,,0.237,77.90%,16.50%,0.54
Anibal Sanchez,Nationals,35,,26,140,,4.11,1.35,4.54,-0.42,5.1,,10.40%,7.59,3.54,2.15,,0.275,74.40%,11.60%,0.99
Yu Darvish,Cubs,32,,28,157.1,,4.12,1.13,4.58,-0.46,3.7,,12.90%,10.87,3.03,3.58,,0.257,78.30%,23.30%,1.35
Mike Morin,- - -,28,,0,43.2,,4.12,1.1,4.38,-0.26,5.31,,11.50%,4.53,1.44,3.14,,0.25,63.60%,9.40%,1.08
Steven Brault,Pirates,27,,16,100.1,,4.13,1.41,4.37,-0.24,5.12,,9.10%,7.36,3.86,1.91,,0.295,73.90%,9.70%,1.29
Jose Leclerc,Rangers,25,,3,60.2,,4.15,1.32,3.54,0.61,4.16,,13.20%,13.2,5.19,2.54,,0.302,73.10%,10.30%,0.78
Adam Wainwright,Cardinals,37,,27,149.1,,4.16,1.4,4.23,-0.07,4.42,,7.30%,8.08,3.5,2.31,,0.313,75.60%,13.50%,1.72
Andrew Kittredge,Rays,29,,6,41,,4.17,1.34,3.7,0.47,3.3,,16.00%,10.32,2.41,4.27,,0.345,73.50%,19.40%,1.87
Trevor Richards,- - -,26,,23,131.1,,4.18,1.35,4.58,-0.4,5.11,,11.90%,8.5,3.77,2.25,,0.287,77.20%,11.90%,0.81
Brad Keller,Royals,23,,28,165.1,,4.19,1.35,4.35,-0.16,4.94,,8.30%,6.64,3.81,1.74,,0.282,72.20%,10.20%,1.72
Erick Fedde,Nationals,26,,12,73,,4.19,1.47,5.43,-1.24,5.19,,7.30%,4.93,3.82,1.29,,0.284,80.10%,17.50%,1.9
Domingo German,Yankees,26,,24,136.2,,4.21,1.16,4.83,-0.62,4.19,,13.00%,9.61,2.44,3.95,,0.261,77.70%,19.70%,0.95
Matt Barnes,Red Sox,29,,0,55.1,,4.23,1.32,3.25,0.98,2.63,,14.80%,15.61,4.55,3.43,,0.343,75.20%,22.90%,1.51
Miles Mikolas,Cardinals,30,,29,165.1,,4.25,1.22,4.15,0.1,4.11,,9.80%,7.13,1.58,4.52,,0.302,72.20%,15.60%,1.68
Sean Reid-Foley,Blue Jays,23,,6,31.2,,4.26,1.71,5.68,-1.41,6.26,,9.80%,7.96,5.97,1.33,,0.298,73.50%,11.90%,1
Buck Farmer,Tigers,28,,1,59,,4.27,1.37,4.04,0.23,3.97,,12.70%,10.37,3.51,2.96,,0.325,71.80%,16.00%,1.48
Jairo Diaz,Rockies,28,,0,46.1,,4.27,1.25,3.84,0.43,3.85,,14.50%,10.68,2.72,3.93,,0.308,65.70%,15.20%,1.33
Jason Vargas,- - -,36,,25,132.2,,4.27,1.3,4.68,-0.4,5.43,,9.70%,7.06,3.53,2,,0.266,73.10%,10.70%,0.89
David Price,Red Sox,33,,22,107.1,,4.28,1.31,3.62,0.65,3.74,,11.20%,10.73,2.68,4,,0.336,70.70%,14.40%,1.15
Blake Snell,Rays,26,,20,101,,4.28,1.25,3.39,0.88,3.25,,17.80%,12.12,3.12,3.89,,0.339,71.70%,16.70%,1.15
Nick Ramirez,Tigers,29,,0,71.1,,4.29,1.39,4.7,-0.41,4.76,,12.50%,8.2,3.79,2.17,,0.283,68.60%,14.90%,1.34
Tyler Skaggs,Angels,27,,15,79.2,,4.29,1.27,3.85,0.44,4.36,,9.20%,8.81,3.16,2.79,,0.294,68.60%,11.40%,1.05
Noe Ramirez,Angels,29,,6,58.2,,4.3,1.26,4.08,0.21,4.23,,13.40%,10.59,2.91,3.63,,0.313,76.80%,14.30%,0.94
Andrew Heaney,Angels,28,,15,81.2,,4.3,1.19,4.13,0.17,4.15,,14.10%,11.02,2.76,4,,0.294,75.50%,15.20%,0.76
Ryne Stanek,- - -,27,,27,67,,4.3,1.33,4.41,-0.11,4.9,,14.80%,9.81,4.3,2.28,,0.273,69.30%,12.20%,0.71
Adam Cimber,Indians,28,,0,52.1,,4.3,1.3,4.38,-0.08,4.54,,9.30%,6.02,3.1,1.94,,0.276,70.80%,13.50%,2.57
Andrew Miller,Cardinals,34,,0,46,,4.3,1.35,5.41,-1.11,4.27,,13.20%,11.93,4.89,2.44,,0.281,77.80%,25.60%,1.05
Zach Eflin,Phillies,25,,24,140,,4.31,1.34,4.67,-0.36,4.71,,9.10%,7.2,2.38,3.03,,0.299,72.80%,15.00%,1.24
Luis Garcia,Angels,32,,2,56.1,,4.31,1.53,5.98,-1.67,5.09,,12.50%,8.15,4.95,1.65,,0.279,80.30%,22.60%,1.49
Jalen Beeks,Rays,25,,3,100,,4.32,1.47,4.46,-0.14,4.85,,9.80%,7.47,3.33,2.24,,0.326,74.50%,12.20%,1.4
Raisel Iglesias,Reds,29,,0,60.1,,4.33,1.29,4.08,0.25,3.82,,15.70%,11.93,3.13,3.81,,0.326,79.00%,17.20%,0.69
Zack Wheeler,Mets,29,,27,166.1,,4.33,1.31,3.68,0.65,4.11,,10.10%,8.82,2.54,3.47,,0.313,69.60%,12.00%,1.31
Ryan Weber,Red Sox,28,,3,35.1,,4.33,1.27,3.81,0.52,4.62,,5.90%,6.11,1.78,3.43,,0.302,68.50%,8.80%,1.74
Tony Watson,Giants,34,,0,54,,4.33,1.28,4.81,-0.47,4.89,,12.80%,6.83,2,3.42,,0.293,78.20%,14.80%,1.23
Marco Gonzales,Mariners,27,,30,175,,4.37,1.37,4.18,0.19,5.16,,7.80%,6.58,2.52,2.61,,0.307,66.50%,9.20%,1.06
Wilmer Font,- - -,29,,13,72,,4.38,1.31,4.33,0.05,4.56,,11.60%,10,3.13,3.2,,0.308,77.30%,13.80%,0.84
Jordan Lyles,- - -,28,,25,125.1,,4.38,1.35,4.69,-0.31,4.68,,9.50%,9.12,3.59,2.54,,0.29,74.00%,15.40%,0.98
Jake McGee,Rockies,32,,0,39,,4.38,1.41,5.83,-1.44,5.35,,8.20%,7.38,2.31,3.2,,0.304,76.70%,17.90%,0.77
Miguel Castro,Orioles,24,,0,67.2,,4.39,1.42,4.82,-0.44,4.92,,11.60%,8.11,5.05,1.61,,0.265,71.90%,14.50%,1.6
Chris Sale,Red Sox,30,,25,147.1,,4.4,1.09,3.39,1.01,2.93,,14.20%,13.32,2.26,5.89,,0.309,66.70%,19.50%,1.19
Matt Magill,- - -,29,,0,45,,4.4,1.42,3.81,0.59,4.07,,13.80%,11.4,3.8,3,,0.322,62.50%,13.30%,1.02
Tyler Olson,Indians,29,,0,30.2,,4.4,1.63,4.42,-0.02,5.29,,10.70%,8.22,4.7,1.75,,0.341,77.40%,9.10%,1.27
Eric Lauer,Padres,24,,26,136.2,,4.41,1.38,4.27,0.14,4.7,,7.80%,7.84,2.7,2.9,,0.316,72.60%,12.30%,1.13
Jared Hughes,- - -,33,,0,59,,4.42,1.24,5.52,-1.1,4.34,,8.90%,6.25,3.51,1.78,,0.236,68.80%,29.70%,2.81
Austin Pruitt,Rays,29,,2,42.2,,4.43,1.24,4.32,0.11,3.77,,11.90%,7.8,2.11,3.7,,0.3,74.10%,20.60%,1.88
Wander Suero,Nationals,27,,0,65,,4.43,1.22,3.04,1.39,3.73,,13.70%,10.25,2.91,3.52,,0.325,66.70%,9.10%,1.24
Adam Plutko,Indians,27,,16,93.1,,4.44,1.21,5.36,-0.92,5.51,,8.50%,6.08,1.83,3.32,,0.263,77.30%,14.50%,0.7
Trevor Gott,Giants,26,,0,52.2,,4.44,1.1,3.12,1.32,4.06,,10.80%,9.74,2.91,3.35,,0.276,62.50%,7.80%,1.16
Dillon Peters,Angels,26,,8,56.2,,4.45,1.43,5.3,-0.85,5.06,,9.20%,7.46,2.86,2.61,,0.306,72.20%,16.90%,1.14
Blaine Hardy,Tigers,32,,0,44.1,,4.47,1.15,5.72,-1.25,4.99,,10.20%,5.89,2.64,2.23,,0.215,73.00%,20.40%,1.35
Joe Kelly,Dodgers,31,,0,48.1,,4.47,1.39,3.86,0.61,3.23,,10.00%,10.8,3.91,2.76,,0.32,66.00%,25.00%,3.25
Colten Brewer,Red Sox,26,,0,50,,4.5,1.78,5.07,-0.57,5.23,,10.70%,8.1,5.94,1.36,,0.333,78.70%,14.00%,1.74
Jon Lester,Cubs,35,,28,155.2,,4.51,1.46,4.34,0.16,4.32,,9.10%,8.9,2.78,3.21,,0.338,71.70%,15.50%,1.25
Masahiro Tanaka,Yankees,30,,29,167,,4.53,1.25,4.36,0.17,4.32,,10.50%,7.28,2.1,3.46,,0.291,70.50%,15.60%,1.49
Greg Holland,Diamondbacks,33,,0,35.2,,4.54,1.37,4.76,-0.21,4.78,,12.00%,10.35,6.06,1.71,,0.244,73.80%,15.20%,1.18
Jacob Waguespack,Blue Jays,25,,10,63.1,,4.55,1.31,4.87,-0.32,5.22,,9.20%,6.82,3.27,2.09,,0.27,67.60%,12.90%,1.2
Joshua James,Astros,26,,1,55.1,,4.55,1.3,4.03,0.53,3.75,,16.40%,14.64,5.37,2.73,,0.294,72.10%,17.60%,0.78
Sam Gaviglio,Blue Jays,29,,0,88.2,,4.57,1.09,4.62,-0.06,4.24,,11.70%,8.22,1.83,4.5,,0.257,71.20%,18.10%,1.28
Colin Poche,Rays,25,,0,43.1,,4.57,0.95,3.95,0.62,4.08,,18.50%,13.08,2.91,4.5,,0.232,68.10%,14.50%,0.31
Matthew Boyd,Tigers,28,,29,171.1,,4.57,1.19,4.21,0.36,3.71,,14.10%,11.82,2.26,5.23,,0.306,75.50%,18.80%,0.79
Chase Anderson,Brewers,31,,23,120,,4.58,1.31,4.93,-0.36,5.18,,11.10%,8.25,3.23,2.56,,0.278,75.20%,13.80%,0.84
Felix Pena,Angels,29,,7,96.1,,4.58,1.18,4.52,0.06,4.28,,12.70%,9.44,3.18,2.97,,0.256,65.60%,17.20%,1.2
Kyle Gibson,Twins,31,,27,149.1,,4.58,1.35,4.04,0.54,3.76,,13.30%,8.8,2.71,3.24,,0.32,67.40%,18.30%,2.08
Griffin Canning,Angels,23,,17,90.1,,4.58,1.22,4.37,0.22,4.75,,13.80%,9.56,2.99,3.2,,0.28,73.20%,12.80%,0.84
Blake Parker,- - -,34,,0,53,,4.58,1.26,4.99,-0.4,4.49,,11.20%,9.17,3.57,2.57,,0.267,75.00%,19.20%,1.08
Andrew Cashner,- - -,32,,23,139.1,,4.59,1.33,4.81,-0.22,5.09,,9.30%,6.33,3.42,1.85,,0.272,69.00%,13.20%,1.5
Chad Green,Yankees,28,,13,60.2,,4.6,1.32,3.77,0.82,3.86,,13.30%,12.02,2.52,4.76,,0.351,73.20%,14.70%,0.85
Scott Barlow,Royals,26,,0,60.2,,4.6,1.47,3.61,0.99,4.19,,14.20%,12.02,4.9,2.45,,0.342,73.00%,10.50%,0.96
Trevor Bauer,- - -,28,,31,191.2,,4.6,1.3,4.36,0.24,4.39,,12.00%,10.71,3.66,2.92,,0.297,69.60%,15.10%,0.94
Caleb Ferguson,Dodgers,22,,1,39,,4.62,1.46,4.96,-0.34,4.74,,9.30%,10.85,5.08,2.14,,0.299,75.10%,17.10%,1.06
Joakim Soria,Athletics,35,,1,64,,4.64,1.09,3.75,0.9,3.88,,13.00%,10.27,2.67,3.84,,0.266,65.70%,14.30%,1.02
Mike Leake,- - -,31,,29,178.1,,4.64,1.31,5.1,-0.46,4.69,,7.80%,5.8,1.21,4.79,,0.301,71.00%,18.20%,1.46
Jake Arrieta,Phillies,33,,24,135.2,,4.64,1.47,4.89,-0.24,4.46,,7.20%,7.3,3.38,2.16,,0.316,73.80%,19.40%,2
Robert Gsellman,Mets,25,,0,63.2,,4.66,1.37,4.13,0.54,4.67,,11.00%,8.48,3.25,2.61,,0.315,68.50%,11.10%,1.3
Joe Musgrove,Pirates,26,,28,154.1,,4.67,1.24,4.08,0.59,4.49,,11.50%,7.93,2.04,3.89,,0.298,63.90%,12.40%,1.2
Spencer Turnbull,Tigers,26,,26,127,,4.68,1.47,4.32,0.36,4.93,,10.40%,8.36,3.9,2.15,,0.325,68.90%,10.50%,1.45
Merrill Kelly,Diamondbacks,30,,29,163.1,,4.68,1.35,4.72,-0.04,4.67,,9.80%,7.55,2.76,2.74,,0.295,72.40%,15.60%,1.17
Ivan Nova,White Sox,32,,29,167,,4.69,1.44,5.04,-0.35,4.99,,8.50%,5.28,2.26,2.33,,0.315,72.30%,15.70%,1.51
Collin McHugh,Astros,32,,8,74.2,,4.7,1.23,4.43,0.27,4.34,,11.30%,9.88,3.62,2.73,,0.263,69.10%,16.00%,1.01
Blake Treinen,Athletics,31,,0,57.1,,4.71,1.57,5.1,-0.39,4.9,,12.50%,8.95,5.34,1.68,,0.301,76.50%,17.00%,1.32
Danny Duffy,Royals,30,,20,112.2,,4.71,1.38,4.94,-0.23,5.17,,10.50%,7.83,3.28,2.39,,0.296,71.60%,13.90%,0.91
Daniel Norris,Tigers,26,,26,135.1,,4.72,1.37,4.83,-0.11,4.71,,9.90%,7.71,2.53,3.05,,0.311,74.80%,16.10%,1.12
Jefry Rodriguez,Indians,25,,8,43.2,,4.74,1.47,4.54,0.2,4.97,,8.20%,6.6,3.92,1.68,,0.299,68.40%,11.90%,1.62
Pablo Lopez,Marlins,23,,17,91,,4.75,1.16,3.99,0.75,4.1,,10.70%,8.21,1.88,4.37,,0.294,66.90%,14.50%,1.47
Martin Perez,Twins,28,,25,147.2,,4.75,1.46,4.64,0.12,4.67,,10.00%,7.37,3.72,1.98,,0.303,68.60%,15.00%,1.7
German Marquez,Rockies,24,,28,174,,4.76,1.2,4.06,0.7,3.54,,12.70%,9.05,1.81,5,,0.304,68.10%,20.10%,1.69
Mike Montgomery,- - -,29,,10,77.1,,4.77,1.56,5.12,-0.34,4.28,,9.70%,7.1,2.91,2.44,,0.353,75.00%,23.70%,2.02
Joe Jimenez,Tigers,24,,0,52.2,,4.78,1.37,4.98,-0.2,4.36,,14.40%,12.3,3.93,3.13,,0.308,74.30%,19.40%,0.63
Matt Strahm,Padres,27,,16,107,,4.79,1.25,4.56,0.23,4.39,,10.80%,9.08,1.85,4.91,,0.305,74.40%,16.40%,0.89
Javy Guerra,- - -,33,,0,60,,4.8,1.27,4.38,0.42,5.28,,8.60%,7.35,2.4,3.06,,0.282,68.30%,10.50%,0.77
Jose Alvarado,Rays,24,,1,30,,4.8,1.87,4.18,0.62,4.84,,12.30%,11.7,8.1,1.44,,0.346,71.40%,8.70%,1.61
Jesse Chavez,Rangers,35,,9,78,,4.85,1.33,4.41,0.44,4.47,,6.40%,8.31,2.54,3.27,,0.31,66.20%,14.80%,1.21
Daniel Mengden,Athletics,26,,9,55.2,,4.85,1.42,4.49,0.36,5.7,,6.00%,6.63,4.04,1.64,,0.279,69.40%,8.20%,0.86
Jose Urena,Marlins,27,,13,77.2,,4.87,1.45,4.69,0.17,4.72,,8.80%,6.14,2.78,2.21,,0.317,69.30%,15.10%,1.75
Homer Bailey,- - -,33,,28,146,,4.87,1.35,4.38,0.49,4.5,,10.30%,8.08,3.02,2.67,,0.3,70.50%,14.40%,1.35
Jordan Yamamoto,Marlins,23,,13,68.1,,4.87,1.13,4.82,0.05,5,,8.90%,9.09,3.95,2.3,,0.216,63.10%,14.10%,0.81
Yoshihisa Hirano,Diamondbacks,35,,0,46,,4.89,1.5,3.89,1,4.42,,13.60%,10.37,4.11,2.52,,0.341,67.70%,11.10%,1.27
Derek Law,Blue Jays,28,,4,53.1,,4.89,1.61,5.05,-0.16,4.74,,11.10%,10.13,6.08,1.67,,0.3,74.20%,18.20%,1.68
Matt Andriese,Diamondbacks,29,,0,60.2,,4.9,1.42,3.76,1.14,3.93,,10.10%,10.09,3.56,2.83,,0.331,70.30%,13.70%,1.63
Juan Nicasio,Phillies,32,,0,45.2,,4.93,1.64,3.91,1.01,4.35,,9.00%,8.47,3.94,2.15,,0.362,70.00%,11.10%,1.83
Lucas Sims,Reds,25,,3,34.2,,4.93,1.15,4.4,0.54,4.24,,15.60%,12.72,3.63,3.5,,0.271,71.40%,16.30%,0.4
CC Sabathia,Yankees,38,,20,100.1,,4.93,1.4,5.96,-1.03,4.91,,11.10%,8.61,3.23,2.67,,0.282,78.90%,22.00%,0.95
Dario Agrazal,Pirates,24,,11,58.1,,4.94,1.42,6.21,-1.28,6.37,,5.50%,4.32,2.47,1.75,,0.284,77.10%,14.50%,0.94
Tyler Mahle,Reds,24,,21,113,,4.94,1.28,4.37,0.56,3.9,,9.30%,9.08,2.23,4.07,,0.31,66.40%,19.20%,1.45
Jakob Junis,Royals,26,,29,167.2,,4.94,1.38,4.68,0.26,4.58,,10.00%,8.32,2.84,2.92,,0.313,71.20%,16.10%,1.28
Vince Velasquez,Phillies,27,,20,103.2,,4.95,1.39,5.43,-0.48,4.9,,11.40%,9.81,3.56,2.76,,0.295,78.40%,18.60%,0.74
Brandon Brennan,Mariners,27,,0,40,,4.95,1.3,4.46,0.49,4.23,,14.10%,8.78,4.73,1.86,,0.248,64.40%,17.90%,2.18
Kyle Crick,Pirates,26,,0,49,,4.96,1.55,5.95,-0.99,5.33,,12.40%,11.2,6.43,1.74,,0.274,76.80%,20.00%,1.04
Tim Mayza,Blue Jays,27,,0,50.2,,4.97,1.4,4.69,0.28,4.06,,14.40%,9.77,4.62,2.12,,0.276,70.70%,22.20%,2.03
Tommy Milone,Mariners,32,,6,97.2,,4.98,1.17,5.21,-0.23,4.72,,10.10%,7.83,1.84,4.25,,0.262,71.60%,18.30%,0.87
Michael Wacha,Cardinals,27,,20,112,,4.98,1.55,5.79,-0.81,4.83,,9.40%,7.71,4.02,1.92,,0.306,78.00%,22.90%,1.47
Mike Foltynewicz,Braves,27,,18,99,,5,1.34,5.28,-0.28,4.9,,10.80%,8,3.09,2.59,,0.279,70.10%,17.80%,0.9
Josh Osich,White Sox,30,,0,59.1,,5.01,1.15,5.24,-0.23,4.32,,12.90%,7.89,2.12,3.71,,0.255,66.10%,21.90%,1.11
Jeremy Jeffress,Brewers,31,,0,52,,5.02,1.37,3.96,1.06,4.4,,9.50%,7.96,2.94,2.71,,0.322,63.80%,11.40%,1.7
Brendan McKay,Rays,23,,9,39.1,,5.03,1.37,4.33,0.7,4.07,,11.70%,10.98,2.75,4,,0.33,65.40%,17.00%,0.83
Trey Wingenter,Padres,25,,1,46.1,,5.05,1.23,3.69,1.36,4.13,,15.20%,12.63,5.05,2.5,,0.268,64.20%,11.60%,0.81
Paul Fry,Orioles,26,,0,51.2,,5.05,1.41,4.41,0.64,4.35,,9.90%,8.36,4.35,1.92,,0.299,62.50%,16.10%,2.77
Dylan Bundy,Orioles,26,,27,144,,5.06,1.36,4.92,0.15,4.54,,12.70%,8.88,3.06,2.9,,0.299,70.00%,17.90%,1.12
T.J. McFarland,Diamondbacks,30,,0,53.1,,5.06,1.65,4.49,0.57,4.26,,10.10%,5.91,3.21,1.84,,0.354,67.00%,18.20%,3.33
Brett Martin,Rangers,24,,2,55,,5.07,1.44,3.61,1.46,3.64,,13.00%,8.51,2.29,3.71,,0.343,67.50%,15.00%,2.43
Kevin McCarthy,Royals,27,,0,49.2,,5.07,1.61,4.1,0.97,4.76,,9.90%,5.26,3.44,1.53,,0.333,68.10%,8.30%,2.81
Dereck Rodriguez,Giants,27,,15,92,,5.09,1.39,5.55,-0.46,5.19,,8.40%,6.07,3.23,1.88,,0.268,63.00%,17.80%,1.3
J.A. Happ,Yankees,36,,28,146.1,,5.1,1.3,5.39,-0.28,4.84,,10.00%,7.63,2.77,2.76,,0.276,74.60%,18.90%,1.06
Matt Albers,Brewers,36,,0,56.1,,5.11,1.35,4.33,0.78,4.5,,9.40%,8.63,4.47,1.93,,0.276,66.60%,13.60%,1.84
Cal Quantrill,Padres,24,,16,95,,5.12,1.29,4.33,0.79,4.59,,10.20%,7.58,2.37,3.2,,0.294,65.80%,13.50%,1.24
Nestor Cortes,Yankees,24,,0,59.2,,5.13,1.41,5.23,-0.1,4.99,,10.70%,9.35,3.62,2.58,,0.296,76.40%,16.70%,0.74
Chris Devenski,Astros,28,,1,61,,5.16,1.38,4.67,0.49,4.73,,13.40%,10.03,2.95,3.4,,0.315,71.20%,15.00%,0.7
Luke Bard,Angels,28,,3,38.1,,5.17,1.33,5.04,0.12,5.76,,11.60%,6.57,2.82,2.33,,0.289,68.70%,11.30%,0.75
Reynaldo Lopez,White Sox,25,,29,162,,5.17,1.43,4.8,0.37,5.34,,11.10%,8.28,3.33,2.48,,0.309,68.10%,12.30%,0.76
Matt Wisler,- - -,26,,8,48.2,,5.18,1.38,3.81,1.37,3.8,,15.30%,11.1,2.77,4,,0.344,66.30%,15.40%,0.92
Jace Fry,White Sox,25,,0,48.2,,5.18,1.58,5.06,0.11,4.42,,14.00%,10.91,6.66,1.64,,0.288,68.40%,23.30%,2.27
Chris Archer,Pirates,30,,23,119.2,,5.19,1.41,5.02,0.17,4.37,,12.90%,10.75,4.14,2.6,,0.298,72.50%,20.20%,0.92
Carlos Rodon,White Sox,26,,7,34.2,,5.19,1.44,3.62,1.57,4.13,,12.10%,11.94,4.41,2.71,,0.322,63.90%,11.40%,1.14
Jose Ruiz,White Sox,24,,0,36.1,,5.2,1.82,5.5,-0.3,6.04,,10.40%,7.93,5.45,1.45,,0.342,75.10%,12.20%,0.76
Trevor Williams,Pirates,27,,23,131.1,,5.21,1.41,4.72,0.49,5.13,,10.50%,6.99,2.54,2.76,,0.312,67.50%,12.80%,0.96
Shaun Anderson,Giants,24,,16,89.2,,5.22,1.54,4.9,0.32,4.94,,9.00%,6.32,3.41,1.85,,0.318,69.80%,14.90%,1.38
Trent Thornton,Blue Jays,25,,28,134.1,,5.23,1.5,4.89,0.34,5.11,,9.60%,8.51,3.68,2.31,,0.317,71.50%,13.90%,0.77
Elieser Hernandez,Marlins,24,,13,72.1,,5.23,1.3,5.9,-0.67,5.36,,10.90%,8.83,3.11,2.84,,0.266,74.60%,18.40%,0.72
Jake Diekman,- - -,32,,0,56.2,,5.24,1.41,3.69,1.55,4.16,,16.10%,11.91,5.4,2.21,,0.314,64.90%,9.10%,2.06
Yusei Kikuchi,Mariners,28,,29,149.1,,5.24,1.47,5.77,-0.52,5.11,,8.70%,6.63,2.89,2.29,,0.297,71.40%,19.70%,1.28
Drew Pomeranz,- - -,30,,18,94.1,,5.25,1.53,5.02,0.23,4.29,,10.30%,11.16,4.2,2.66,,0.339,75.80%,20.80%,1.01
Victor Alcantara,Tigers,26,,0,39,,5.31,1.46,5.83,-0.52,5.31,,10.00%,5.08,3,1.69,,0.29,70.50%,19.00%,1.67
Clay Buchholz,Blue Jays,34,,8,42.1,,5.31,1.32,5.15,0.16,5.21,,8.70%,4.46,2.34,1.91,,0.286,64.90%,14.90%,1.36
Tyler Beede,Giants,26,,19,101.1,,5.33,1.58,5.31,0.02,4.88,,11.00%,8.53,3.82,2.23,,0.323,73.70%,18.30%,1.26
Lou Trivino,Athletics,27,,0,59,,5.34,1.53,4.54,0.8,5.29,,12.60%,8.54,4.58,1.87,,0.315,63.70%,10.30%,1.12
Nick Vincent,- - -,32,,1,33.2,,5.35,1.49,5.59,-0.24,4.69,,11.10%,8.82,2.67,3.3,,0.323,77.10%,21.60%,1.08
Drew VerHagen,Tigers,28,,4,48.1,,5.4,1.57,4.66,0.74,4.63,,10.10%,8.38,3.72,2.25,,0.353,69.40%,15.60%,1.64
Ariel Jurado,Rangers,23,,17,116.2,,5.4,1.46,5.08,0.32,4.94,,7.10%,6.02,2.62,2.29,,0.309,61.60%,16.40%,1.46
Pedro Strop,Cubs,34,,0,35,,5.4,1.34,4.84,0.56,4.58,,13.70%,9.51,4.37,2.18,,0.284,66.70%,17.90%,1.75
Justin Anderson,Angels,26,,0,41.2,,5.4,1.51,4.49,0.91,4.62,,12.00%,12.1,6.05,2,,0.29,66.60%,14.30%,0.86
Bryan Shaw,Rockies,31,,0,68,,5.43,1.34,4.98,0.45,4.72,,10.70%,7.28,3.44,2.12,,0.276,66.20%,17.50%,1.59
Shawn Armstrong,- - -,28,,0,49.2,,5.44,1.55,4.52,0.91,5.26,,12.60%,9.97,4.53,2.2,,0.324,69.80%,10.90%,0.73
Taylor Clarke,Diamondbacks,26,,14,71,,5.45,1.38,6.21,-0.76,5.64,,9.50%,6.85,2.92,2.35,,0.271,71.10%,18.60%,0.91
Carlos Carrasco,Indians,32,,12,69,,5.48,1.36,4.48,1,3.41,,14.60%,11.09,1.43,7.73,,0.363,73.00%,23.00%,1.04
Tyler Alexander,Tigers,24,,5,34.1,,5.5,1.46,3.77,1.74,4.19,,9.10%,8.39,1.31,6.4,,0.364,65.90%,12.50%,1.13
Hector Velazquez,Red Sox,30,,8,50.2,,5.51,1.46,4.81,0.69,5.3,,9.90%,8.35,4.44,1.88,,0.307,62.50%,12.10%,0.95
Robbie Erlin,Padres,28,,1,50.2,,5.51,1.62,3.43,2.08,4.07,,10.10%,8.53,2.31,3.69,,0.388,64.50%,10.20%,1.51
Asher Wojciechowski,Orioles,30,,13,67,,5.51,1.3,5.72,-0.21,5.65,,11.70%,9.13,3.36,2.72,,0.258,74.00%,15.70%,0.57
Nick Pivetta,Phillies,26,,13,91.1,,5.52,1.53,5.58,-0.06,4.63,,10.10%,8.38,3.74,2.24,,0.309,69.00%,23.00%,1.39
Fernando Rodney,- - -,42,,0,39,,5.54,1.59,4.44,1.09,4.36,,10.80%,9.23,4.85,1.9,,0.343,67.30%,16.10%,1.81
Ryan Brasier,Red Sox,31,,0,48.2,,5.55,1.36,4.86,0.69,5.24,,14.90%,9.25,3.33,2.78,,0.291,63.80%,13.20%,0.62
Chris Stratton,- - -,28,,5,71.1,,5.55,1.67,5.02,0.53,4.77,,10.20%,8.2,3.79,2.17,,0.353,71.40%,17.10%,1.2
Wade LeBlanc,Mariners,34,,8,119.1,,5.58,1.43,5.51,0.07,5.06,,9.70%,6.79,2.19,3.1,,0.306,71.50%,17.90%,1.03
Jhoulys Chacin,- - -,31,,20,91.2,,5.6,1.52,5.55,0.05,5.11,,8.00%,8.25,3.93,2.1,,0.302,70.70%,18.30%,1
Derek Holland,- - -,32,,7,80.1,,5.6,1.46,5.94,-0.34,5.05,,11.30%,8.96,4.48,2,,0.274,71.00%,21.60%,1.05
Touki Toussaint,Braves,23,,1,41.2,,5.62,1.68,4.99,0.63,5.63,,11.90%,9.72,5.62,1.73,,0.339,70.00%,10.90%,1.13
Framber Valdez,Astros,25,,8,65.2,,5.62,1.61,5.06,0.56,4.25,,10.70%,8.77,5.48,1.6,,0.308,66.70%,28.10%,3.75
Jerad Eickhoff,Phillies,28,,10,58.1,,5.71,1.3,6.51,-0.8,5.16,,10.90%,7.87,2.78,2.83,,0.256,77.70%,23.10%,0.77
Freddy Peralta,Brewers,23,,8,78.2,,5.72,1.54,4.52,1.2,4.37,,12.40%,11.78,4.12,2.86,,0.345,66.70%,16.30%,0.73
Nathan Eovaldi,Red Sox,29,,8,48.1,,5.77,1.51,5.49,0.28,4.82,,9.10%,9.12,4.47,2.04,,0.307,70.50%,20.40%,1.27
Edwin Diaz,Mets,25,,0,53,,5.77,1.42,4.57,1.2,3.05,,17.80%,15.45,3.4,4.55,,0.39,75.80%,27.50%,0.82
Tayron Guerrero,Marlins,28,,0,42,,5.79,1.64,6.29,-0.5,6.44,,13.50%,8.79,7.29,1.21,,0.257,70.60%,14.30%,1.02
Gabriel Ynoa,Orioles,26,,10,96.1,,5.79,1.37,5.99,-0.19,5.29,,9.00%,5.61,2.15,2.61,,0.274,63.80%,19.50%,1.29
Adrian Sampson,Rangers,27,,15,118,,5.8,1.54,5.67,0.12,5.33,,9.40%,7.25,2.59,2.79,,0.331,72.50%,17.30%,1.02
Wily Peralta,Royals,30,,0,40.1,,5.8,1.59,5.84,-0.04,5.76,,8.50%,5.36,4.24,1.26,,0.306,67.60%,15.90%,1.34
Corey Kluber,Indians,33,,7,35.2,,5.8,1.65,4.06,1.75,4.89,,12.30%,9.59,3.79,2.53,,0.37,63.80%,9.80%,1.07
Alex Wood,Reds,28,,7,35.2,,5.8,1.4,6.38,-0.58,4.44,,10.80%,7.57,2.27,3.33,,0.294,73.00%,29.70%,1.14
Dominic Leone,Cardinals,27,,0,35.2,,5.8,1.46,5.18,0.63,4.55,,13.90%,10.35,4.04,2.56,,0.304,63.70%,19.50%,0.88
Gregory Soto,Tigers,24,,7,51,,5.82,1.8,5.39,0.43,5.65,,8.00%,6.53,4.76,1.37,,0.333,70.50%,13.60%,1.46
Rick Porcello,Red Sox,30,,29,157.1,,5.83,1.45,5.04,0.79,5.41,,7.80%,7.04,2.52,2.8,,0.307,64.70%,13.30%,0.87
Kevin Gausman,- - -,28,,16,94,,5.84,1.44,4.03,1.81,4.13,,14.70%,10.05,2.87,3.5,,0.345,61.50%,14.60%,1.07
Brad Brach,- - -,33,,0,49,,5.88,1.65,3.62,2.26,4.57,,12.30%,10.29,5.51,1.87,,0.372,64.30%,7.00%,1.23
Aaron Sanchez,- - -,26,,27,131.1,,5.89,1.62,5.25,0.65,5.15,,8.90%,7.88,4.66,1.69,,0.32,67.40%,16.10%,1.55
Clay Holmes,Pirates,26,,0,42.1,,5.95,1.72,4.84,1.11,4.93,,10.00%,10.63,7.02,1.52,,0.313,64.00%,14.30%,2.46
Clayton Richard,Blue Jays,35,,10,45.1,,5.96,1.57,6.28,-0.32,5.32,,6.20%,4.37,3.57,1.22,,0.297,67.30%,24.30%,2.35
Glenn Sparkman,Royals,27,,19,117.2,,5.97,1.5,6.06,-0.1,5.82,,7.60%,5.2,2.6,2,,0.296,69.40%,16.70%,0.94
Zack Godley,- - -,29,,9,92,,5.97,1.5,5.2,0.76,5.43,,10.10%,6.85,4.11,1.67,,0.297,65.60%,13.70%,1.21
Wandy Peralta,- - -,27,,0,34.1,,6.03,1.51,6.91,-0.88,5.04,,14.60%,7.08,3.93,1.8,,0.273,77.50%,30.30%,1.52
Chad Bettis,Rockies,30,,3,63.2,,6.08,1.55,5.16,0.92,4.5,,9.40%,5.94,2.97,2,,0.325,63.30%,22.70%,3
Tyson Ross,Tigers,32,,7,35.1,,6.11,1.67,5.99,0.13,5.16,,7.10%,6.37,4.58,1.39,,0.306,63.80%,22.60%,1.94
Jaime Barria,Angels,22,,10,70.1,,6.14,1.42,5.69,0.45,5.11,,9.90%,8.45,2.94,2.87,,0.294,67.30%,18.60%,0.77
Joe Ross,Nationals,26,,7,54,,6.17,1.74,4.83,1.34,5.41,,10.00%,7.5,4.83,1.55,,0.349,65.90%,10.90%,1.42
Jeurys Familia,Mets,29,,0,51,,6.18,1.8,5.1,1.08,5.21,,10.50%,10.06,7.24,1.39,,0.346,68.10%,14.30%,1.57
Drew Smyly,- - -,30,,18,101.2,,6.2,1.6,6.44,-0.24,5.36,,10.50%,9.21,4.51,2.04,,0.302,74.00%,21.60%,0.74
Aaron Brooks,- - -,29,,17,95.2,,6.21,1.45,5.68,0.53,5.28,,8.60%,7.24,2.73,2.66,,0.306,66.90%,17.80%,1.14
Jeremy Hellickson,Nationals,32,,8,39,,6.23,1.72,6.29,-0.06,6,,6.10%,6.92,4.62,1.5,,0.309,66.80%,17.00%,0.96
Jorge Lopez,Royals,26,,14,104,,6.23,1.46,5.21,1.02,4.5,,9.30%,8.65,3.29,2.63,,0.316,62.50%,21.00%,1.46
Jordan Zimmermann,Tigers,33,,20,99,,6.27,1.43,4.76,1.51,4.99,,8.30%,6.45,2.09,3.09,,0.321,62.10%,13.80%,1.15
Trevor Cahill,Angels,31,,11,94.2,,6.27,1.47,6.24,0.04,5.13,,9.70%,6.94,3.33,2.09,,0.283,67.90%,23.10%,1.37
Richard Bleier,Orioles,32,,0,43,,6.28,1.49,4.35,1.93,4.32,,8.30%,4.81,1.47,3.29,,0.335,60.00%,15.60%,2.91
Jonathan Holder,Yankees,26,,1,41.1,,6.31,1.31,4.45,1.87,4.44,,11.80%,10.02,2.4,4.18,,0.307,53.60%,15.40%,0.88
Thomas Pannone,Blue Jays,25,,6,66.2,,6.35,1.38,5.3,1.05,5.51,,10.00%,8.51,3.78,2.25,,0.274,61.70%,14.10%,0.7
Matt Grace,Nationals,30,,1,46.2,,6.36,1.52,5.55,0.81,4.36,,8.50%,6.75,1.93,3.5,,0.338,67.70%,25.00%,1.73
Brian Johnson,Red Sox,28,,7,33.2,,6.42,1.9,5.47,0.94,6.11,,8.10%,6.68,4.28,1.56,,0.368,68.40%,12.00%,1
Nick Margevicius,Padres,23,,12,56,,6.43,1.55,5.61,0.82,4.88,,9.70%,6.59,2.73,2.41,,0.319,64.20%,20.70%,1.43
Jose Suarez,Angels,21,,13,68.1,,6.45,1.62,6.52,-0.07,5.44,,10.80%,7.9,3.56,2.22,,0.323,71.90%,21.80%,0.92
Edgar Garcia,Phillies,22,,0,32,,6.47,1.72,7.12,-0.65,5.67,,11.50%,9.56,5.91,1.62,,0.304,78.10%,23.80%,0.74
Tom Eshelman,Orioles,25,,4,36,,6.5,1.61,7.33,-0.83,5.92,,6.70%,5.5,2.75,2,,0.297,66.40%,22.60%,0.77
Erik Swanson,Mariners,25,,8,51,,6.53,1.29,6.45,0.08,4.73,,9.40%,8.12,1.94,4.18,,0.26,60.20%,25.40%,0.9
Dylan Cease,White Sox,23,,12,62,,6.53,1.61,5.5,1.03,4.59,,10.70%,9.87,4.35,2.27,,0.335,64.30%,22.20%,1.3
Taylor Cole,Angels,29,,6,45.1,,6.55,1.65,3.39,3.16,4.09,,12.40%,8.93,4.37,2.05,,0.378,58.00%,6.90%,2.28
Phil Maton,- - -,26,,0,33.2,,6.68,1.46,5.35,1.33,4.54,,11.20%,7.75,2.94,2.64,,0.298,58.30%,21.90%,1.53
Adam Conley,Marlins,29,,0,55.2,,6.79,1.72,5.15,1.64,5.29,,10.40%,8.08,3.88,2.08,,0.363,66.70%,14.50%,0.94
Ross Detwiler,White Sox,33,,9,54.1,,6.79,1.67,6.95,-0.16,5.21,,6.80%,6.63,3.64,1.82,,0.312,69.80%,28.10%,1.79
Kelvin Herrera,White Sox,29,,0,43.2,,6.8,1.83,4.75,2.05,5.2,,10.80%,8.24,4.53,1.82,,0.371,64.70%,12.20%,1.12
Jimmy Yacabonis,Orioles,27,,4,41,,6.8,1.83,6.36,0.44,6.27,,8.80%,7.24,5.27,1.38,,0.336,69.90%,15.80%,0.84
Peter Lambert,Rockies,22,,17,81.1,,6.86,1.72,5.93,0.93,5.15,,6.70%,5.98,3.54,1.69,,0.333,66.60%,21.50%,1.7
Felix Hernandez,Mariners,33,,12,54.1,,6.96,1.56,6.16,0.8,5.15,,8.90%,7.79,2.98,2.61,,0.323,58.80%,21.90%,1.28
Wei-Yin Chen,Marlins,33,,0,62,,6.97,1.53,5.44,1.53,4.98,,9.40%,7.98,2.47,3.24,,0.342,63.40%,18.20%,0.95
Kyle Freeland,Rockies,26,,20,99.1,,6.98,1.59,6.12,0.85,5.04,,9.60%,7.07,3.44,2.05,,0.306,60.80%,22.90%,1.42
Wade Davis,Rockies,33,,0,42.1,,7.02,1.72,5.29,1.72,5.49,,11.20%,8.93,5.53,1.62,,0.331,62.30%,14.00%,1.02
Jeff Hoffman,Rockies,26,,11,51,,7.06,1.65,6.27,0.79,5.03,,10.00%,9.53,3.71,2.57,,0.34,70.80%,22.70%,0.8
Branden Kline,Orioles,27,,0,34.1,,7.08,1.54,6.04,1.04,4.78,,10.30%,8.13,3.41,2.38,,0.307,62.80%,24.30%,1.08
Matt Harvey,Angels,30,,12,59.2,,7.09,1.54,6.35,0.74,5.45,,9.10%,5.88,4.37,1.34,,0.275,61.20%,22.40%,1.43
Cole Irvin,Phillies,25,,3,32.2,,7.16,1.56,5.69,1.47,5.47,,10.00%,7.16,3.03,2.36,,0.327,61.10%,16.70%,0.81
Antonio Senzatela,Rockies,24,,21,102.2,,7.19,1.79,5.52,1.67,5.27,,6.50%,5,4.3,1.16,,0.334,59.60%,17.60%,2.32
Nick Kingham,- - -,27,,4,55.2,,7.28,1.85,5.48,1.8,5.34,,8.50%,7.44,4.04,1.84,,0.379,66.20%,16.20%,1.1
Chi Chi Gonzalez,Rockies,27,,9,42,,7.29,1.69,6.76,0.52,6.06,,6.80%,4.93,5.36,0.92,,0.272,64.00%,20.50%,1.45
David Hess,Orioles,25,,14,77,,7.36,1.58,7.36,0.01,5.65,,8.60%,7.71,3.27,2.36,,0.287,60.90%,23.90%,0.7
Manny Banuelos,White Sox,28,,8,46.2,,7.52,1.93,6.88,0.64,6.05,,9.40%,8.1,6.17,1.31,,0.346,70.10%,20.30%,0.81
Dylan Covey,White Sox,27,,11,55,,7.69,1.69,6.16,1.53,5.6,,7.40%,6.38,4.09,1.56,,0.308,59.30%,19.00%,1.21
David Hernandez,Reds,34,,0,42.2,,8.02,1.71,4.34,3.68,4.54,,14.90%,11.18,4.22,2.65,,0.393,54.50%,14.00%,0.68
Mitch Keller,Pirates,23,,8,33,,8.18,1.88,3.7,4.48,3.9,,12.30%,12,3.27,3.67,,0.469,53.60%,13.90%,0.97
Shelby Miller,Rangers,28,,8,44,,8.59,1.98,6.4,2.19,6.79,,7.50%,6.14,5.93,1.03,,0.333,55.80%,13.10%,1.07
Corbin Burnes,Brewers,24,,4,46,,9,1.87,6.13,2.87,3.38,,17.50%,13.11,3.91,3.35,,0.417,56.60%,39.00%,1.44
Edwin Jackson,- - -,35,,11,57,,9.16,1.98,7.32,1.84,5.83,,9.70%,6.63,4.11,1.62,,0.361,53.50%,24.00%,1.2
Ryan Carpenter,Tigers,28,,9,40.2,,9.3,1.82,6.93,2.37,6.13,,7.30%,5.53,2.88,1.92,,0.338,50.70%,19.40%,0.89
Dan Straily,Orioles,30,,8,47.2,,9.82,1.99,9.34,0.48,7.14,,7.80%,6.23,4.15,1.5,,0.325,66.50%,24.20%,0.55
