Name,Team,Age,,Off,Def,WAR,,G,PA,,HR,R,RBI,SB,,BB%,K%,ISO,BABIP,HR/FB,,AVG,OBP,SLG,OPS,wRC+,,Contact%,Soft%,Med%,Hard%
Christian Yelich,Brewers,27,,64.7,-4.1,7.7,,129,579,,44,100,97,30,,13.80%,20.20%,0.342,0.355,32.80%,,0.33,0.43,0.672,1.102,173,,73.80%,14.40%,35.00%,50.50%
Mike Trout,Angels,27,,68.2,-0.2,8.6,,134,600,,45,110,104,11,,18.30%,20.00%,0.353,0.298,25.90%,,0.291,0.438,0.645,1.083,179,,82.30%,13.00%,43.20%,43.80%
Yordan Alvarez,Astros,22,,29.8,-7,3.3,,71,308,,24,50,72,0,,13.30%,25.00%,0.357,0.36,33.80%,,0.316,0.409,0.673,1.082,181,,76.30%,10.60%,37.20%,52.10%
Anthony Rendon,Nationals,29,,47.2,4.8,6.8,,128,566,,32,108,114,3,,10.60%,13.30%,0.294,0.341,16.80%,,0.337,0.417,0.63,1.047,162,,88.30%,17.00%,37.70%,45.40%
David Freese,Dodgers,36,,12.7,-2.9,1.5,,70,168,,11,34,29,0,,13.70%,23.20%,0.313,0.351,31.40%,,0.306,0.405,0.618,1.023,165,,71.80%,11.40%,42.90%,45.70%
Cody Bellinger,Dodgers,23,,51.1,3.8,7.2,,140,595,,44,108,105,11,,14.80%,16.10%,0.336,0.299,25.40%,,0.306,0.41,0.642,1.052,165,,77.90%,12.70%,37.40%,49.90%
Alex Bregman,Astros,25,,50.4,2.1,7.2,,139,619,,35,111,103,5,,16.30%,12.30%,0.285,0.288,17.70%,,0.299,0.418,0.584,1.002,166,,87.40%,15.90%,39.90%,44.20%
Nelson Cruz,Twins,38,,31.4,-10.6,3.6,,104,452,,35,67,92,0,,10.00%,25.90%,0.322,0.348,30.70%,,0.305,0.384,0.627,1.011,160,,69.40%,12.10%,36.50%,51.40%
Juan Soto,Nationals,20,,37.8,-6.3,4.9,,131,581,,33,98,101,12,,15.30%,20.00%,0.282,0.326,24.40%,,0.297,0.406,0.579,0.986,149,,78.20%,13.40%,46.70%,40.00%
Mitch Garver,Twins,28,,21.8,3.2,3.5,,82,317,,29,61,62,0,,10.70%,24.90%,0.365,0.276,30.50%,,0.274,0.363,0.639,1.002,157,,77.00%,18.60%,35.20%,46.20%
Nick Solak,Rangers,24,,5,-2.2,0.5,,19,78,,2,13,11,1,,12.80%,21.80%,0.172,0.422,18.20%,,0.328,0.449,0.5,0.949,148,,76.60%,8.50%,63.80%,27.70%
Ketel Marte,Diamondbacks,25,,42.7,7.6,6.8,,136,599,,32,95,91,9,,8.30%,14.00%,0.267,0.34,20.40%,,0.328,0.387,0.595,0.982,149,,83.30%,15.60%,42.30%,42.10%
Aristides Aquino,Reds,25,,9.1,-5.1,0.9,,38,147,,15,23,38,3,,6.80%,24.50%,0.378,0.274,31.90%,,0.281,0.34,0.659,0.999,145,,68.20%,23.20%,39.40%,37.40%
Joey Gallo,Rangers,25,,19.6,4.4,3.3,,70,297,,22,54,49,4,,17.50%,38.40%,0.344,0.368,37.30%,,0.253,0.389,0.598,0.986,145,,59.80%,13.20%,34.90%,51.90%
Fernando Tatis Jr.,Padres,20,,26.8,-1.8,3.6,,84,372,,22,61,53,16,,8.10%,29.60%,0.272,0.41,31.90%,,0.317,0.379,0.59,0.969,148,,67.10%,21.60%,36.60%,41.90%
Freddie Freeman,Braves,29,,36.6,-14.6,4.1,,144,639,,38,110,116,6,,12.20%,18.20%,0.271,0.322,25.00%,,0.301,0.393,0.572,0.965,143,,77.50%,11.90%,40.30%,47.80%
George Springer,Astros,29,,34.1,5.8,5.6,,107,496,,31,84,82,5,,11.90%,20.40%,0.276,0.318,27.00%,,0.295,0.385,0.571,0.957,153,,74.50%,17.00%,37.90%,45.20%
Peter Alonso,Mets,24,,38.8,-10,4.7,,142,613,,47,89,109,1,,10.40%,25.10%,0.329,0.29,30.50%,,0.27,0.369,0.599,0.968,149,,74.00%,14.90%,42.10%,42.90%
Will Smith,Dodgers,24,,8.6,2.8,1.6,,42,146,,13,23,34,1,,8.90%,29.50%,0.364,0.293,28.30%,,0.271,0.342,0.636,0.978,146,,74.40%,13.60%,39.80%,46.60%
J.D. Martinez,Red Sox,31,,27.4,-16.8,3.1,,132,596,,35,90,94,1,,10.70%,20.10%,0.268,0.336,23.60%,,0.306,0.383,0.574,0.957,142,,75.50%,10.60%,43.50%,46.00%
Xander Bogaerts,Red Sox,26,,34.4,7.3,6.2,,139,626,,31,102,105,4,,11.00%,18.20%,0.257,0.333,17.10%,,0.304,0.38,0.562,0.942,141,,79.70%,13.80%,47.30%,38.90%
Keston Hiura,Brewers,22,,16,-5.3,2,,70,295,,16,44,43,9,,7.80%,30.20%,0.271,0.398,23.20%,,0.301,0.369,0.571,0.941,138,,66.20%,15.80%,40.70%,43.50%
Josh Donaldson,Braves,33,,26.7,4.1,4.9,,141,597,,37,90,88,4,,15.60%,24.30%,0.284,0.295,28.90%,,0.262,0.385,0.546,0.932,138,,70.80%,15.90%,35.20%,48.90%
Carlos Santana,Indians,33,,32.5,-9,4.4,,142,620,,33,99,86,4,,16.50%,15.50%,0.25,0.291,20.40%,,0.283,0.402,0.533,0.935,140,,80.70%,16.40%,39.40%,44.20%
Charlie Blackmon,Rockies,32,,14.5,-16.1,1.6,,124,567,,27,102,76,2,,5.80%,16.80%,0.259,0.345,16.70%,,0.318,0.363,0.577,0.94,124,,82.20%,15.90%,44.60%,39.50%
Bryan Reynolds,Pirates,24,,25.5,-7.7,3.3,,121,493,,16,79,66,2,,8.50%,22.30%,0.201,0.404,15.50%,,0.328,0.391,0.529,0.921,139,,75.80%,15.80%,39.40%,44.80%
Giovanny Urshela,Yankees,27,,20.4,-2,3.2,,116,419,,19,67,68,1,,5.00%,17.40%,0.231,0.365,17.80%,,0.332,0.37,0.563,0.933,144,,80.80%,12.80%,42.80%,44.40%
Jeff McNeil,Mets,27,,25.8,-1.6,3.9,,119,504,,18,73,65,4,,6.30%,13.30%,0.199,0.351,14.20%,,0.325,0.393,0.523,0.916,143,,81.20%,11.70%,51.00%,37.30%
Bo Bichette,Blue Jays,21,,7.6,1.3,1.4,,37,170,,10,25,17,3,,5.30%,24.10%,0.28,0.364,25.00%,,0.311,0.347,0.59,0.937,143,,76.10%,15.00%,50.00%,35.00%
Nolan Arenado,Rockies,28,,19.4,9.5,4.7,,141,598,,37,94,108,2,,8.70%,13.50%,0.266,0.302,18.00%,,0.309,0.37,0.575,0.944,122,,80.80%,16.70%,41.70%,41.70%
Willson Contreras,Cubs,27,,17.2,-1.1,2.7,,90,353,,21,49,60,1,,10.20%,24.60%,0.268,0.33,26.60%,,0.284,0.374,0.552,0.926,136,,69.10%,20.80%,40.70%,38.50%
Anthony Rizzo,Cubs,29,,22.7,-4.8,3.5,,134,567,,25,81,87,5,,11.80%,14.30%,0.225,0.295,19.70%,,0.284,0.399,0.508,0.907,136,,81.70%,18.30%,44.40%,37.30%
Mark Canha,Athletics,30,,22.7,-1.5,3.5,,110,430,,23,67,52,2,,14.00%,23.00%,0.249,0.305,21.50%,,0.266,0.393,0.516,0.909,145,,78.80%,19.10%,43.40%,37.50%
Howie Kendrick,Nationals,35,,13.1,-1.3,2.1,,105,319,,14,51,56,2,,7.20%,13.80%,0.222,0.34,17.70%,,0.326,0.376,0.549,0.925,133,,84.30%,13.30%,43.80%,43.00%
Rafael Devers,Red Sox,22,,29.2,3.8,5.3,,140,624,,29,116,107,8,,7.10%,16.50%,0.251,0.34,18.00%,,0.314,0.364,0.564,0.929,136,,78.10%,18.00%,44.40%,37.60%
Jose Altuve,Astros,29,,23.2,-5.4,3.4,,109,486,,26,84,65,5,,8.00%,15.00%,0.248,0.317,23.90%,,0.307,0.365,0.555,0.919,144,,80.50%,18.60%,41.80%,39.60%
Josh Bell,Pirates,26,,23.8,-18.1,2.4,,139,597,,36,93,114,0,,12.20%,19.60%,0.295,0.292,24.30%,,0.279,0.37,0.574,0.944,136,,76.50%,12.70%,41.50%,45.80%
Michael Brantley,Astros,32,,31.9,-5.8,4.5,,134,583,,21,86,85,3,,8.10%,10.50%,0.202,0.333,14.50%,,0.323,0.383,0.525,0.907,142,,90.50%,13.20%,45.80%,40.90%
Mookie Betts,Red Sox,26,,32.9,5.9,6.1,,142,670,,27,128,77,14,,13.90%,14.80%,0.232,0.306,12.90%,,0.29,0.388,0.522,0.91,133,,87.00%,11.40%,45.50%,43.20%
Hunter Dozier,Royals,27,,21.6,-4.5,3.4,,121,513,,25,70,79,2,,10.10%,23.40%,0.26,0.342,16.80%,,0.291,0.365,0.551,0.915,135,,76.40%,13.30%,39.90%,46.80%
Hunter Pence,Rangers,36,,14.8,-7,1.8,,83,316,,18,53,59,6,,8.20%,21.80%,0.255,0.333,23.10%,,0.297,0.358,0.552,0.91,128,,70.30%,14.20%,43.40%,42.50%
Matt Joyce,Braves,34,,7.8,-2.7,1.1,,112,195,,7,26,21,0,,15.40%,20.50%,0.188,0.347,15.20%,,0.291,0.4,0.479,0.879,130,,76.40%,9.60%,49.60%,40.80%
Carlos Correa,Astros,24,,16.3,3,2.9,,72,310,,19,39,56,1,,11.00%,22.60%,0.278,0.303,24.10%,,0.278,0.358,0.556,0.914,140,,77.30%,20.80%,34.70%,44.60%
DJ LeMahieu,Yankees,30,,26.4,3,4.9,,130,586,,24,100,91,4,,7.30%,13.70%,0.194,0.346,19.80%,,0.326,0.376,0.521,0.897,136,,85.60%,14.30%,45.30%,40.40%
Max Muncy,Dodgers,28,,27.9,-1.2,4.3,,129,534,,33,89,87,4,,15.40%,25.10%,0.271,0.283,27.70%,,0.253,0.375,0.525,0.899,135,,73.50%,11.20%,42.30%,46.50%
Kris Bryant,Cubs,27,,27.5,-2,4.3,,134,580,,26,97,64,3,,11.70%,22.60%,0.231,0.33,16.60%,,0.279,0.379,0.51,0.889,131,,74.10%,17.10%,48.90%,34.00%
Trevor Story,Rockies,26,,17.6,14,4.9,,130,585,,30,101,76,20,,7.70%,25.80%,0.252,0.36,18.60%,,0.296,0.356,0.548,0.904,116,,75.70%,13.30%,42.60%,44.10%
Austin Meadows,Rays,24,,24.9,-9.4,3.3,,122,517,,28,69,78,10,,8.10%,23.00%,0.267,0.333,18.70%,,0.288,0.356,0.556,0.911,138,,77.30%,13.50%,42.10%,44.40%
Eugenio Suarez,Reds,27,,15.6,2.1,3.6,,141,586,,44,81,95,3,,9.20%,28.70%,0.298,0.306,30.30%,,0.269,0.346,0.568,0.914,127,,73.50%,14.70%,37.60%,47.70%
Aaron Judge,Yankees,27,,17.4,7.4,3.7,,88,389,,21,60,47,3,,13.90%,30.60%,0.239,0.359,31.80%,,0.272,0.376,0.511,0.887,132,,66.70%,10.30%,36.60%,53.10%
Justin Turner,Dodgers,34,,21.8,-4.7,3.4,,131,538,,27,80,67,2,,9.10%,16.40%,0.223,0.305,17.20%,,0.291,0.37,0.514,0.884,132,,84.50%,12.40%,36.70%,50.90%
Luke Voit,Yankees,28,,14.3,-13.7,1.6,,103,452,,19,61,55,0,,13.70%,28.10%,0.205,0.364,22.10%,,0.276,0.387,0.48,0.867,132,,66.80%,12.90%,48.60%,38.40%
Yuli Gurriel,Astros,35,,23.5,-9.2,3.3,,131,561,,27,78,98,4,,6.20%,10.70%,0.242,0.299,14.60%,,0.304,0.349,0.547,0.896,135,,86.20%,17.80%,43.50%,38.70%
Ronald Acuna Jr.,Braves,21,,27.8,2.7,5,,144,663,,38,116,94,34,,10.30%,25.60%,0.235,0.333,24.70%,,0.28,0.364,0.515,0.879,124,,74.20%,15.00%,40.20%,44.80%
Gleyber Torres,Yankees,22,,21,-0.4,3.9,,132,553,,35,90,84,5,,8.50%,20.60%,0.26,0.305,21.60%,,0.288,0.348,0.547,0.895,131,,75.40%,14.90%,44.60%,40.50%
Matt Olson,Athletics,25,,19.7,-1.9,3.3,,110,473,,29,61,74,0,,9.10%,24.30%,0.264,0.307,22.70%,,0.271,0.355,0.535,0.89,134,,75.40%,15.50%,33.00%,51.50%
J.D. Davis,Mets,26,,13.7,-7.4,1.9,,124,400,,18,55,49,3,,9.00%,22.00%,0.206,0.355,22.50%,,0.303,0.368,0.508,0.876,130,,73.60%,11.70%,46.70%,41.60%
Jorge Soler,Royals,27,,19.6,-15,2.5,,144,601,,41,80,102,2,,11.00%,26.10%,0.288,0.277,27.70%,,0.252,0.346,0.54,0.886,127,,70.20%,13.40%,40.40%,46.20%
Luis Arraez,Twins,22,,12.6,-4.9,1.8,,76,294,,3,48,22,2,,10.50%,8.20%,0.1,0.362,4.30%,,0.34,0.408,0.44,0.848,129,,92.50%,11.30%,53.40%,35.30%
Miguel Sano,Twins,26,,13.4,-3.8,2.2,,91,380,,27,64,61,0,,12.90%,36.30%,0.308,0.311,34.20%,,0.238,0.339,0.546,0.885,129,,64.40%,10.00%,37.20%,52.90%
Yoan Moncada,White Sox,24,,22.8,5.2,4.4,,114,483,,22,68,66,9,,7.90%,27.50%,0.226,0.378,19.80%,,0.297,0.355,0.523,0.878,131,,69.60%,12.60%,48.90%,38.50%
Tim Anderson,White Sox,26,,19.3,-2.5,3.2,,107,446,,16,69,52,16,,2.50%,20.90%,0.181,0.396,17.40%,,0.334,0.354,0.515,0.869,130,,77.10%,17.10%,49.90%,33.00%
David Dahl,Rockies,25,,5.5,-4.8,1.4,,100,413,,15,67,61,4,,6.80%,26.60%,0.222,0.386,17.20%,,0.302,0.353,0.524,0.877,109,,71.80%,13.30%,50.20%,36.50%
Austin Slater,Giants,26,,7.2,0.5,1.3,,56,162,,5,19,21,1,,13.60%,29.60%,0.217,0.376,23.80%,,0.268,0.377,0.486,0.862,127,,69.30%,22.20%,28.90%,48.90%
Yasmani Grandal,Brewers,30,,12.4,18.9,4.8,,135,557,,26,65,70,5,,16.30%,21.50%,0.228,0.283,20.80%,,0.252,0.379,0.48,0.859,122,,76.00%,14.10%,40.20%,45.80%
Mike Tauchman,Yankees,28,,11.8,4.3,2.6,,87,296,,13,46,47,6,,11.50%,24.00%,0.227,0.333,20.60%,,0.277,0.361,0.504,0.865,128,,80.40%,15.30%,51.10%,33.70%
Alex Dickerson,- - -,29,,5.2,-2.8,0.8,,58,166,,6,28,26,1,,7.20%,22.30%,0.237,0.349,14.00%,,0.289,0.349,0.526,0.876,126,,78.60%,15.70%,43.50%,40.90%
Eric Thames,Brewers,32,,13.7,-7.8,1.8,,131,395,,21,57,55,3,,12.20%,31.10%,0.257,0.337,21.20%,,0.257,0.359,0.515,0.874,121,,69.70%,14.30%,35.90%,49.80%
Lourdes Gurriel Jr.,Blue Jays,25,,11.9,-4.1,1.9,,79,321,,19,50,47,6,,6.20%,24.60%,0.269,0.318,21.30%,,0.279,0.331,0.548,0.879,127,,69.50%,19.30%,37.20%,43.60%
Wilmer Flores,Diamondbacks,27,,5.8,-4,0.9,,76,235,,8,26,29,0,,5.10%,9.80%,0.178,0.328,10.50%,,0.32,0.362,0.498,0.859,121,,90.50%,15.20%,47.20%,37.60%
Corey Dickerson,- - -,30,,7.1,-7.3,0.8,,76,272,,10,31,56,1,,5.90%,19.50%,0.245,0.347,12.70%,,0.304,0.342,0.549,0.891,122,,75.60%,21.70%,39.90%,38.40%
Zack Greinke,- - -,35,,1.3,6.9,1,,33,56,,3,7,8,1,,3.60%,21.40%,0.3,0.314,27.30%,,0.28,0.308,0.58,0.888,121,,73.30%,14.30%,54.80%,31.00%
Francisco Lindor,Indians,25,,14.1,11.7,4.5,,126,578,,29,87,67,21,,7.10%,14.70%,0.241,0.303,18.20%,,0.295,0.347,0.536,0.883,122,,85.00%,16.30%,41.00%,42.80%
Dominic Smith,Mets,24,,5.3,-4.5,0.7,,88,196,,10,34,22,1,,9.70%,22.40%,0.227,0.32,20.80%,,0.278,0.352,0.506,0.858,126,,75.20%,15.90%,47.70%,36.40%
Bryce Harper,Phillies,26,,15.2,2.5,3.6,,138,605,,30,86,101,11,,15.00%,26.30%,0.241,0.306,23.30%,,0.252,0.37,0.493,0.863,120,,68.40%,11.10%,41.70%,47.10%
Trey Mancini,Orioles,27,,16.3,-12.7,2.4,,136,590,,30,92,77,1,,9.30%,20.80%,0.238,0.309,23.40%,,0.278,0.351,0.515,0.866,124,,75.90%,16.50%,47.00%,36.50%
Nicholas Castellanos,- - -,27,,15.6,-11.5,2.4,,136,597,,25,87,64,2,,6.20%,21.90%,0.235,0.343,15.20%,,0.293,0.34,0.528,0.868,123,,75.30%,13.20%,44.70%,42.10%
Matt Chapman,Athletics,26,,21.8,14.8,5.6,,140,600,,32,91,81,1,,11.30%,21.50%,0.263,0.273,18.80%,,0.252,0.347,0.515,0.862,129,,78.40%,17.00%,38.80%,44.20%
Joc Pederson,Dodgers,27,,15.3,-3.3,2.6,,132,461,,32,74,67,1,,9.50%,22.10%,0.286,0.25,25.00%,,0.247,0.336,0.533,0.87,125,,77.70%,16.10%,37.80%,46.10%
Edwin Encarnacion,- - -,36,,17.5,-10.7,2.3,,107,478,,32,79,82,0,,11.90%,21.30%,0.277,0.243,20.40%,,0.243,0.343,0.521,0.864,127,,75.90%,19.90%,41.00%,39.10%
Rhys Hoskins,Phillies,26,,14.6,-9.2,2.5,,142,628,,27,78,80,2,,17.00%,23.70%,0.24,0.275,14.70%,,0.236,0.375,0.475,0.851,119,,78.30%,15.50%,39.60%,44.90%
Brandon Lowe,Rays,24,,15.7,-0.6,2.5,,76,307,,16,40,49,5,,7.20%,33.90%,0.247,0.381,21.30%,,0.276,0.339,0.523,0.862,128,,65.90%,11.90%,46.60%,41.50%
Andrew McCutchen,Phillies,32,,7,-0.2,1.5,,59,262,,10,45,29,2,,16.40%,21.00%,0.201,0.299,16.70%,,0.256,0.378,0.457,0.834,119,,76.30%,12.80%,50.60%,36.60%
Marcus Semien,Athletics,28,,24.6,13,5.9,,144,669,,26,105,77,9,,11.50%,13.60%,0.219,0.285,13.30%,,0.273,0.359,0.492,0.851,128,,83.40%,15.20%,43.50%,41.30%
Tommy La Stella,Angels,30,,10.3,1.1,2.2,,78,312,,16,49,44,0,,6.40%,8.70%,0.194,0.288,19.30%,,0.3,0.353,0.495,0.848,126,,90.00%,14.50%,43.80%,41.80%
Reese McGuire,Blue Jays,24,,1.7,2.5,0.6,,19,64,,4,8,7,0,,1.60%,18.80%,0.242,0.326,26.70%,,0.306,0.317,0.548,0.866,124,,77.20%,18.00%,42.00%,40.00%
Tommy Pham,Rays,31,,20.2,-5.3,3.5,,130,586,,20,68,61,20,,12.80%,18.40%,0.184,0.32,21.10%,,0.279,0.377,0.463,0.84,127,,81.90%,15.60%,40.20%,44.20%
Cameron Maybin,Yankees,32,,7.5,-3.3,1.2,,67,226,,8,40,26,7,,10.60%,27.40%,0.193,0.379,14.30%,,0.287,0.363,0.48,0.843,124,,73.20%,19.30%,43.60%,37.10%
Tom Murphy,Mariners,28,,9.1,9.9,2.7,,67,241,,17,28,38,2,,4.60%,33.20%,0.285,0.348,23.60%,,0.276,0.311,0.561,0.873,127,,70.80%,16.10%,42.30%,41.60%
Max Kepler,Twins,26,,15.2,9.8,4.4,,131,587,,36,96,90,1,,10.20%,16.50%,0.27,0.244,18.20%,,0.252,0.337,0.522,0.86,123,,81.40%,19.70%,37.90%,42.40%
Abraham Toro-Hernandez,Astros,22,,2.1,0.7,0.5,,15,59,,2,12,4,1,,11.90%,18.60%,0.235,0.289,18.20%,,0.255,0.356,0.49,0.846,127,,84.20%,27.50%,40.00%,32.50%
Jorge Polanco,Twins,25,,20.3,-1.8,4,,136,634,,20,92,70,4,,8.70%,16.20%,0.186,0.333,9.70%,,0.299,0.362,0.485,0.847,122,,83.50%,15.90%,43.90%,40.30%
Jordan Luplow,Indians,25,,6.4,-0.4,1.3,,74,222,,11,33,29,3,,10.40%,24.30%,0.234,0.316,21.20%,,0.269,0.347,0.503,0.849,118,,75.60%,13.20%,47.20%,39.60%
Michael Conforto,Mets,26,,19,-4.6,3.2,,133,579,,29,79,81,7,,12.30%,22.80%,0.231,0.291,19.00%,,0.258,0.359,0.489,0.848,123,,75.90%,14.80%,50.00%,35.30%
Carson Kelly,Diamondbacks,24,,4.9,5.6,2,,100,327,,18,40,43,0,,13.50%,20.50%,0.257,0.27,20.50%,,0.254,0.358,0.511,0.869,116,,79.50%,16.40%,32.70%,50.90%
Phillip Ervin,Reds,26,,4.4,-5.6,0.5,,78,196,,6,23,18,3,,7.10%,25.50%,0.212,0.366,12.50%,,0.285,0.347,0.497,0.844,114,,71.50%,21.70%,39.50%,38.80%
Shohei Ohtani,Angels,24,,13.4,-9.7,1.8,,104,417,,17,50,61,12,,7.70%,25.90%,0.215,0.359,25.80%,,0.289,0.345,0.504,0.849,123,,75.50%,8.80%,41.40%,49.80%
Starling Marte,Pirates,30,,16.8,-5.3,3,,131,586,,23,97,82,25,,4.30%,16.00%,0.208,0.319,18.50%,,0.295,0.342,0.503,0.845,117,,76.90%,19.10%,43.20%,37.70%
Mike Yastrzemski,Giants,28,,10.1,-1.6,1.9,,91,342,,19,55,51,2,,7.60%,25.70%,0.259,0.312,19.40%,,0.269,0.328,0.528,0.856,119,,75.90%,15.60%,41.10%,43.30%
Trea Turner,Nationals,26,,14.1,-3.1,2.6,,103,481,,13,78,46,31,,7.70%,20.20%,0.18,0.36,11.70%,,0.301,0.358,0.481,0.838,113,,77.90%,17.20%,46.80%,36.10%
Mike Moustakas,Brewers,30,,7.4,0.2,2.4,,125,520,,31,71,76,3,,8.50%,16.70%,0.262,0.259,18.30%,,0.26,0.331,0.522,0.853,114,,78.00%,20.10%,38.40%,41.50%
Nathaniel Lowe,Rays,23,,4.5,-4,0.5,,36,130,,6,19,16,0,,8.50%,27.70%,0.217,0.347,18.20%,,0.278,0.346,0.496,0.842,123,,78.80%,16.10%,43.20%,40.70%
Willie Calhoun,Rangers,24,,3.9,-6.1,0.7,,66,265,,18,39,40,0,,5.30%,15.50%,0.27,0.258,18.80%,,0.27,0.313,0.54,0.854,111,,85.30%,17.30%,42.30%,40.40%
Jesse Winker,Reds,25,,2.4,-5,1,,113,384,,16,51,38,0,,9.90%,15.60%,0.204,0.286,23.20%,,0.269,0.357,0.473,0.83,113,,83.80%,15.50%,43.90%,40.70%
Shin-Soo Choo,Rangers,36,,11.2,-16.9,1.5,,136,593,,21,82,53,12,,11.50%,24.50%,0.189,0.331,19.80%,,0.265,0.368,0.454,0.821,111,,72.50%,12.30%,43.60%,44.10%
Ramon Laureano,Athletics,24,,16.6,-0.2,3.1,,109,432,,21,70,59,12,,5.10%,27.10%,0.23,0.342,18.90%,,0.281,0.333,0.512,0.845,122,,72.60%,15.70%,44.10%,40.20%
Adam Eaton,Nationals,30,,11.8,-4.6,2.5,,132,573,,13,93,45,13,,10.30%,15.70%,0.152,0.327,8.00%,,0.287,0.375,0.439,0.814,112,,84.10%,18.70%,48.30%,33.00%
Ozzie Albies,Braves,22,,15.3,4.4,3.9,,144,630,,21,93,76,15,,7.90%,15.90%,0.202,0.318,11.70%,,0.289,0.348,0.49,0.838,112,,79.10%,15.30%,42.60%,42.10%
Gary Sanchez,Yankees,26,,9.3,0.3,2.4,,102,433,,34,61,77,0,,8.80%,27.50%,0.301,0.24,26.60%,,0.234,0.316,0.535,0.851,118,,70.70%,19.60%,38.40%,42.10%
Mitch Moreland,Red Sox,33,,2.5,-6.5,0.6,,77,275,,15,39,50,1,,11.30%,21.80%,0.253,0.268,22.70%,,0.249,0.335,0.502,0.837,113,,73.00%,13.10%,50.30%,36.60%
Eric Sogard,- - -,33,,15.1,-1.1,2.8,,105,434,,13,59,40,8,,8.80%,14.10%,0.17,0.322,9.40%,,0.296,0.36,0.466,0.826,119,,89.40%,17.70%,47.20%,35.10%
Brian Goodwin,Angels,28,,12.5,-5.6,2,,120,396,,16,63,45,5,,7.80%,27.30%,0.221,0.354,15.10%,,0.279,0.339,0.5,0.839,120,,75.10%,15.40%,45.70%,39.00%
Javier Baez,Cubs,26,,11,15.4,4.3,,133,560,,29,88,85,11,,5.00%,27.70%,0.251,0.345,24.40%,,0.281,0.316,0.532,0.848,113,,66.80%,18.00%,44.60%,37.40%
Victor Caratini,Cubs,25,,2.5,5.1,1.5,,78,228,,9,26,29,1,,11.40%,21.90%,0.18,0.324,23.10%,,0.275,0.36,0.455,0.815,113,,77.30%,11.90%,51.00%,37.10%
Eduardo Escobar,Diamondbacks,30,,12.8,3.8,3.6,,141,624,,33,89,110,5,,7.20%,18.90%,0.258,0.282,15.90%,,0.27,0.322,0.528,0.85,112,,77.20%,12.20%,46.10%,41.70%
Brock Holt,Red Sox,31,,2.8,3.5,1.5,,74,245,,3,34,29,1,,9.00%,19.20%,0.116,0.379,6.40%,,0.312,0.38,0.428,0.807,112,,85.10%,14.50%,48.80%,36.60%
Whit Merrifield,Royals,30,,12.9,-8.5,2.7,,144,656,,16,94,72,18,,6.40%,16.20%,0.167,0.347,9.90%,,0.306,0.354,0.473,0.826,114,,81.70%,13.80%,47.80%,38.50%
Jose Abreu,White Sox,32,,9,-13.5,1.7,,141,610,,31,71,112,2,,5.40%,21.60%,0.226,0.315,23.10%,,0.283,0.331,0.509,0.84,118,,77.60%,16.10%,43.30%,40.60%
Ryan Braun,Brewers,35,,5.6,-6.5,1.4,,130,460,,18,60,60,10,,6.50%,20.20%,0.204,0.325,18.90%,,0.284,0.34,0.488,0.828,111,,76.70%,17.50%,37.70%,44.80%
Danny Santana,Rangers,28,,7,-7.8,1.5,,114,443,,24,67,65,13,,3.40%,29.80%,0.25,0.358,24.70%,,0.286,0.312,0.536,0.848,108,,71.50%,13.00%,42.80%,44.20%
Matt Beaty,Dodgers,26,,5.1,-2.7,1,,83,236,,9,35,45,4,,6.40%,11.40%,0.214,0.293,13.60%,,0.286,0.335,0.5,0.835,116,,84.20%,15.50%,40.90%,43.50%
Mike Ford,Yankees,26,,2.4,-3.5,0.4,,38,133,,10,23,16,0,,9.80%,15.80%,0.291,0.198,23.30%,,0.231,0.323,0.521,0.845,116,,81.40%,14.60%,45.80%,39.60%
Marcell Ozuna,Cardinals,28,,11.7,-2.8,2.3,,112,465,,26,72,81,12,,10.30%,20.40%,0.241,0.271,22.80%,,0.255,0.333,0.496,0.83,115,,75.10%,12.80%,37.70%,49.50%
Derek Dietrich,Reds,29,,5,-0.9,1.3,,107,296,,19,41,43,1,,9.50%,24.30%,0.286,0.185,23.50%,,0.195,0.339,0.481,0.82,109,,71.60%,22.90%,36.50%,40.60%
Kyle Schwarber,Cubs,26,,5.4,-6.4,1.6,,137,535,,35,71,82,1,,11.40%,25.20%,0.282,0.247,24.60%,,0.234,0.325,0.516,0.841,111,,74.70%,13.70%,46.90%,39.40%
Omar Narvaez,Mariners,27,,9,-8.8,1.5,,116,431,,19,58,49,0,,10.00%,19.30%,0.178,0.309,15.30%,,0.278,0.355,0.457,0.812,119,,79.90%,19.30%,48.80%,31.90%
Yandy Diaz,Rays,27,,7.7,-2.7,1.7,,78,344,,14,53,38,2,,10.20%,17.40%,0.211,0.291,17.70%,,0.27,0.343,0.48,0.823,118,,79.10%,17.70%,40.30%,41.90%
Kyle Seager,Mariners,31,,10.3,6.9,2.9,,88,367,,21,46,56,2,,9.80%,20.70%,0.252,0.257,19.10%,,0.246,0.327,0.498,0.825,119,,79.70%,10.80%,51.00%,38.30%
Anthony Santander,Orioles,24,,5.1,-4.6,1.3,,82,352,,18,41,51,1,,4.50%,19.60%,0.227,0.309,16.10%,,0.285,0.319,0.512,0.831,113,,81.20%,19.30%,43.40%,37.40%
Vladimir Guerrero Jr.,Blue Jays,20,,3.1,-11,0.8,,109,450,,15,49,61,0,,10.00%,17.10%,0.182,0.309,14.00%,,0.276,0.351,0.458,0.809,115,,77.30%,20.90%,43.60%,35.60%
J.T. Realmuto,Phillies,28,,12.8,25.8,5.5,,135,551,,23,87,79,8,,7.10%,21.20%,0.218,0.32,15.50%,,0.281,0.332,0.499,0.831,110,,77.80%,14.50%,39.50%,45.90%
Christian Walker,Diamondbacks,28,,10,-7.3,2,,135,536,,25,75,63,8,,10.60%,26.10%,0.211,0.317,19.70%,,0.26,0.345,0.471,0.817,109,,73.30%,13.50%,39.20%,47.30%
Daniel Vogelbach,Mariners,26,,11.7,-9.9,1.9,,130,514,,30,71,74,0,,16.50%,25.70%,0.249,0.23,22.40%,,0.214,0.346,0.464,0.81,118,,75.20%,19.30%,41.00%,39.70%
Brian Anderson,Marlins,26,,9.2,5.6,3.1,,126,520,,20,57,66,5,,8.50%,21.90%,0.207,0.305,16.30%,,0.261,0.342,0.468,0.811,113,,74.90%,19.50%,36.20%,44.30%
Kyle Garlick,Dodgers,27,,1.2,0.4,0.3,,30,53,,3,8,6,0,,9.40%,35.80%,0.271,0.346,17.60%,,0.25,0.321,0.521,0.842,114,,65.70%,13.80%,34.50%,51.70%
Mike Freeman,Indians,31,,3.9,-0.3,0.9,,61,168,,4,26,21,1,,11.30%,26.20%,0.14,0.37,16.00%,,0.279,0.374,0.419,0.793,109,,81.20%,14.90%,48.50%,36.60%
Donovan Solano,Giants,31,,3.7,1.6,1.2,,72,213,,4,26,21,0,,4.20%,21.60%,0.119,0.405,8.70%,,0.328,0.357,0.448,0.805,113,,82.20%,14.70%,47.10%,38.20%
David Bote,Cubs,26,,5.9,0.2,1.6,,112,330,,11,43,41,4,,12.10%,26.40%,0.177,0.342,21.60%,,0.265,0.364,0.442,0.805,109,,69.10%,13.60%,50.00%,36.40%
Kevin Newman,Pirates,25,,5.2,1.3,2.1,,113,457,,10,52,55,14,,5.30%,11.60%,0.132,0.338,9.80%,,0.312,0.358,0.444,0.803,110,,86.80%,20.90%,52.30%,26.80%
Stephen Vogt,Giants,34,,3.9,-1,1,,85,232,,8,23,31,1,,7.30%,22.80%,0.232,0.32,10.00%,,0.27,0.323,0.502,0.826,112,,76.50%,9.90%,47.80%,42.20%
Alex Verdugo,Dodgers,23,,7.1,2.9,2.2,,106,377,,12,43,44,4,,6.90%,13.00%,0.181,0.309,14.00%,,0.294,0.342,0.475,0.817,113,,85.20%,17.30%,39.00%,43.70%
Byron Buxton,Twins,25,,7.6,9.9,2.7,,87,295,,10,48,46,14,,6.40%,23.10%,0.251,0.314,10.10%,,0.262,0.314,0.513,0.827,111,,72.80%,20.40%,44.20%,35.40%
Scott Kingery,Phillies,25,,8.2,3.5,2.5,,110,439,,18,57,52,12,,6.80%,29.60%,0.226,0.349,17.00%,,0.266,0.324,0.493,0.817,107,,69.80%,12.80%,39.80%,47.50%
Paul Goldschmidt,Cardinals,31,,11.3,-6.6,2.4,,142,600,,29,85,80,2,,10.80%,23.80%,0.204,0.301,19.30%,,0.259,0.341,0.463,0.804,111,,76.00%,15.20%,35.80%,49.00%
Austin Nola,Mariners,29,,5.6,0,1.2,,62,199,,9,29,23,0,,7.50%,23.10%,0.212,0.312,15.50%,,0.268,0.333,0.48,0.814,116,,79.00%,20.00%,41.50%,38.50%
Wilson Ramos,Mets,31,,2.5,-1.5,1.6,,127,474,,14,50,71,1,,8.40%,12.20%,0.138,0.32,18.90%,,0.301,0.363,0.438,0.801,113,,81.90%,17.40%,49.30%,33.20%
Andrew Benintendi,Red Sox,24,,7.7,-4.1,2.3,,124,568,,13,65,66,9,,9.70%,23.40%,0.176,0.346,8.30%,,0.274,0.35,0.45,0.8,107,,77.50%,13.60%,49.20%,37.20%
Clint Frazier,Yankees,24,,1.9,-6.4,0.3,,57,216,,11,25,34,1,,6.50%,27.80%,0.223,0.333,20.00%,,0.274,0.324,0.497,0.822,111,,71.10%,17.90%,47.90%,34.30%
Jon Berti,Marlins,29,,8.2,1.1,1.6,,56,217,,6,43,17,10,,9.70%,24.40%,0.169,0.336,24.00%,,0.265,0.355,0.434,0.789,111,,77.30%,19.00%,42.30%,38.70%
Franmil Reyes,- - -,23,,2.5,-10.8,0.8,,136,495,,34,61,70,0,,8.70%,28.90%,0.265,0.28,29.80%,,0.249,0.311,0.513,0.825,109,,64.70%,14.20%,38.50%,47.30%
Jonathan Villar,Orioles,28,,16.3,-1.4,3.6,,143,620,,20,96,62,33,,9.00%,24.20%,0.177,0.344,16.80%,,0.277,0.345,0.454,0.799,109,,75.70%,21.90%,50.10%,28.00%
Manny Machado,Padres,26,,5.2,3.9,2.8,,139,595,,29,77,78,5,,9.20%,19.80%,0.208,0.285,17.00%,,0.263,0.334,0.471,0.805,109,,77.50%,18.90%,38.30%,42.80%
Ehire Adrianza,Twins,29,,2.9,-2.7,0.8,,81,227,,5,34,21,0,,8.80%,16.30%,0.149,0.321,10.00%,,0.282,0.362,0.431,0.792,110,,83.50%,11.10%,54.90%,34.00%
Ryan McMahon,Rockies,24,,-4.8,-2.6,0.8,,125,476,,20,64,76,5,,10.90%,29.00%,0.199,0.338,24.40%,,0.26,0.34,0.459,0.799,92,,69.90%,13.60%,41.30%,45.10%
Kolten Wong,Cardinals,28,,13.5,6.5,3.5,,138,507,,10,57,55,20,,8.90%,14.80%,0.141,0.322,7.70%,,0.286,0.366,0.426,0.792,110,,84.00%,20.10%,44.90%,35.00%
David Peralta,Diamondbacks,31,,1.5,2.2,1.7,,99,423,,12,48,57,0,,8.30%,20.60%,0.186,0.327,14.60%,,0.275,0.343,0.461,0.804,106,,77.40%,16.90%,39.90%,43.20%
Michael Brosseau,Rays,25,,3.3,-0.3,0.7,,44,132,,6,17,16,1,,3.80%,25.00%,0.202,0.341,15.00%,,0.282,0.321,0.484,0.804,113,,78.30%,27.20%,30.40%,42.40%
Garrett Cooper,Marlins,28,,2.3,-3.5,1.2,,103,408,,14,51,49,0,,7.80%,26.00%,0.163,0.359,23.00%,,0.282,0.346,0.444,0.79,110,,79.00%,19.30%,40.50%,40.20%
Daniel Murphy,Rockies,34,,-6.1,-6.9,0.1,,116,434,,13,51,73,1,,7.10%,15.70%,0.187,0.308,10.50%,,0.281,0.333,0.468,0.802,91,,87.40%,17.20%,52.60%,30.20%
Jake Cave,Twins,26,,2.7,-2.2,0.7,,62,190,,7,23,22,0,,7.90%,32.60%,0.193,0.357,31.80%,,0.253,0.342,0.446,0.788,109,,68.60%,4.80%,42.90%,52.40%
Pablo Sandoval,Giants,32,,2.9,-3,0.9,,108,296,,14,42,41,1,,6.10%,22.60%,0.239,0.304,20.90%,,0.268,0.313,0.507,0.82,109,,75.20%,19.10%,39.50%,41.40%
Nick Markakis,Braves,35,,0.2,-13.1,0.1,,104,416,,9,57,55,2,,10.30%,12.70%,0.145,0.307,10.50%,,0.284,0.358,0.429,0.787,104,,88.20%,13.80%,46.20%,39.90%
Brett Gardner,Yankees,35,,9.6,3.1,2.9,,125,486,,21,74,58,10,,9.90%,18.50%,0.231,0.262,16.30%,,0.245,0.323,0.476,0.799,108,,83.80%,20.90%,46.50%,32.60%
Robinson Chirinos,Astros,35,,3.9,1,1.9,,105,403,,17,53,55,0,,11.20%,29.00%,0.209,0.3,18.90%,,0.236,0.342,0.445,0.787,112,,67.90%,17.50%,42.80%,39.70%
Chris Taylor,Dodgers,28,,5.6,-1,1.6,,107,356,,11,43,47,7,,9.00%,26.70%,0.206,0.341,14.70%,,0.266,0.333,0.472,0.805,108,,70.80%,14.10%,48.50%,37.40%
Hanser Alberto,Orioles,26,,2.5,2.7,2.1,,123,480,,11,54,47,4,,2.70%,9.00%,0.127,0.334,8.50%,,0.321,0.342,0.448,0.789,106,,86.40%,17.30%,57.50%,25.20%
Joey Votto,Reds,35,,-1.8,-8.2,0.7,,127,544,,14,71,43,4,,11.90%,20.20%,0.15,0.316,9.90%,,0.265,0.357,0.415,0.772,100,,82.90%,10.40%,48.00%,41.60%
Ji-Man Choi,Rays,28,,5.9,-10.2,1.1,,113,428,,13,44,50,2,,12.40%,20.80%,0.165,0.3,13.50%,,0.256,0.355,0.421,0.777,110,,76.60%,11.10%,48.60%,40.40%
Jose Osuna,Pirates,26,,0.2,-3.9,0.3,,77,208,,10,29,33,0,,5.80%,17.80%,0.241,0.272,17.50%,,0.262,0.304,0.503,0.807,104,,78.60%,15.90%,47.80%,36.30%
Jay Bruce,- - -,32,,2.9,-3.5,1,,86,313,,25,42,58,1,,6.10%,24.30%,0.317,0.214,21.00%,,0.228,0.275,0.545,0.82,107,,71.40%,18.40%,38.70%,42.90%
Adam Duvall,Braves,30,,1,-2.4,0.2,,28,96,,6,13,12,0,,5.20%,32.30%,0.25,0.308,18.80%,,0.25,0.302,0.5,0.802,101,,73.40%,20.70%,36.20%,43.10%
James McCann,White Sox,29,,4.8,1.2,2.1,,107,431,,16,57,55,4,,6.00%,28.80%,0.183,0.36,17.80%,,0.274,0.328,0.457,0.785,108,,72.30%,13.50%,47.60%,38.90%
A.J. Pollock,Dodgers,31,,5,-4.7,0.9,,72,287,,13,43,39,4,,7.70%,22.30%,0.21,0.293,18.30%,,0.261,0.324,0.471,0.795,106,,75.00%,16.20%,40.10%,43.70%
Marco Hernandez,Red Sox,26,,-1.4,0.3,0.2,,45,97,,2,14,8,1,,2.10%,19.60%,0.121,0.371,11.10%,,0.308,0.344,0.429,0.772,101,,72.80%,17.80%,56.20%,26.00%
Domingo Santana,Mariners,26,,6.6,-22,0.2,,115,496,,21,63,69,8,,9.90%,32.10%,0.193,0.35,23.90%,,0.256,0.332,0.449,0.781,109,,70.30%,13.00%,45.10%,41.90%
C.J. Cron,Twins,29,,-2.7,-9.3,0.5,,114,469,,24,49,76,0,,6.20%,21.50%,0.224,0.279,19.70%,,0.255,0.316,0.479,0.795,105,,76.20%,16.10%,42.30%,41.60%
Kurt Suzuki,Nationals,35,,-1.6,-6.6,0.2,,81,301,,16,34,58,0,,6.30%,12.00%,0.212,0.246,15.80%,,0.26,0.319,0.473,0.791,99,,82.30%,20.00%,45.40%,34.60%
Jason Castro,Twins,32,,0.6,5.6,1.4,,70,244,,12,37,29,0,,11.50%,31.10%,0.212,0.304,22.20%,,0.236,0.329,0.448,0.777,105,,65.10%,11.60%,37.00%,51.50%
Tyler Naquin,Indians,28,,-0.9,6,1.5,,89,294,,10,34,34,4,,4.80%,22.40%,0.179,0.345,13.30%,,0.288,0.325,0.467,0.792,101,,76.20%,19.30%,40.10%,40.60%
Brian Dozier,Nationals,32,,-2,2.2,1.4,,126,452,,19,49,45,3,,12.80%,22.30%,0.195,0.27,14.70%,,0.237,0.341,0.432,0.773,99,,76.80%,16.60%,44.30%,39.10%
Dustin Garneau,- - -,31,,-0.4,3.5,0.7,,35,101,,3,14,14,0,,9.90%,21.80%,0.163,0.295,9.70%,,0.244,0.35,0.407,0.757,107,,83.90%,23.40%,46.90%,29.70%
Avisail Garcia,Rays,28,,2.8,-2.8,1.7,,115,492,,19,58,66,10,,5.90%,24.20%,0.183,0.333,17.40%,,0.276,0.327,0.459,0.786,108,,69.00%,18.70%,40.70%,40.70%
Justin Smoak,Blue Jays,32,,-1.4,-10.9,0.4,,111,460,,20,51,55,0,,16.50%,20.90%,0.196,0.228,16.80%,,0.212,0.35,0.407,0.757,105,,76.90%,15.20%,41.70%,43.10%
Brad Miller,- - -,29,,0.4,-0.7,0.4,,65,127,,6,17,15,2,,11.00%,26.80%,0.223,0.278,17.60%,,0.232,0.323,0.455,0.778,100,,72.60%,14.10%,46.20%,39.70%
Renato Nunez,Orioles,25,,2.3,-13.4,0.8,,136,543,,29,68,81,1,,7.60%,22.70%,0.222,0.274,16.90%,,0.251,0.315,0.473,0.787,103,,75.10%,20.40%,41.90%,37.60%
Asdrubal Cabrera,- - -,33,,-4.8,5.8,1.6,,115,456,,16,59,78,4,,10.70%,21.30%,0.178,0.299,13.20%,,0.258,0.34,0.436,0.776,96,,80.90%,13.40%,45.60%,41.00%
Aledmys Diaz,Astros,28,,1.2,-2.2,0.6,,56,193,,7,28,33,1,,9.30%,12.40%,0.187,0.262,13.70%,,0.265,0.337,0.452,0.789,108,,79.70%,15.50%,53.40%,31.10%
Jose Ramirez,Indians,26,,6.5,5.1,3,,126,532,,20,65,75,24,,9.60%,13.70%,0.209,0.259,10.60%,,0.254,0.325,0.463,0.788,100,,86.80%,18.20%,41.40%,40.40%
Alex Avila,Diamondbacks,32,,-3.6,6,0.8,,54,173,,9,18,24,1,,17.30%,32.40%,0.232,0.273,42.90%,,0.211,0.353,0.444,0.796,99,,66.90%,5.80%,43.00%,51.20%
Paul DeJong,Cardinals,25,,3.8,15.9,3.8,,141,587,,26,90,72,7,,9.20%,21.50%,0.211,0.27,14.90%,,0.244,0.324,0.455,0.778,103,,77.80%,18.10%,39.00%,42.80%
Jonathan Schoop,Twins,27,,1,-1.5,1.4,,107,412,,21,58,54,1,,4.60%,25.20%,0.225,0.297,21.00%,,0.256,0.306,0.48,0.786,103,,69.20%,22.50%,37.90%,39.60%
Corey Seager,Dodgers,25,,5.8,2.3,2.3,,118,478,,14,70,69,1,,8.60%,18.40%,0.189,0.296,10.00%,,0.261,0.328,0.45,0.778,104,,76.80%,15.70%,43.50%,40.90%
Ian Desmond,Rockies,33,,-10.3,-7.6,-0.3,,126,444,,16,60,60,3,,7.70%,25.00%,0.21,0.314,18.80%,,0.257,0.316,0.467,0.783,85,,76.00%,16.80%,44.80%,38.40%
Evan Longoria,Giants,33,,0.8,5.9,2,,114,441,,18,54,62,2,,7.90%,21.80%,0.191,0.296,16.10%,,0.259,0.324,0.45,0.774,103,,76.90%,10.20%,44.60%,45.30%
Kole Calhoun,Angels,31,,1.7,-4.4,1.7,,135,563,,28,82,67,4,,11.20%,25.20%,0.23,0.263,21.70%,,0.23,0.324,0.46,0.784,105,,70.80%,13.10%,44.40%,42.50%
Jason Heyward,Cubs,29,,1.2,-3,1.5,,132,531,,19,67,52,8,,11.10%,19.20%,0.176,0.285,15.30%,,0.253,0.341,0.429,0.77,99,,79.60%,18.30%,47.50%,34.20%
Dexter Fowler,Cardinals,33,,1.6,-4.1,1.3,,131,488,,16,58,60,7,,11.50%,23.40%,0.169,0.297,14.50%,,0.245,0.343,0.414,0.757,102,,76.10%,15.80%,45.50%,38.70%
Mitch Haniger,Mariners,28,,2.6,-1.4,1.1,,63,283,,15,46,32,4,,10.60%,28.60%,0.244,0.257,20.00%,,0.22,0.314,0.463,0.778,106,,74.10%,21.00%,43.70%,35.30%
Colin Moran,Pirates,26,,-3.3,-7.7,0.4,,138,459,,13,44,77,0,,6.30%,23.50%,0.163,0.35,13.30%,,0.284,0.331,0.447,0.778,99,,76.90%,14.10%,50.50%,35.40%
Nomar Mazara,Rangers,24,,-3.9,-8.1,0.4,,111,449,,17,66,63,4,,6.00%,22.50%,0.195,0.312,16.70%,,0.268,0.318,0.463,0.782,93,,75.10%,18.70%,36.20%,45.10%
Aaron Hicks,Yankees,29,,0.5,1.4,1.1,,59,255,,12,41,36,1,,12.20%,28.20%,0.208,0.286,19.40%,,0.235,0.325,0.443,0.769,102,,69.70%,22.40%,39.50%,38.20%
Cesar Puello,- - -,28,,0.4,4.6,1,,44,147,,4,14,18,0,,6.80%,25.90%,0.136,0.325,33.30%,,0.248,0.356,0.384,0.74,104,,70.90%,28.40%,34.10%,37.50%
Dansby Swanson,Braves,25,,1.2,0.9,1.7,,111,476,,17,69,60,8,,8.80%,21.40%,0.189,0.294,14.20%,,0.255,0.326,0.444,0.771,96,,75.00%,11.90%,45.60%,42.50%
Miguel Cabrera,Tigers,36,,-6,-12.3,0,,123,503,,10,38,53,0,,8.50%,19.70%,0.11,0.351,8.80%,,0.291,0.354,0.402,0.756,101,,78.50%,11.50%,43.90%,44.70%
Trent Grisham,Brewers,22,,-0.5,-1.2,0.2,,32,108,,4,14,13,0,,7.40%,26.90%,0.188,0.323,12.10%,,0.26,0.324,0.448,0.772,96,,78.10%,11.60%,47.80%,40.60%
Eddie Rosario,Twins,27,,0.9,-8.9,1,,120,518,,28,80,94,3,,3.50%,14.70%,0.215,0.273,15.60%,,0.275,0.297,0.49,0.787,101,,80.30%,15.60%,46.90%,37.50%
Victor Reyes,Tigers,24,,-0.2,4.4,1.1,,51,217,,1,22,15,5,,5.10%,23.00%,0.112,0.4,2.60%,,0.307,0.341,0.42,0.761,100,,80.30%,10.90%,50.00%,39.10%
Eric Hosmer,Padres,29,,-6.2,-11.6,0.2,,142,598,,20,67,92,0,,6.40%,22.40%,0.164,0.334,21.30%,,0.28,0.326,0.444,0.77,99,,73.90%,17.90%,42.90%,39.20%
Michael Chavis,Red Sox,23,,-4.3,-2.1,0.7,,95,382,,18,46,58,2,,8.10%,33.20%,0.19,0.347,23.10%,,0.254,0.322,0.444,0.766,96,,63.90%,20.90%,45.00%,34.10%
Bryan Holaday,Marlins,31,,-3.3,-4.8,-0.4,,36,113,,3,10,10,0,,8.80%,15.90%,0.14,0.313,13.60%,,0.28,0.348,0.42,0.768,101,,81.60%,15.50%,44.10%,40.50%
Jean Segura,Phillies,29,,3,5.2,2.6,,129,561,,11,76,54,8,,5.00%,12.30%,0.146,0.311,8.70%,,0.286,0.33,0.432,0.762,96,,87.10%,20.20%,46.50%,33.30%
Hunter Renfroe,Padres,27,,-1.1,5.8,1.9,,129,462,,31,60,62,5,,8.90%,31.00%,0.275,0.248,23.50%,,0.222,0.29,0.498,0.788,99,,71.50%,15.50%,38.30%,46.20%
Josh VanMeter,Reds,24,,-2.8,-0.4,0.4,,80,218,,6,28,20,6,,10.60%,21.60%,0.167,0.3,10.90%,,0.25,0.335,0.417,0.752,94,,78.70%,11.60%,39.00%,49.30%
Nick Ahmed,Diamondbacks,29,,-0.5,9.8,2.7,,142,561,,18,73,79,7,,8.70%,18.20%,0.185,0.289,14.10%,,0.262,0.325,0.447,0.772,96,,80.00%,16.00%,46.00%,38.10%
Travis d'Arnaud,- - -,30,,1.2,4,1.7,,91,338,,16,47,61,0,,9.20%,21.60%,0.203,0.272,18.00%,,0.249,0.317,0.452,0.768,104,,75.20%,19.30%,40.30%,40.30%
Adam Frazier,Pirates,27,,-1.8,3.4,1.9,,134,540,,9,72,44,4,,6.70%,12.00%,0.143,0.306,6.50%,,0.279,0.338,0.422,0.759,97,,86.00%,18.10%,52.40%,29.50%
Yasiel Puig,- - -,28,,-5.4,-5.3,0.7,,134,551,,24,69,77,17,,6.70%,22.10%,0.2,0.29,15.30%,,0.256,0.312,0.456,0.769,94,,74.20%,21.00%,40.20%,38.90%
Jose Martinez,Cardinals,30,,-1.7,-8,0.2,,115,356,,10,43,40,3,,9.80%,20.50%,0.132,0.318,15.60%,,0.268,0.343,0.401,0.743,99,,79.90%,14.20%,48.80%,37.00%
Roberto Perez,Indians,30,,-6.8,17.8,2.5,,106,404,,22,43,55,0,,10.40%,29.00%,0.217,0.274,28.60%,,0.231,0.314,0.449,0.763,94,,70.70%,15.60%,43.60%,40.70%
Eloy Jimenez,White Sox,22,,1.7,-9.6,0.7,,106,433,,24,54,58,0,,5.80%,26.80%,0.219,0.288,24.20%,,0.249,0.298,0.468,0.766,100,,69.90%,19.80%,43.10%,37.20%
Austin Riley,Braves,22,,-3,1.1,0.6,,69,262,,17,38,45,0,,5.30%,35.90%,0.256,0.303,23.60%,,0.236,0.29,0.492,0.782,93,,62.80%,21.60%,34.50%,43.90%
Greg Garcia,Padres,29,,-1.3,3.5,1.2,,116,318,,4,46,29,0,,13.50%,23.30%,0.112,0.325,9.50%,,0.247,0.36,0.36,0.719,97,,86.30%,18.90%,49.50%,31.60%
Wil Myers,Padres,28,,-2,-4.3,0.7,,138,431,,17,53,47,14,,10.20%,33.60%,0.18,0.342,20.70%,,0.243,0.323,0.423,0.746,96,,70.30%,16.30%,35.40%,48.30%
Christian Vazquez,Red Sox,28,,-9.4,19.2,2.6,,123,468,,19,57,59,2,,5.10%,19.90%,0.189,0.304,14.50%,,0.272,0.308,0.461,0.769,93,,81.30%,13.40%,53.00%,33.60%
David Fletcher,Angels,25,,-1.5,11.6,3,,137,578,,5,76,44,8,,8.70%,9.30%,0.101,0.312,3.70%,,0.287,0.348,0.388,0.736,100,,91.30%,16.20%,50.80%,32.90%
Tommy Edman,Cardinals,24,,4.4,3.9,1.6,,74,267,,7,42,27,11,,3.70%,17.60%,0.169,0.318,9.70%,,0.278,0.311,0.447,0.758,97,,83.60%,17.80%,40.90%,41.40%
Victor Robles,Nationals,22,,-2.2,7.6,2.2,,137,547,,17,77,58,24,,5.90%,23.20%,0.178,0.303,13.20%,,0.251,0.323,0.429,0.752,91,,78.60%,23.50%,53.30%,23.20%
Ender Inciarte,Braves,28,,0.2,1.6,0.9,,65,230,,5,30,24,7,,11.30%,17.80%,0.151,0.286,11.60%,,0.246,0.343,0.397,0.74,92,,82.40%,22.60%,44.70%,32.70%
Brandon Belt,Giants,31,,-4,-12.5,0.2,,139,555,,16,70,56,4,,13.90%,20.00%,0.166,0.267,9.20%,,0.231,0.341,0.397,0.738,97,,79.90%,14.30%,44.50%,41.20%
Pedro Severino,Orioles,25,,-3.9,-1.1,0.6,,87,315,,11,33,41,3,,8.30%,21.60%,0.163,0.298,14.10%,,0.255,0.325,0.418,0.743,95,,77.50%,19.80%,47.50%,32.70%
Albert Pujols,Angels,39,,-4.6,-13.2,-0.1,,115,479,,22,50,85,1,,7.90%,12.90%,0.197,0.243,15.20%,,0.251,0.311,0.448,0.759,99,,84.00%,18.40%,42.60%,39.10%
Terrance Gore,Royals,28,,1.2,2.9,0.6,,37,58,,0,13,1,13,,10.30%,31.00%,0.078,0.424,0.00%,,0.275,0.362,0.353,0.715,94,,71.30%,34.40%,53.10%,12.50%
Francisco Mejia,Padres,23,,-2.2,-0.6,0.4,,70,222,,8,26,20,1,,5.40%,22.10%,0.176,0.309,11.30%,,0.263,0.315,0.439,0.754,95,,76.50%,21.70%,42.70%,35.70%
Amed Rosario,Mets,23,,-0.7,5,2.3,,138,582,,12,67,60,16,,4.80%,19.60%,0.139,0.344,9.40%,,0.289,0.324,0.428,0.752,98,,77.50%,13.70%,52.30%,34.00%
Alex Gordon,Royals,35,,-5.7,-4.5,1,,134,572,,12,72,68,5,,8.40%,15.60%,0.135,0.294,9.00%,,0.262,0.34,0.398,0.737,94,,81.10%,15.20%,46.60%,38.20%
Charlie Culberson,Braves,30,,-1.6,0.9,0.4,,104,139,,5,14,20,0,,4.30%,30.20%,0.185,0.357,15.60%,,0.269,0.304,0.454,0.758,91,,68.60%,22.20%,37.80%,40.00%
Brandon Nimmo,Mets,26,,0.7,-1.7,0.5,,51,186,,4,24,18,2,,19.40%,29.60%,0.139,0.287,11.80%,,0.201,0.368,0.34,0.708,98,,72.50%,15.20%,50.00%,34.80%
Neil Walker,Marlins,33,,-2.3,-6.4,0.2,,100,338,,6,30,33,3,,10.90%,19.50%,0.117,0.32,8.20%,,0.264,0.346,0.381,0.727,97,,75.50%,16.20%,46.20%,37.60%
Cavan Biggio,Blue Jays,24,,1.4,-3.1,1,,83,352,,12,48,35,10,,16.80%,29.00%,0.169,0.271,14.00%,,0.207,0.342,0.376,0.718,96,,76.50%,13.80%,43.90%,42.30%
Tyler Flowers,Braves,33,,-6.2,18.6,2.1,,77,279,,10,33,31,0,,10.40%,32.60%,0.189,0.326,18.90%,,0.235,0.326,0.424,0.75,91,,66.50%,14.90%,45.50%,39.60%
Jackie Bradley Jr.,Red Sox,29,,-5,4,1.6,,129,495,,18,59,53,7,,10.50%,26.10%,0.194,0.277,18.00%,,0.225,0.323,0.419,0.742,91,,69.20%,17.20%,49.50%,33.30%
Adam Jones,Diamondbacks,33,,-6.8,-5.3,0.3,,124,479,,15,63,61,2,,5.40%,18.80%,0.163,0.304,11.60%,,0.268,0.318,0.431,0.749,91,,75.00%,17.20%,43.80%,39.00%
Josh Rojas,Diamondbacks,25,,-0.4,2.2,0.4,,23,81,,2,9,10,1,,9.90%,24.70%,0.137,0.333,8.30%,,0.26,0.333,0.397,0.731,91,,74.20%,11.30%,41.50%,47.20%
Tyler O'Neill,Cardinals,24,,-0.7,-2.9,0.1,,53,143,,5,16,16,1,,5.60%,34.30%,0.156,0.395,15.20%,,0.274,0.315,0.43,0.744,95,,61.20%,16.30%,37.20%,46.50%
Marwin Gonzalez,Twins,30,,-2.5,1.4,1.4,,108,437,,15,48,48,1,,6.90%,21.10%,0.158,0.306,15.00%,,0.263,0.323,0.42,0.743,95,,77.60%,12.60%,46.60%,40.80%
Niko Goodrum,Tigers,27,,3.7,-0.6,1.9,,112,472,,12,61,45,12,,9.70%,29.20%,0.173,0.338,13.30%,,0.248,0.322,0.421,0.743,95,,70.10%,13.90%,46.30%,39.70%
Ian Happ,Cubs,24,,0,1.4,0.5,,39,106,,5,16,13,2,,12.30%,23.60%,0.215,0.238,17.90%,,0.215,0.311,0.43,0.741,92,,71.10%,19.10%,51.50%,29.40%
Tim Lopes,Mariners,25,,0.2,-0.1,0.4,,29,101,,1,9,11,4,,11.90%,24.80%,0.092,0.355,4.50%,,0.264,0.356,0.356,0.713,99,,78.60%,19.10%,61.90%,19.10%
Curt Casali,Reds,30,,-1.4,1.8,0.7,,73,204,,7,22,29,0,,10.30%,25.50%,0.162,0.309,13.20%,,0.251,0.328,0.413,0.742,89,,77.40%,16.20%,44.60%,39.20%
Raimel Tapia,Rockies,25,,-13.1,-7.1,-0.7,,121,404,,8,49,38,5,,5.00%,21.30%,0.146,0.345,10.40%,,0.281,0.317,0.427,0.744,77,,75.10%,17.10%,52.70%,30.20%
Nick Senzel,Reds,24,,-6.4,0.5,0.7,,104,414,,12,55,42,14,,7.20%,24.40%,0.171,0.319,13.30%,,0.256,0.315,0.427,0.742,89,,77.50%,17.80%,41.80%,40.40%
Tim Beckham,Mariners,29,,-2.9,-4.6,0.4,,88,328,,15,39,47,1,,6.40%,31.10%,0.224,0.305,20.50%,,0.237,0.293,0.461,0.753,99,,70.80%,23.30%,42.60%,34.20%
Tim Locastro,Diamondbacks,26,,2.2,-1.1,0.8,,81,220,,1,36,15,15,,5.90%,16.40%,0.086,0.302,1.90%,,0.249,0.361,0.335,0.696,91,,81.90%,25.80%,42.40%,31.80%
Oscar Mercado,Indians,24,,-0.7,-1.3,1.2,,98,410,,10,57,40,13,,5.90%,17.10%,0.154,0.305,8.80%,,0.27,0.319,0.423,0.742,90,,77.70%,16.40%,44.40%,39.20%
Chance Sisco,Orioles,24,,-2.1,-6.8,-0.3,,51,174,,8,25,20,0,,8.60%,31.00%,0.197,0.278,19.50%,,0.217,0.316,0.414,0.731,93,,72.20%,13.30%,44.90%,41.80%
Brian McCann,Braves,35,,-5.9,6.7,1,,77,289,,11,27,42,0,,9.30%,17.00%,0.161,0.27,14.10%,,0.256,0.325,0.417,0.743,89,,83.30%,19.00%,41.20%,39.80%
Ben Gamel,Brewers,27,,-1,1,1,,117,310,,7,42,31,2,,10.30%,29.00%,0.132,0.354,13.70%,,0.256,0.339,0.388,0.727,89,,79.20%,13.00%,46.00%,41.10%
Kevin Cron,Diamondbacks,26,,-1.3,-0.7,0,,30,66,,5,10,15,0,,6.10%,42.40%,0.317,0.25,41.70%,,0.2,0.258,0.517,0.774,89,,58.50%,12.10%,39.40%,48.50%
Matt Carpenter,Cardinals,33,,-3.9,0.2,1,,112,439,,12,54,38,6,,13.20%,25.70%,0.154,0.288,10.90%,,0.226,0.336,0.38,0.716,93,,77.20%,10.30%,47.90%,41.80%
Jorge Alfaro,Marlins,26,,-8.4,9.9,1.4,,112,407,,14,39,46,3,,3.90%,34.90%,0.147,0.396,26.90%,,0.273,0.314,0.42,0.734,94,,62.80%,18.70%,38.20%,43.20%
Jordy Mercer,Tigers,32,,-1.7,-3.4,0.3,,63,227,,8,19,16,0,,4.00%,20.70%,0.171,0.311,13.60%,,0.269,0.304,0.44,0.744,92,,80.30%,23.70%,37.30%,39.10%
Austin Romine,Yankees,30,,-3,3,0.7,,62,204,,7,23,33,1,,4.40%,20.60%,0.161,0.317,13.70%,,0.275,0.305,0.435,0.741,93,,80.40%,19.60%,43.80%,36.60%
JaCoby Jones,Tigers,27,,-2.5,-11.2,-0.2,,88,333,,11,39,26,7,,8.10%,28.20%,0.195,0.304,14.70%,,0.235,0.31,0.43,0.74,92,,75.70%,13.20%,43.40%,43.40%
Miguel Rojas,Marlins,30,,-7.6,11.3,1.8,,114,448,,5,46,37,7,,6.90%,12.70%,0.098,0.319,4.90%,,0.287,0.339,0.385,0.724,93,,84.20%,14.00%,51.70%,34.30%
Cesar Hernandez,Phillies,29,,-7.7,3.7,1.4,,142,583,,10,68,61,9,,6.30%,14.10%,0.119,0.313,7.80%,,0.28,0.331,0.399,0.73,88,,84.20%,20.30%,46.90%,32.80%
Enrique Hernandez,Dodgers,27,,-2.7,2.2,1.3,,116,415,,17,50,60,3,,8.00%,20.70%,0.188,0.267,13.20%,,0.242,0.311,0.43,0.741,93,,76.20%,16.90%,41.40%,41.70%
Tyler Austin,- - -,27,,2,-2,0.5,,79,162,,9,30,23,2,,14.20%,38.30%,0.23,0.265,29.00%,,0.194,0.309,0.424,0.733,93,,62.80%,9.10%,46.80%,44.20%
Matt Adams,Nationals,30,,-6.9,-3.6,0,,106,318,,20,41,56,0,,6.00%,34.30%,0.25,0.28,23.80%,,0.226,0.277,0.476,0.753,86,,68.70%,17.60%,43.10%,39.40%
Christin Stewart,Tigers,25,,-5.9,-10.5,-0.4,,87,352,,10,31,39,0,,8.80%,24.10%,0.177,0.295,10.40%,,0.242,0.318,0.419,0.738,91,,75.60%,15.70%,47.80%,36.50%
Todd Frazier,Mets,33,,-4.6,1.2,1.1,,117,443,,18,53,59,1,,7.70%,21.90%,0.183,0.264,14.20%,,0.233,0.309,0.416,0.725,93,,75.60%,19.90%,47.40%,32.80%
Ryan Goins,White Sox,31,,-2.8,1.3,0.4,,45,154,,2,12,10,0,,11.00%,27.30%,0.104,0.363,7.10%,,0.259,0.346,0.363,0.709,94,,74.60%,12.80%,60.60%,26.60%
Sean Rodriguez,Phillies,34,,-2.3,-0.3,0.1,,66,114,,4,20,11,1,,10.50%,30.70%,0.168,0.298,18.20%,,0.221,0.324,0.389,0.714,88,,68.40%,23.40%,37.50%,39.10%
Jose Iglesias,Reds,29,,-11.2,10.9,1.5,,133,481,,11,58,53,5,,3.30%,13.50%,0.124,0.319,11.00%,,0.292,0.319,0.416,0.735,86,,86.20%,19.40%,48.60%,32.00%
Stephen Piscotty,Athletics,28,,-2.1,-5.2,0.6,,92,389,,13,46,44,2,,7.50%,21.30%,0.164,0.292,13.10%,,0.252,0.312,0.416,0.728,95,,72.60%,10.60%,49.60%,39.80%
Chad Wallach,Marlins,27,,-0.5,1.7,0.3,,19,54,,1,4,3,0,,11.10%,22.20%,0.125,0.314,6.30%,,0.25,0.333,0.375,0.708,92,,73.60%,8.30%,52.80%,38.90%
J.P. Crawford,Mariners,24,,-2.1,4,1.3,,79,338,,6,38,40,5,,10.70%,21.00%,0.156,0.294,7.30%,,0.241,0.322,0.397,0.719,94,,81.00%,22.60%,47.00%,30.40%
Josh Naylor,Padres,22,,-3.4,-3.3,0.1,,77,228,,7,25,29,1,,8.80%,21.90%,0.159,0.298,15.20%,,0.251,0.316,0.411,0.726,90,,81.00%,20.90%,41.80%,37.30%
Thairo Estrada,Yankees,23,,0.4,-0.9,0.2,,28,61,,3,11,11,3,,4.90%,23.00%,0.211,0.275,25.00%,,0.246,0.283,0.456,0.739,90,,75.50%,6.80%,63.60%,29.60%
Justin Upton,Angels,31,,-2.5,-7.9,-0.1,,62,253,,12,34,40,1,,12.30%,30.80%,0.203,0.265,17.90%,,0.217,0.308,0.419,0.728,92,,68.70%,19.40%,38.90%,41.70%
Shed Long,Mariners,23,,0,-0.7,0.2,,24,91,,2,11,6,3,,11.00%,24.20%,0.16,0.298,10.00%,,0.235,0.319,0.395,0.714,94,,75.50%,22.00%,44.10%,33.90%
Ryan Zimmerman,Nationals,34,,-2.9,-2.8,-0.1,,38,150,,5,14,22,0,,8.70%,20.00%,0.178,0.275,12.80%,,0.244,0.307,0.422,0.729,84,,77.10%,17.80%,42.10%,40.20%
Ryon Healy,Mariners,27,,-3.7,-4.7,-0.2,,47,187,,7,24,26,0,,7.00%,21.40%,0.219,0.262,11.90%,,0.237,0.289,0.456,0.744,94,,76.90%,16.50%,49.60%,33.80%
Brandon Dixon,Tigers,27,,-4.2,-8.6,0.1,,105,379,,15,38,48,5,,5.00%,32.70%,0.199,0.332,16.30%,,0.247,0.29,0.446,0.736,89,,66.20%,15.10%,41.00%,44.00%
Jake Marisnick,Astros,28,,0.1,4.4,1.4,,109,292,,10,45,33,10,,5.50%,30.10%,0.187,0.32,16.10%,,0.24,0.298,0.427,0.725,93,,74.10%,21.40%,46.70%,31.90%
Manny Pina,Brewers,32,,-3.1,7.9,1,,71,164,,7,10,22,0,,7.90%,28.00%,0.189,0.284,16.30%,,0.23,0.305,0.419,0.724,84,,75.20%,16.70%,45.10%,38.20%
Robinson Cano,Mets,36,,-5.7,-0.2,0.6,,91,364,,12,40,36,0,,5.20%,16.50%,0.174,0.281,13.60%,,0.259,0.302,0.432,0.735,91,,82.60%,18.10%,44.30%,37.60%
Myles Straw,Astros,24,,1.7,2.1,0.7,,47,108,,0,23,5,7,,14.80%,20.40%,0.055,0.333,0.00%,,0.253,0.364,0.308,0.672,93,,87.30%,15.70%,54.30%,30.00%
Harold Ramirez,Marlins,24,,-3.2,-4.8,0.4,,100,383,,10,48,46,2,,3.90%,20.90%,0.138,0.326,15.60%,,0.273,0.311,0.412,0.722,90,,76.70%,18.70%,45.60%,35.70%
Willy Adames,Rays,23,,-3.4,6.4,2.1,,136,529,,17,60,43,4,,7.80%,26.30%,0.156,0.316,16.70%,,0.249,0.312,0.405,0.716,92,,75.40%,14.20%,43.90%,41.90%
Jesus Aguilar,- - -,29,,-8.1,-5.7,-0.2,,119,345,,10,37,43,0,,11.90%,21.40%,0.143,0.274,11.90%,,0.235,0.327,0.378,0.705,86,,76.10%,17.30%,41.80%,40.90%
Didi Gregorius,Yankees,29,,-3.2,3,1,,68,285,,14,42,50,1,,4.20%,14.70%,0.207,0.245,14.10%,,0.248,0.281,0.456,0.736,88,,79.40%,19.10%,47.80%,33.00%
Jacob Stallings,Pirates,29,,-3.5,8,1,,61,175,,5,23,11,0,,8.60%,19.40%,0.121,0.314,11.60%,,0.268,0.339,0.389,0.728,86,,74.50%,13.70%,50.00%,36.30%
Jason Kipnis,Indians,32,,-10.2,4.4,1.1,,117,496,,17,50,65,7,,7.90%,17.70%,0.169,0.272,11.60%,,0.249,0.308,0.418,0.726,84,,81.40%,14.10%,48.10%,37.80%
Teoscar Hernandez,Blue Jays,26,,-5.2,-4.2,0.5,,111,406,,21,51,53,4,,9.40%,33.50%,0.221,0.276,21.00%,,0.216,0.291,0.437,0.728,89,,68.30%,16.00%,40.70%,43.30%
Gregory Polanco,Pirates,27,,-2.9,-4.7,-0.2,,42,167,,6,23,17,3,,7.20%,29.30%,0.183,0.316,13.00%,,0.242,0.301,0.425,0.726,86,,70.80%,19.20%,42.30%,38.50%
Robbie Grossman,Athletics,29,,-4.9,-1.6,0.9,,124,451,,6,53,36,9,,12.40%,18.00%,0.11,0.293,5.50%,,0.245,0.339,0.355,0.694,92,,85.60%,15.00%,50.20%,34.80%
Freddy Galvis,- - -,29,,-8.7,3,1.4,,142,569,,22,66,65,4,,4.40%,24.60%,0.176,0.312,14.30%,,0.261,0.292,0.436,0.728,87,,74.10%,13.60%,49.50%,36.90%
Adam Haseley,Phillies,23,,-2.5,3.3,0.6,,49,174,,4,23,19,4,,5.70%,24.70%,0.137,0.333,16.00%,,0.261,0.316,0.398,0.714,84,,72.20%,15.30%,48.30%,36.40%
Jurickson Profar,Athletics,26,,-4.8,0.6,1.2,,124,472,,20,62,65,7,,8.70%,15.00%,0.197,0.22,15.70%,,0.221,0.301,0.418,0.719,91,,81.10%,21.60%,40.60%,37.80%
Yadier Molina,Cardinals,36,,-9.9,6.7,0.9,,96,376,,8,39,49,4,,4.80%,11.20%,0.131,0.289,7.50%,,0.274,0.311,0.405,0.716,87,,82.70%,15.70%,43.10%,41.20%
Kevin Pillar,- - -,30,,-5,1.1,1.4,,144,571,,21,75,80,11,,2.60%,14.40%,0.19,0.27,12.10%,,0.26,0.287,0.45,0.737,88,,83.10%,19.50%,42.70%,37.80%
Melky Cabrera,Pirates,34,,-9.4,-9.6,-0.7,,121,371,,7,40,44,2,,4.30%,10.20%,0.122,0.299,7.60%,,0.28,0.314,0.402,0.716,85,,86.60%,23.40%,45.30%,31.30%
Chris Iannetta,Rockies,36,,-8.9,-2,-0.5,,52,164,,6,20,21,0,,11.00%,32.90%,0.194,0.306,20.00%,,0.222,0.311,0.417,0.728,69,,67.10%,14.30%,38.50%,47.30%
Dylan Moore,Mariners,26,,-4,-1.2,0.4,,101,251,,7,27,22,11,,9.60%,31.90%,0.174,0.298,10.90%,,0.211,0.312,0.385,0.697,90,,75.40%,20.10%,45.30%,34.50%
Jake Lamb,Diamondbacks,28,,-3,-2.7,0,,62,185,,5,24,22,1,,14.60%,24.90%,0.163,0.243,11.60%,,0.196,0.33,0.359,0.689,83,,74.20%,12.00%,38.90%,49.10%
Ronald Guzman,Rangers,24,,-10.3,-1.5,-0.3,,75,251,,9,30,31,1,,11.20%,29.50%,0.203,0.268,17.60%,,0.212,0.303,0.415,0.718,78,,71.60%,20.40%,40.80%,38.80%
Luis Rengifo,Angels,22,,-5.5,4.1,1.2,,102,393,,7,44,32,1,,10.20%,22.40%,0.131,0.298,8.80%,,0.238,0.324,0.369,0.693,88,,76.30%,16.50%,50.80%,32.70%
Manuel Margot,Padres,24,,-2.2,6.1,1.6,,133,388,,11,54,32,19,,9.00%,18.60%,0.155,0.271,9.80%,,0.238,0.311,0.393,0.703,85,,80.60%,20.80%,47.30%,31.90%
Luis Guillorme,Mets,24,,-0.7,0.1,0.1,,38,58,,1,6,3,0,,12.10%,20.70%,0.143,0.278,6.70%,,0.224,0.321,0.367,0.689,88,,81.60%,7.70%,61.50%,30.80%
Starlin Castro,Marlins,29,,-14,2.4,0.8,,143,597,,18,57,76,2,,4.00%,16.90%,0.151,0.296,12.00%,,0.27,0.298,0.42,0.718,87,,82.30%,15.70%,42.80%,41.50%
Elvis Andrus,Rangers,30,,-13.5,7.2,1.4,,130,572,,10,71,63,27,,5.20%,14.30%,0.121,0.303,8.30%,,0.274,0.313,0.394,0.707,77,,81.30%,14.30%,47.40%,38.40%
Randal Grichuk,Blue Jays,27,,-13.3,-3,0.3,,134,557,,25,64,64,2,,6.10%,26.20%,0.207,0.27,16.30%,,0.23,0.282,0.437,0.719,86,,74.10%,19.30%,44.20%,36.50%
Josh Phegley,Athletics,31,,-8.3,3.8,0.7,,99,323,,11,43,59,0,,4.60%,17.00%,0.176,0.265,11.20%,,0.247,0.293,0.424,0.717,89,,78.60%,18.20%,47.40%,34.40%
Buster Posey,Giants,32,,-12.3,15.1,1.6,,105,412,,6,40,35,0,,8.00%,16.30%,0.113,0.299,6.70%,,0.257,0.324,0.37,0.694,86,,82.10%,13.00%,50.70%,36.40%
Jake Bauers,Indians,23,,-9.7,-7.9,-0.3,,107,403,,12,45,43,3,,10.20%,27.30%,0.152,0.295,12.90%,,0.23,0.313,0.382,0.695,80,,78.40%,17.70%,49.80%,32.50%
Russell Martin,Dodgers,36,,-4.4,8.9,1.2,,77,230,,6,28,19,0,,12.60%,23.00%,0.115,0.269,15.40%,,0.22,0.343,0.335,0.679,86,,75.10%,17.90%,48.60%,33.60%
Tucker Barnhart,Reds,28,,-11.5,8.6,0.7,,97,313,,9,28,36,1,,12.10%,23.00%,0.144,0.283,13.80%,,0.232,0.33,0.376,0.707,79,,77.70%,17.40%,46.80%,35.80%
Delino DeShields,Rangers,26,,-6.8,3.3,0.9,,105,358,,4,36,31,21,,10.10%,25.40%,0.1,0.338,5.90%,,0.249,0.331,0.35,0.681,76,,79.20%,12.70%,56.10%,31.10%
Robel Garcia,Cubs,26,,-1.5,-0.4,0,,23,68,,4,7,8,0,,5.90%,42.60%,0.286,0.29,22.20%,,0.206,0.25,0.492,0.742,82,,58.70%,22.90%,34.30%,42.90%
Kevan Smith,Angels,31,,-4.1,-3.9,-0.2,,55,168,,4,20,14,2,,9.50%,17.30%,0.142,0.259,14.30%,,0.23,0.315,0.372,0.687,86,,80.80%,15.00%,48.30%,36.70%
Logan Forsythe,Rangers,32,,-11.5,0.6,0.2,,101,367,,7,38,39,2,,12.00%,27.20%,0.126,0.307,9.10%,,0.227,0.325,0.353,0.678,75,,80.30%,13.20%,39.30%,47.50%
Adalberto Mondesi,Royals,23,,-2.9,12.6,2.3,,89,391,,7,51,54,37,,4.30%,28.40%,0.156,0.356,8.20%,,0.266,0.294,0.422,0.716,82,,65.00%,20.20%,40.80%,38.90%
Josh Reddick,Astros,32,,-8.8,-5,0.4,,128,506,,12,52,48,4,,6.50%,11.70%,0.126,0.279,7.90%,,0.267,0.311,0.393,0.704,87,,87.30%,17.00%,50.40%,32.60%
Kyle Farmer,Reds,28,,-4,-1.6,0,,90,177,,8,20,25,4,,5.10%,29.90%,0.183,0.298,20.50%,,0.238,0.288,0.421,0.709,77,,72.30%,16.10%,41.10%,42.90%
Lorenzo Cain,Brewers,33,,-15.5,7.4,1,,130,563,,8,68,42,16,,8.30%,16.90%,0.101,0.297,8.20%,,0.255,0.323,0.356,0.679,78,,82.70%,17.40%,46.80%,35.90%
Christian Arroyo,Rays,24,,-1,-1,0,,16,57,,2,8,7,0,,8.80%,31.60%,0.16,0.3,22.20%,,0.22,0.304,0.38,0.684,85,,69.90%,27.30%,45.50%,27.30%
Rougned Odor,Rangers,25,,-16.7,-0.6,0.1,,128,513,,24,65,75,8,,8.80%,30.60%,0.219,0.249,17.50%,,0.204,0.281,0.423,0.704,73,,73.00%,17.00%,38.60%,44.40%
Harrison Bader,Cardinals,25,,-8.5,13.7,1.6,,109,332,,7,43,32,8,,12.30%,25.90%,0.143,0.275,8.50%,,0.211,0.326,0.354,0.68,82,,76.70%,15.20%,44.70%,40.10%
Chad Pinder,Athletics,27,,-7.8,3.7,0.7,,111,328,,12,40,43,0,,5.20%,23.50%,0.182,0.273,18.20%,,0.235,0.284,0.417,0.702,85,,76.30%,17.00%,44.10%,38.90%
Rio Ruiz,Orioles,25,,-10.2,3.3,0.5,,110,348,,10,30,38,0,,9.50%,23.30%,0.138,0.287,12.20%,,0.237,0.308,0.375,0.683,80,,76.50%,18.40%,46.60%,35.00%
Ben Zobrist,Cubs,38,,-4.8,3.5,0.3,,32,122,,0,18,11,0,,13.90%,13.90%,0.019,0.307,0.00%,,0.262,0.361,0.282,0.642,78,,83.70%,22.70%,51.10%,26.10%
Cam Gallagher,Royals,26,,-6.9,4.7,0.3,,45,142,,3,14,12,0,,7.70%,19.70%,0.127,0.281,7.90%,,0.238,0.312,0.365,0.677,79,,82.50%,13.00%,55.00%,32.00%
Leury Garcia,White Sox,28,,-6.9,-1.4,1.1,,127,561,,7,87,38,15,,3.40%,23.40%,0.101,0.356,7.90%,,0.277,0.309,0.379,0.687,83,,77.40%,14.30%,57.00%,28.60%
Rowdy Tellez,Blue Jays,24,,-10.5,-5.7,-0.4,,96,349,,17,39,45,1,,6.30%,28.70%,0.207,0.26,21.00%,,0.219,0.281,0.426,0.707,81,,70.70%,16.30%,43.90%,39.80%
Jose Trevino,Rangers,26,,-5.4,0.5,-0.2,,26,71,,2,11,7,0,,2.80%,26.80%,0.149,0.34,13.30%,,0.269,0.286,0.418,0.704,72,,76.60%,22.00%,40.00%,38.00%
Addison Russell,Cubs,25,,-6.7,4.3,0.5,,76,229,,9,23,23,2,,8.70%,24.00%,0.163,0.262,17.00%,,0.227,0.303,0.389,0.692,78,,71.60%,19.90%,48.30%,31.80%
Tony Wolters,Rockies,27,,-19.8,2.7,-0.5,,106,369,,1,38,36,0,,8.10%,16.50%,0.068,0.323,1.30%,,0.271,0.338,0.338,0.676,63,,83.00%,15.40%,54.80%,29.80%
Kevin Kiermaier,Rays,29,,-5.5,8.2,1.8,,116,441,,13,57,53,19,,5.70%,20.60%,0.175,0.276,14.10%,,0.238,0.286,0.414,0.7,83,,77.80%,19.60%,49.10%,31.40%
Dwight Smith Jr.,Orioles,26,,-10,-12.5,-1,,89,353,,12,41,48,5,,6.80%,20.10%,0.171,0.259,13.50%,,0.233,0.289,0.404,0.693,78,,73.90%,20.00%,51.40%,28.60%
Yan Gomes,Nationals,31,,-12.1,7.4,0.5,,81,295,,9,29,33,1,,11.20%,21.70%,0.147,0.254,11.10%,,0.217,0.315,0.364,0.68,74,,78.40%,19.60%,51.60%,28.90%
Willians Astudillo,Twins,27,,-6.9,0,-0.1,,45,160,,3,21,15,0,,1.30%,3.80%,0.114,0.264,5.30%,,0.275,0.3,0.389,0.689,78,,91.70%,21.80%,46.90%,31.30%
Derek Fisher,- - -,25,,-2.9,-0.8,0.1,,45,141,,6,21,14,5,,12.10%,31.90%,0.194,0.247,25.00%,,0.194,0.291,0.387,0.678,81,,68.50%,16.50%,44.30%,39.20%
Joey Rickard,- - -,28,,-4.4,-2.2,-0.1,,56,167,,3,13,8,3,,10.20%,24.60%,0.143,0.282,7.10%,,0.218,0.311,0.361,0.672,77,,79.60%,20.80%,48.10%,31.10%
Dee Gordon,Mariners,31,,-5.9,-3.3,0.4,,102,379,,3,36,33,22,,3.70%,13.70%,0.09,0.32,3.80%,,0.284,0.309,0.374,0.682,82,,85.50%,20.50%,57.40%,22.10%
Matt Wieters,Cardinals,33,,-5.8,-3.1,-0.3,,59,172,,10,14,23,1,,6.40%,26.70%,0.215,0.231,21.70%,,0.215,0.267,0.43,0.698,79,,77.40%,12.30%,38.60%,49.10%
Roman Quinn,Phillies,26,,-2,-0.7,0.1,,44,122,,4,18,11,8,,9.80%,27.90%,0.157,0.271,18.20%,,0.213,0.298,0.37,0.668,74,,71.70%,17.30%,50.70%,32.00%
Ildemaro Vargas,Diamondbacks,27,,-7.1,-2.4,-0.3,,79,187,,5,23,21,1,,4.80%,11.20%,0.124,0.27,13.50%,,0.26,0.294,0.384,0.678,74,,89.10%,19.10%,47.10%,33.80%
Andrew Knizner,Cardinals,24,,-1.9,-1.7,-0.2,,16,52,,2,7,6,2,,7.70%,23.10%,0.17,0.242,15.40%,,0.213,0.288,0.383,0.671,78,,74.70%,22.90%,37.10%,40.00%
Andrelton Simmons,Angels,29,,-11.1,11.1,1.2,,87,359,,6,39,33,10,,5.80%,8.10%,0.101,0.272,6.10%,,0.261,0.306,0.362,0.668,79,,86.60%,17.50%,47.40%,35.10%
Jarrod Dyson,Diamondbacks,34,,-6.2,5.7,1.3,,119,416,,7,60,24,30,,10.30%,19.00%,0.095,0.284,8.00%,,0.238,0.318,0.332,0.651,73,,80.70%,21.80%,49.20%,29.00%
Francisco Cervelli,- - -,33,,-6.7,3.7,0.1,,39,138,,1,12,9,1,,8.00%,23.90%,0.107,0.307,3.00%,,0.23,0.314,0.336,0.65,74,,77.40%,10.00%,52.20%,37.80%
Maikel Franco,Phillies,26,,-17.4,2.2,-0.3,,108,386,,16,45,51,0,,8.50%,13.70%,0.18,0.236,13.40%,,0.237,0.301,0.417,0.718,72,,81.00%,22.30%,43.30%,34.30%
Jonathan Lucroy,- - -,33,,-15.1,-1.4,-0.5,,91,314,,7,29,34,0,,7.60%,15.60%,0.117,0.262,8.90%,,0.238,0.306,0.355,0.66,77,,86.50%,17.40%,48.30%,34.30%
Mallex Smith,Mariners,26,,-6.2,-9,0.3,,120,523,,6,66,35,40,,7.50%,25.40%,0.117,0.312,5.80%,,0.234,0.305,0.35,0.656,79,,73.70%,25.80%,46.60%,27.60%
Ronny Rodriguez,Tigers,27,,-7.6,1.8,0.3,,74,262,,13,26,40,3,,4.20%,28.20%,0.232,0.25,17.10%,,0.22,0.248,0.451,0.699,74,,66.20%,17.50%,41.80%,40.70%
Matt Thaiss,Angels,24,,-5.1,-2.8,-0.3,,41,127,,6,13,19,0,,11.00%,29.90%,0.204,0.217,20.00%,,0.186,0.276,0.389,0.665,76,,68.90%,17.30%,38.70%,44.00%
Kelvin Gutierrez,Royals,24,,-2.6,-0.1,0,,20,79,,1,4,11,1,,6.30%,30.40%,0.096,0.367,12.50%,,0.26,0.304,0.356,0.66,72,,70.10%,12.00%,56.00%,32.00%
Guillermo Heredia,Rays,28,,-4.8,-2.1,0.1,,79,213,,4,27,17,2,,8.00%,24.40%,0.123,0.28,8.90%,,0.219,0.303,0.342,0.646,77,,75.50%,22.50%,48.60%,29.00%
Yolmer Sanchez,White Sox,27,,-13,6.9,1.1,,132,485,,2,53,38,5,,8.00%,21.20%,0.071,0.326,1.70%,,0.253,0.319,0.325,0.644,76,,78.80%,20.40%,53.10%,26.60%
Harold Castro,Tigers,25,,-10.6,-5.1,-0.4,,83,313,,4,24,36,4,,2.20%,24.00%,0.09,0.36,8.20%,,0.283,0.296,0.373,0.669,73,,77.70%,8.70%,51.30%,40.00%
Sam Travis,Red Sox,25,,-6,-4.6,-0.6,,50,135,,6,16,15,2,,7.40%,21.50%,0.177,0.244,18.80%,,0.226,0.281,0.403,0.685,69,,79.10%,20.80%,43.80%,35.40%
Greg Allen,Indians,26,,-8.7,2.2,0.1,,74,224,,4,28,25,6,,4.00%,20.50%,0.129,0.283,8.50%,,0.234,0.295,0.363,0.659,69,,76.70%,16.90%,48.80%,34.40%
Cheslor Cuthbert,Royals,26,,-13.7,-7.2,-1,,78,302,,8,23,35,1,,5.00%,20.20%,0.13,0.287,9.30%,,0.246,0.288,0.375,0.664,71,,78.50%,19.20%,43.30%,37.50%
Brandon Crawford,Giants,32,,-17.8,4.4,0.3,,132,502,,11,55,54,3,,9.00%,21.10%,0.131,0.27,11.00%,,0.226,0.299,0.357,0.656,74,,74.50%,17.80%,42.80%,39.40%
Billy McKinney,Blue Jays,24,,-8.9,-2.3,-0.3,,71,241,,9,30,23,0,,5.80%,26.10%,0.195,0.252,14.50%,,0.213,0.264,0.407,0.671,72,,76.00%,19.10%,43.80%,37.00%
Joe Panik,- - -,28,,-19.4,3,-0.1,,130,476,,4,47,38,4,,8.40%,9.70%,0.087,0.263,3.10%,,0.244,0.312,0.331,0.643,73,,90.10%,18.40%,44.60%,37.10%
Yairo Munoz,Cardinals,24,,-6.2,-1.9,-0.2,,83,173,,2,20,13,8,,2.90%,19.70%,0.09,0.328,6.30%,,0.271,0.295,0.361,0.656,72,,75.40%,21.10%,48.90%,30.10%
Isiah Kiner-Falefa,Rangers,24,,-9.1,-6,-0.8,,58,193,,1,20,20,2,,7.30%,22.80%,0.092,0.31,2.60%,,0.237,0.307,0.329,0.637,63,,81.90%,12.20%,52.70%,35.10%
Scott Heineman,Rangers,26,,-4.1,-0.8,-0.3,,18,56,,1,5,3,0,,8.90%,25.00%,0.16,0.257,8.30%,,0.2,0.286,0.36,0.646,63,,72.30%,30.60%,44.40%,25.00%
Travis Demeritte,Tigers,24,,-4.6,-3.5,-0.3,,34,135,,2,16,8,3,,8.90%,34.80%,0.116,0.356,7.70%,,0.231,0.299,0.347,0.646,70,,69.20%,14.50%,43.40%,42.10%
John Ryan Murphy,Diamondbacks,28,,-2.3,2.1,0.2,,25,69,,4,9,7,0,,8.70%,40.60%,0.242,0.233,30.80%,,0.177,0.25,0.419,0.669,68,,63.60%,22.90%,40.00%,37.10%
Daniel Robertson,Rays,25,,-10.5,0.9,-0.2,,64,218,,2,22,19,2,,10.60%,25.20%,0.09,0.288,5.40%,,0.212,0.317,0.302,0.618,74,,79.90%,18.70%,50.00%,31.30%
Luis Urias,Padres,22,,-9,0.4,-0.3,,53,178,,2,19,15,0,,12.40%,20.20%,0.081,0.243,5.60%,,0.195,0.326,0.275,0.601,70,,79.30%,15.00%,49.60%,35.40%
Welington Castillo,White Sox,32,,-12.6,-6.8,-1.1,,64,224,,9,16,30,0,,6.70%,29.90%,0.185,0.254,17.60%,,0.205,0.268,0.39,0.658,73,,73.40%,20.10%,44.60%,35.30%
Martin Maldonado,- - -,32,,-16.7,9.9,0.5,,96,342,,9,41,23,0,,7.60%,22.80%,0.149,0.257,12.00%,,0.214,0.285,0.364,0.649,69,,77.80%,16.40%,44.40%,39.20%
JB Shuck,Pirates,32,,-2.1,-0.4,-0.1,,27,57,,0,4,2,1,,14.00%,17.50%,0.043,0.27,0.00%,,0.213,0.339,0.255,0.595,69,,82.40%,29.00%,55.30%,15.80%
Yonder Alonso,- - -,32,,-16.6,-6.1,-1.1,,107,322,,10,34,36,0,,11.50%,21.10%,0.149,0.224,12.50%,,0.199,0.295,0.349,0.644,68,,76.50%,17.20%,48.80%,34.00%
Hanley Ramirez,Indians,35,,-2.6,-1.6,-0.2,,16,57,,2,4,8,0,,14.00%,29.80%,0.143,0.233,22.20%,,0.184,0.298,0.327,0.625,65,,65.10%,18.80%,37.50%,43.80%
Gordon Beckham,Tigers,32,,-9.4,0.9,0,,77,227,,5,27,14,2,,5.70%,28.60%,0.152,0.293,9.10%,,0.219,0.278,0.371,0.649,69,,73.80%,12.40%,44.10%,43.50%
Khris Davis,Athletics,31,,-18,-11.8,-1.3,,117,472,,19,53,62,0,,8.10%,26.30%,0.156,0.253,16.80%,,0.214,0.282,0.371,0.652,73,,67.90%,12.40%,42.00%,45.60%
Adeiny Hechavarria,- - -,30,,-7.1,1.4,0.1,,76,200,,6,28,27,3,,6.00%,22.00%,0.158,0.252,11.80%,,0.217,0.275,0.375,0.65,71,,77.40%,15.60%,48.20%,36.20%
Ian Kinsler,Padres,37,,-14.6,2.8,-0.3,,87,281,,9,28,22,2,,6.80%,19.20%,0.151,0.24,10.60%,,0.217,0.278,0.368,0.646,69,,81.80%,23.90%,42.90%,33.20%
Tony Kemp,- - -,27,,-10.9,2.7,0,,94,245,,7,25,22,4,,7.30%,16.70%,0.157,0.225,9.50%,,0.212,0.283,0.369,0.651,72,,84.40%,14.90%,49.20%,35.90%
Curtis Granderson,Marlins,38,,-19.4,-5.5,-1.3,,122,344,,11,42,33,0,,11.00%,27.30%,0.173,0.227,11.80%,,0.186,0.282,0.359,0.641,71,,76.60%,11.00%,44.00%,45.00%
Tyler Wade,Yankees,24,,-1.1,-1.5,0,,29,77,,1,10,6,6,,10.40%,29.90%,0.061,0.333,11.10%,,0.227,0.32,0.288,0.608,69,,73.40%,20.00%,55.60%,24.40%
Justin Bour,Angels,31,,-7.4,-1,-0.3,,47,162,,8,18,26,0,,9.90%,29.60%,0.201,0.202,21.10%,,0.181,0.265,0.382,0.647,71,,73.40%,17.50%,42.30%,40.20%
Ty France,Padres,24,,-9.7,1.6,-0.3,,54,159,,5,14,19,0,,3.10%,23.90%,0.155,0.264,11.90%,,0.223,0.27,0.378,0.649,68,,79.60%,18.00%,38.70%,43.20%
Dawel Lugo,Tigers,24,,-11,0.8,-0.2,,61,228,,4,22,23,0,,2.20%,20.60%,0.124,0.302,8.70%,,0.253,0.276,0.378,0.654,67,,79.60%,14.00%,55.80%,30.20%
Jon Jay,White Sox,34,,-6.5,-9,-0.9,,47,182,,0,12,9,0,,4.40%,16.50%,0.048,0.324,0.00%,,0.267,0.311,0.315,0.626,70,,85.70%,19.90%,58.90%,21.30%
Albert Almora Jr.,Cubs,25,,-16.6,-0.8,-0.6,,119,350,,12,40,32,2,,4.30%,16.90%,0.15,0.256,15.60%,,0.239,0.272,0.388,0.661,66,,77.40%,24.40%,44.40%,31.30%
Kristopher Negron,- - -,33,,-0.7,0,0.2,,32,74,,2,11,8,1,,6.80%,33.80%,0.101,0.357,14.30%,,0.246,0.297,0.348,0.645,70,,67.60%,11.40%,56.80%,31.80%
Danny Jansen,Blue Jays,24,,-14.9,16.3,1.4,,101,358,,12,36,42,0,,8.10%,20.10%,0.155,0.225,11.90%,,0.204,0.277,0.359,0.636,68,,80.80%,17.90%,40.10%,42.10%
Tyler White,- - -,28,,-11.7,-5.5,-0.7,,83,279,,3,18,23,0,,12.90%,28.00%,0.096,0.29,5.30%,,0.208,0.308,0.304,0.612,71,,78.30%,13.90%,50.90%,35.20%
Hernan Perez,Brewers,28,,-12.2,3.8,-0.1,,80,218,,6,26,15,5,,4.60%,27.50%,0.136,0.305,12.50%,,0.238,0.272,0.374,0.646,63,,76.30%,17.60%,42.60%,39.90%
Adam Engel,White Sox,27,,-5.3,1.5,0.3,,71,189,,2,19,19,3,,6.90%,30.20%,0.101,0.318,5.70%,,0.219,0.298,0.32,0.617,69,,70.70%,23.90%,51.30%,24.80%
Jose Peraza,Reds,25,,-17.8,2.4,-0.4,,123,339,,6,32,33,5,,4.10%,15.30%,0.108,0.266,5.30%,,0.238,0.286,0.346,0.632,62,,85.00%,20.40%,46.00%,33.60%
Elias Diaz,Pirates,28,,-14.4,-7.6,-1.2,,93,300,,2,29,25,0,,7.00%,17.70%,0.069,0.3,2.80%,,0.25,0.303,0.319,0.622,65,,78.30%,26.70%,40.90%,32.40%
Odubel Herrera,Phillies,27,,-6.3,-2.1,-0.4,,39,139,,1,12,16,2,,7.90%,23.70%,0.119,0.29,3.00%,,0.222,0.288,0.341,0.629,63,,73.60%,24.50%,44.70%,30.90%
Gerardo Parra,- - -,32,,-15.4,0.7,-0.5,,109,281,,7,35,37,8,,6.40%,20.30%,0.137,0.254,11.90%,,0.219,0.282,0.355,0.638,63,,78.60%,14.90%,55.70%,29.40%
Zack Wheeler,Mets,29,,-2.3,6.7,0.6,,27,54,,1,5,4,0,,3.70%,31.50%,0.104,0.333,16.70%,,0.229,0.288,0.333,0.622,69,,72.30%,30.30%,57.60%,12.10%
Steve Wilkerson,Orioles,27,,-14.9,-6.3,-1,,105,319,,10,34,34,2,,5.00%,31.70%,0.159,0.285,14.10%,,0.214,0.266,0.373,0.639,64,,75.40%,16.30%,52.00%,31.60%
Brandon Drury,Blue Jays,26,,-16.6,-4,-0.6,,110,406,,14,37,40,0,,5.20%,25.40%,0.163,0.262,14.10%,,0.22,0.261,0.383,0.644,66,,74.50%,25.30%,35.90%,38.80%
Cory Spangenberg,Brewers,28,,-2.4,1.4,0.1,,15,52,,1,4,4,1,,3.80%,32.70%,0.143,0.355,25.00%,,0.245,0.275,0.388,0.662,61,,69.60%,27.30%,45.50%,27.30%
Ryan Cordell,White Sox,27,,-9.6,-0.6,-0.2,,87,225,,6,19,21,2,,5.80%,28.90%,0.129,0.293,10.00%,,0.223,0.277,0.351,0.629,67,,70.10%,22.40%,48.30%,29.40%
Leonys Martin,Indians,31,,-13,-2.2,-0.6,,65,264,,9,32,19,4,,8.00%,29.50%,0.144,0.255,13.60%,,0.199,0.276,0.343,0.619,60,,68.80%,19.90%,49.70%,30.40%
Johan Camargo,Braves,25,,-12.4,-3.3,-0.8,,96,243,,6,29,31,1,,5.80%,17.30%,0.136,0.256,9.20%,,0.228,0.273,0.364,0.637,60,,76.90%,20.90%,47.60%,31.60%
Ryan O'Hearn,Royals,25,,-17.7,-6.3,-1.2,,90,328,,11,28,29,0,,11.00%,25.30%,0.155,0.218,14.50%,,0.186,0.277,0.341,0.619,61,,77.20%,13.90%,46.60%,39.40%
Carlos Gomez,Mets,33,,-4.3,-0.4,-0.1,,34,99,,3,10,10,4,,7.10%,30.30%,0.14,0.259,12.00%,,0.198,0.278,0.337,0.616,66,,71.60%,18.60%,44.10%,37.30%
Mark Reynolds,Rockies,35,,-12.5,-1.1,-0.8,,78,162,,4,13,20,2,,13.60%,35.20%,0.141,0.247,11.40%,,0.17,0.29,0.311,0.601,46,,63.90%,21.00%,40.70%,38.30%
Meibrys Viloria,Royals,22,,-7.1,2.1,-0.1,,29,106,,1,6,11,0,,7.50%,26.40%,0.082,0.319,6.70%,,0.237,0.292,0.32,0.612,61,,73.20%,17.10%,51.40%,31.40%
Andrew Knapp,Phillies,27,,-6.7,1,-0.1,,66,131,,1,11,5,0,,13.70%,31.30%,0.065,0.303,4.80%,,0.194,0.326,0.259,0.585,60,,71.10%,13.00%,49.30%,37.70%
Austin Barnes,Dodgers,29,,-12,10.1,0.6,,71,236,,5,27,23,3,,9.30%,22.90%,0.135,0.24,7.70%,,0.198,0.288,0.333,0.621,65,,79.80%,22.60%,43.90%,33.60%
Orlando Arcia,Brewers,24,,-25.9,4.8,-0.5,,135,489,,14,47,50,8,,8.60%,19.80%,0.127,0.245,13.20%,,0.218,0.283,0.345,0.628,59,,78.10%,20.90%,46.90%,32.30%
Jeimer Candelario,Tigers,25,,-16,2.9,-0.1,,79,335,,7,29,24,3,,9.90%,26.00%,0.125,0.248,8.00%,,0.193,0.287,0.318,0.604,61,,77.00%,21.50%,40.70%,37.80%
Joey Wendle,Rays,29,,-7.6,4.2,0.4,,59,201,,1,23,13,7,,4.50%,17.90%,0.094,0.272,2.30%,,0.227,0.289,0.32,0.609,65,,80.80%,15.50%,54.70%,29.70%
Steven Duggar,Giants,25,,-14.8,0.3,-0.5,,73,281,,4,26,28,1,,5.70%,27.80%,0.107,0.313,7.70%,,0.234,0.278,0.341,0.619,63,,75.50%,18.30%,48.90%,32.80%
Kevin Plawecki,Indians,28,,-10,6.3,0.2,,55,160,,3,12,16,0,,6.30%,17.50%,0.123,0.241,6.30%,,0.212,0.275,0.336,0.611,57,,81.40%,22.70%,48.70%,28.60%
Phil Gosselin,Phillies,30,,-2.4,-1,-0.2,,35,52,,0,4,7,0,,3.80%,19.20%,0.06,0.325,0.00%,,0.26,0.288,0.32,0.608,58,,76.30%,15.00%,37.50%,47.50%
Kendrys Morales,- - -,36,,-11.5,-3.9,-0.8,,53,201,,2,16,12,0,,12.90%,12.90%,0.059,0.217,4.90%,,0.194,0.313,0.253,0.566,62,,85.40%,11.00%,48.30%,40.70%
Rosell Herrera,Marlins,26,,-4.9,-4.8,-0.6,,63,119,,2,10,11,4,,9.20%,22.70%,0.114,0.25,7.70%,,0.2,0.288,0.314,0.602,62,,68.10%,15.20%,58.20%,26.60%
Jacob deGrom,Mets,31,,-3.1,7.7,0.6,,30,62,,2,3,6,0,,6.50%,25.80%,0.14,0.256,14.30%,,0.211,0.262,0.351,0.613,63,,67.20%,23.80%,47.60%,28.60%
Max Fried,Braves,25,,-3.5,7.3,0.6,,36,59,,0,11,3,0,,8.50%,22.00%,0.08,0.297,0.00%,,0.22,0.291,0.3,0.591,56,,81.50%,19.50%,46.30%,34.20%
Matt Duffy,Rays,28,,-7.3,-4.2,-0.7,,33,126,,0,10,8,0,,11.10%,15.10%,0.045,0.261,0.00%,,0.216,0.31,0.261,0.571,62,,84.00%,17.40%,50.00%,32.60%
Wilmer Difo,Nationals,27,,-9.3,0.3,-0.4,,40,136,,2,14,7,0,,8.80%,20.60%,0.065,0.29,7.40%,,0.236,0.304,0.301,0.605,53,,74.10%,26.00%,53.10%,20.80%
Brett Phillips,Royals,25,,-1.8,4.9,0.5,,18,50,,1,5,4,3,,14.00%,24.00%,0.122,0.207,7.10%,,0.171,0.286,0.293,0.578,55,,77.40%,25.80%,35.50%,38.70%
Jace Peterson,Orioles,29,,-4.7,-0.7,-0.2,,29,108,,2,14,11,4,,5.60%,22.20%,0.11,0.267,8.00%,,0.22,0.269,0.33,0.599,54,,72.80%,14.30%,50.70%,35.10%
John Hicks,Tigers,29,,-19.9,0.6,-0.8,,86,303,,11,27,27,1,,4.00%,33.00%,0.162,0.278,14.90%,,0.21,0.241,0.372,0.613,55,,66.50%,18.30%,42.90%,38.70%
D.J. Stewart,Orioles,25,,-6.3,-3.2,-0.6,,28,90,,0,7,3,1,,7.80%,22.20%,0.049,0.306,0.00%,,0.232,0.3,0.28,0.58,53,,74.30%,24.20%,38.70%,37.10%
Charlie Tilson,White Sox,26,,-5.4,-1.9,-0.2,,54,157,,1,16,12,4,,6.40%,24.20%,0.056,0.305,3.80%,,0.229,0.293,0.285,0.578,57,,77.60%,19.80%,48.10%,32.10%
Jung Ho Kang,Pirates,32,,-12.1,-4.3,-1,,65,185,,10,15,24,0,,5.90%,32.40%,0.227,0.184,23.30%,,0.169,0.222,0.395,0.617,54,,67.00%,13.30%,46.00%,40.70%
Matt Skole,White Sox,29,,-3.8,-2,-0.3,,23,70,,0,7,6,0,,8.60%,35.70%,0.032,0.385,0.00%,,0.238,0.3,0.27,0.57,57,,71.70%,25.60%,64.10%,10.30%
Garrett Hampson,Rockies,24,,-19.1,-0.2,-1.1,,88,252,,3,24,19,8,,7.50%,29.80%,0.105,0.301,5.40%,,0.214,0.272,0.319,0.591,38,,77.20%,20.30%,51.30%,28.50%
Carlos Gonzalez,- - -,33,,-11.6,-0.3,-0.6,,45,166,,3,21,10,0,,10.80%,31.30%,0.083,0.283,13.00%,,0.2,0.289,0.283,0.572,50,,66.70%,24.20%,44.20%,31.60%
Steven Matz,Mets,28,,-3.1,6.6,0.5,,32,53,,1,4,1,0,,0.00%,28.30%,0.061,0.364,11.10%,,0.265,0.265,0.327,0.592,56,,76.30%,21.10%,55.30%,23.70%
Chris Davis,Orioles,33,,-20.3,-6.7,-1.5,,98,323,,10,23,34,0,,10.50%,39.60%,0.134,0.264,16.10%,,0.173,0.266,0.307,0.574,50,,62.70%,10.80%,52.50%,36.70%
Cole Tucker,Pirates,22,,-8.1,2.4,-0.1,,47,137,,2,13,10,0,,7.30%,25.50%,0.12,0.261,8.30%,,0.2,0.265,0.32,0.585,51,,75.50%,18.70%,48.40%,33.00%
Austin Hedges,Padres,26,,-20.2,24.1,1.4,,92,315,,10,23,34,1,,6.70%,30.20%,0.143,0.236,11.20%,,0.185,0.252,0.329,0.581,52,,68.80%,24.20%,45.40%,30.40%
J.T. Riddle,Marlins,27,,-8.9,-2.1,-0.6,,51,139,,6,15,12,0,,3.60%,30.20%,0.182,0.226,20.00%,,0.189,0.23,0.371,0.601,53,,67.30%,14.40%,42.20%,43.30%
Rafael Ortega,Braves,28,,-3.7,0.4,-0.1,,21,72,,1,5,7,3,,9.70%,22.20%,0.077,0.25,4.50%,,0.2,0.278,0.277,0.555,47,,79.80%,20.40%,46.90%,32.70%
Chris Herrmann,Athletics,31,,-5.9,-0.1,-0.3,,30,94,,1,9,8,0,,9.60%,30.90%,0.071,0.296,8.30%,,0.202,0.28,0.274,0.553,53,,71.60%,16.10%,46.40%,37.50%
Juan Lagares,Mets,30,,-15.8,-2.4,-0.9,,117,259,,3,33,20,4,,7.70%,25.90%,0.094,0.279,5.50%,,0.209,0.276,0.303,0.58,53,,77.60%,17.70%,58.80%,23.50%
Nick Hundley,Athletics,35,,-6.5,1.3,-0.3,,31,73,,2,5,5,0,,2.70%,24.70%,0.157,0.24,8.30%,,0.2,0.233,0.357,0.59,53,,79.10%,23.10%,42.30%,34.60%
Tim Federowicz,Rangers,31,,-5.8,2.7,0,,28,79,,4,6,7,1,,6.30%,35.40%,0.197,0.205,25.00%,,0.169,0.224,0.366,0.59,41,,65.80%,13.00%,43.50%,43.50%
Billy Hamilton,- - -,28,,-17.1,8.8,0.3,,110,331,,0,36,14,21,,8.50%,24.50%,0.057,0.292,0.00%,,0.215,0.28,0.272,0.552,46,,78.20%,26.70%,49.80%,23.50%
Austin Allen,Padres,25,,-4.4,1.1,-0.1,,30,63,,0,4,3,0,,9.50%,27.00%,0.07,0.325,0.00%,,0.228,0.302,0.298,0.6,49,,72.30%,20.00%,50.00%,30.00%
Nicky Lopez,Royals,24,,-25.5,7.4,-0.5,,91,361,,2,37,25,1,,4.20%,13.90%,0.073,0.263,3.20%,,0.229,0.263,0.302,0.565,46,,86.60%,19.10%,55.80%,25.20%
Daniel Descalso,Cubs,32,,-14,1.6,-0.6,,75,187,,2,19,15,2,,12.30%,28.30%,0.08,0.25,5.40%,,0.179,0.28,0.259,0.539,47,,73.10%,17.10%,51.40%,31.50%
Lucas Duda,Royals,33,,-10.1,-3.6,-0.9,,39,119,,4,7,15,0,,9.20%,26.90%,0.152,0.197,10.80%,,0.171,0.252,0.324,0.576,46,,73.50%,17.30%,41.30%,41.30%
Jedd Gyorko,- - -,30,,-6.3,-1.5,-0.5,,52,86,,2,5,8,2,,9.30%,24.40%,0.09,0.236,9.50%,,0.192,0.267,0.282,0.549,49,,75.30%,31.60%,29.80%,38.60%
Mike Zunino,Rays,28,,-16.9,11.9,0.5,,82,275,,9,29,32,0,,7.30%,33.80%,0.155,0.227,12.30%,,0.171,0.24,0.325,0.565,50,,63.90%,18.90%,41.50%,39.60%
Nicky Delmonico,White Sox,26,,-4.7,-2.8,-0.5,,21,68,,1,6,6,0,,5.90%,36.80%,0.079,0.324,7.10%,,0.206,0.265,0.286,0.55,49,,62.20%,29.00%,44.70%,26.30%
Michael A. Taylor,Nationals,28,,-5.9,-1,-0.4,,47,90,,0,7,2,4,,7.80%,36.70%,0.062,0.354,0.00%,,0.21,0.273,0.272,0.544,42,,67.80%,18.00%,36.00%,46.00%
Martin Prado,Marlins,35,,-17.5,-1,-1.1,,87,227,,1,22,14,0,,4.80%,15.90%,0.052,0.274,2.20%,,0.235,0.269,0.286,0.555,48,,87.00%,17.80%,50.00%,32.20%
Sandy Leon,Red Sox,30,,-12.8,5.5,-0.1,,56,169,,5,13,17,0,,6.50%,24.90%,0.118,0.226,9.80%,,0.191,0.248,0.309,0.558,41,,81.20%,24.40%,51.30%,24.40%
German Marquez,Rockies,24,,-5.5,7.2,0.3,,29,58,,0,5,11,0,,0.00%,24.10%,0.125,0.324,0.00%,,0.229,0.229,0.354,0.583,29,,72.00%,29.60%,47.70%,22.70%
Jose Rondon,- - -,25,,-11.3,-0.6,-0.6,,56,157,,3,10,9,0,,7.00%,24.20%,0.084,0.245,9.40%,,0.196,0.263,0.28,0.543,47,,76.60%,17.00%,55.70%,27.40%
Scooter Gennett,- - -,29,,-10.4,0.8,-0.5,,42,139,,2,15,11,0,,1.40%,29.50%,0.098,0.304,6.70%,,0.226,0.245,0.323,0.568,44,,76.70%,14.00%,50.50%,35.50%
Travis Shaw,Brewers,29,,-20.6,1.2,-1.1,,72,249,,6,18,14,0,,12.40%,32.50%,0.107,0.213,9.20%,,0.154,0.273,0.262,0.535,41,,70.80%,18.10%,45.10%,36.80%
Pablo Reyes,Pirates,25,,-7.2,-2,-0.6,,56,106,,2,11,12,1,,8.50%,23.60%,0.104,0.217,6.70%,,0.177,0.255,0.281,0.536,43,,80.50%,18.30%,53.50%,28.20%
Richie Martin Jr.,Orioles,24,,-23.5,-0.7,-1.3,,110,293,,5,26,19,9,,4.80%,27.00%,0.1,0.258,8.80%,,0.197,0.249,0.297,0.547,41,,74.70%,25.30%,51.60%,23.20%
Kenta Maeda,Dodgers,31,,-4.4,7.4,0.5,,33,60,,0,3,6,0,,0.00%,21.70%,0.043,0.353,0.00%,,0.255,0.255,0.298,0.553,45,,81.80%,23.40%,63.80%,12.80%
Yangervis Solarte,Giants,31,,-6.1,0.3,-0.3,,28,78,,1,9,7,0,,5.10%,20.50%,0.11,0.25,10.00%,,0.205,0.247,0.315,0.562,44,,82.10%,19.00%,56.90%,24.10%
Brendan Rodgers,Rockies,22,,-7.7,-1.8,-0.7,,25,81,,0,8,7,0,,4.90%,33.30%,0.026,0.347,0.00%,,0.224,0.272,0.25,0.522,24,,71.40%,26.50%,42.90%,30.60%
Eduardo Nunez,Red Sox,32,,-15.4,-1.1,-1,,60,174,,2,13,20,5,,2.30%,15.50%,0.078,0.257,5.10%,,0.228,0.243,0.305,0.548,35,,83.50%,31.50%,42.70%,25.90%
Bubba Starling,Royals,26,,-12.8,-0.2,-0.7,,45,164,,3,20,9,1,,4.30%,31.10%,0.084,0.287,9.10%,,0.206,0.245,0.29,0.536,37,,70.20%,22.90%,48.60%,28.60%
Erik Gonzalez,Pirates,27,,-8.3,1.9,-0.3,,37,102,,0,9,2,4,,7.80%,24.50%,0.044,0.303,0.00%,,0.22,0.283,0.264,0.547,38,,73.00%,33.30%,43.50%,23.20%
Jesus Sucre,Orioles,31,,-5.8,1.5,-0.2,,21,67,,0,3,3,0,,6.00%,19.40%,0.032,0.265,0.00%,,0.21,0.269,0.242,0.511,36,,89.70%,22.50%,46.90%,30.60%
Austin Dean,Marlins,25,,-9.7,-4.7,-1,,45,125,,3,8,13,0,,3.20%,27.20%,0.133,0.25,11.50%,,0.2,0.224,0.333,0.557,41,,78.50%,13.80%,44.80%,41.40%
Tomas Nido,Mets,25,,-12,3.6,-0.4,,41,126,,3,7,13,0,,4.00%,24.60%,0.117,0.244,11.50%,,0.2,0.232,0.317,0.549,42,,65.30%,16.70%,48.90%,34.40%
Mac Williamson,- - -,28,,-11.4,1,-0.5,,40,144,,4,13,17,2,,9.70%,30.60%,0.102,0.2,17.40%,,0.156,0.25,0.258,0.508,41,,67.90%,23.80%,45.20%,31.00%
Grayson Greiner,Tigers,26,,-15,-0.7,-0.9,,47,191,,5,15,15,0,,6.80%,31.40%,0.102,0.241,11.90%,,0.182,0.241,0.284,0.525,37,,69.00%,18.80%,41.90%,39.30%
Keon Broxton,- - -,29,,-18.5,2.1,-0.8,,96,228,,6,23,16,10,,8.80%,45.60%,0.108,0.292,18.20%,,0.167,0.242,0.275,0.517,38,,57.10%,18.50%,51.50%,30.10%
Blake Swihart,- - -,27,,-8.3,0.1,-0.5,,43,99,,4,13,13,0,,6.10%,36.40%,0.141,0.212,21.10%,,0.163,0.222,0.304,0.527,34,,70.10%,21.40%,50.00%,28.60%
Steve Pearce,Red Sox,36,,-9.9,-3,-0.9,,29,99,,1,9,9,0,,7.10%,31.30%,0.079,0.259,4.80%,,0.18,0.245,0.258,0.503,28,,70.50%,18.60%,54.20%,27.10%
Scott Schebler,Reds,28,,-10.1,0.4,-0.6,,30,95,,2,11,7,0,,14.70%,28.40%,0.099,0.154,12.50%,,0.123,0.253,0.222,0.475,29,,73.80%,31.50%,40.70%,27.80%
Isan Diaz,Marlins,23,,-14.4,-4.4,-1.4,,31,127,,2,9,12,0,,11.80%,27.60%,0.073,0.189,5.60%,,0.145,0.252,0.218,0.47,33,,70.70%,14.50%,50.00%,35.50%
Yadiel Rivera,Marlins,27,,-4.9,-1.8,-0.4,,34,66,,0,8,3,2,,9.10%,30.30%,0.033,0.275,0.00%,,0.183,0.258,0.217,0.474,33,,62.90%,25.00%,45.00%,30.00%
Wilfredo Tovar,Angels,27,,-7.2,3.6,0,,31,88,,0,5,5,0,,5.70%,17.00%,0.06,0.235,0.00%,,0.193,0.239,0.253,0.492,31,,87.90%,23.50%,44.10%,32.40%
Lewis Brinson,Marlins,25,,-19,2.7,-1,,58,199,,0,12,12,1,,5.00%,28.60%,0.06,0.262,0.00%,,0.181,0.239,0.242,0.48,30,,70.40%,19.50%,42.20%,38.30%
Corban Joseph,- - -,30,,-5.3,-0.4,-0.4,,15,51,,1,4,6,0,,5.90%,13.70%,0.106,0.175,7.70%,,0.17,0.216,0.277,0.492,29,,87.20%,14.60%,46.30%,39.00%
Humberto Arteaga,Royals,25,,-11.4,0.3,-0.7,,36,120,,0,10,4,1,,5.00%,19.20%,0.027,0.241,0.00%,,0.191,0.246,0.218,0.464,22,,79.60%,13.50%,58.40%,28.10%
Josh Harrison,Tigers,31,,-15.3,3.5,-0.6,,36,147,,1,10,8,4,,4.10%,18.40%,0.088,0.207,2.00%,,0.175,0.218,0.263,0.48,22,,76.10%,20.50%,51.80%,27.70%
Willi Castro,Tigers,22,,-7,1.4,-0.4,,14,57,,0,3,5,0,,1.80%,38.60%,0.057,0.313,0.00%,,0.189,0.228,0.245,0.473,22,,67.20%,18.80%,53.10%,28.10%
Matt Kemp,Reds,34,,-7,-3.3,-0.8,,20,62,,1,4,5,0,,1.60%,30.60%,0.083,0.268,6.30%,,0.2,0.21,0.283,0.493,19,,60.80%,14.30%,45.20%,40.50%
Jake Rogers,Tigers,24,,-11,0.9,-0.6,,27,102,,4,9,8,0,,10.80%,44.10%,0.148,0.128,21.10%,,0.102,0.21,0.25,0.46,21,,67.20%,22.20%,46.70%,31.10%
Pat Valaika,Rockies,26,,-7.7,0.4,-0.5,,29,62,,1,7,2,0,,9.70%,40.30%,0.089,0.233,6.30%,,0.143,0.226,0.232,0.458,7,,59.00%,19.40%,48.40%,32.30%
Yonathan Daza,Rockies,25,,-10.3,1.2,-0.6,,34,84,,0,6,2,0,,4.80%,21.40%,0.025,0.258,0.00%,,0.2,0.238,0.225,0.463,6,,77.90%,25.80%,48.40%,25.80%
Nick Williams,Phillies,25,,-11.5,-0.8,-0.8,,61,108,,2,9,5,0,,3.70%,37.00%,0.098,0.233,10.50%,,0.157,0.204,0.255,0.459,16,,72.80%,22.60%,45.20%,32.30%
Madison Bumgarner,Giants,29,,-7.8,8.8,0.3,,33,71,,1,3,3,0,,12.70%,53.50%,0.051,0.3,11.10%,,0.119,0.235,0.169,0.405,18,,53.00%,20.80%,37.50%,41.70%
Luke Maile,Blue Jays,28,,-11.8,4.3,-0.3,,42,120,,2,9,9,1,,5.80%,24.20%,0.09,0.188,7.40%,,0.153,0.203,0.243,0.447,14,,80.60%,23.80%,46.40%,29.80%
Jeff Mathis,Rangers,36,,-30.1,0.4,-2,,86,240,,2,17,12,1,,6.30%,35.00%,0.067,0.245,3.70%,,0.161,0.213,0.228,0.44,4,,68.50%,23.40%,44.00%,32.60%
Stephen Strasburg,Nationals,30,,-8.7,8.9,0.2,,30,72,,1,4,9,0,,4.20%,30.60%,0.062,0.238,16.70%,,0.169,0.206,0.231,0.437,9,,74.20%,21.30%,53.20%,25.50%
Kyle Hendricks,Cubs,29,,-6.8,6.9,0.2,,28,56,,0,1,5,0,,3.60%,42.90%,0.021,0.348,0.00%,,0.17,0.22,0.191,0.411,9,,69.70%,27.60%,62.10%,10.30%
Tyler Saladino,Brewers,29,,-8.1,1.9,-0.4,,28,71,,2,7,8,2,,7.00%,36.60%,0.092,0.162,18.20%,,0.123,0.197,0.215,0.413,7,,66.70%,28.20%,30.80%,41.00%
Jonathan Davis,Blue Jays,27,,-7.1,0.4,-0.4,,21,63,,1,3,3,2,,3.20%,23.80%,0.066,0.2,6.30%,,0.164,0.19,0.23,0.42,5,,78.00%,28.30%,50.00%,21.70%
Chris Owings,- - -,27,,-20.2,4.9,-0.9,,53,164,,2,11,11,4,,6.10%,39.60%,0.086,0.2,7.70%,,0.125,0.189,0.211,0.4,1,,68.30%,14.90%,48.30%,36.80%
Max Stassi,- - -,28,,-19.2,10.5,-0.3,,51,147,,1,7,5,0,,8.20%,33.30%,0.03,0.202,3.60%,,0.136,0.211,0.167,0.378,5,,69.60%,17.70%,36.50%,45.90%
Jack Mayfield,Astros,28,,-6,1.4,-0.3,,19,54,,1,6,3,0,,1.90%,24.10%,0.151,0.154,5.60%,,0.132,0.148,0.283,0.431,5,,79.10%,15.00%,55.00%,30.00%
Jack Flaherty,Cardinals,23,,-7.2,6.8,0.1,,34,55,,0,3,4,1,,3.60%,25.50%,0.067,0.219,0.00%,,0.156,0.188,0.222,0.41,5,,76.20%,18.00%,59.00%,23.10%
Adam Wainwright,Cardinals,37,,-6.7,6.4,0.1,,27,52,,0,5,2,0,,3.80%,32.70%,0.045,0.25,0.00%,,0.159,0.191,0.205,0.396,3,,66.70%,21.20%,63.60%,15.20%
Hyun-Jin Ryu,Dodgers,32,,-7.7,7.4,0.2,,27,60,,0,2,1,0,,6.70%,33.30%,0.023,0.25,0.00%,,0.136,0.208,0.159,0.367,4,,79.50%,27.80%,52.80%,19.40%
Aaron Nola,Phillies,26,,-8.8,7.9,0.1,,31,64,,0,6,2,0,,9.40%,48.40%,0.038,0.273,0.00%,,0.113,0.203,0.151,0.354,-3,,84.50%,25.90%,40.70%,33.30%
Erik Kratz,- - -,39,,-7.3,1.6,-0.4,,21,53,,1,1,3,0,,3.80%,26.40%,0.102,0.118,6.30%,,0.102,0.17,0.204,0.374,-1,,74.50%,25.70%,45.70%,28.60%
Sonny Gray,Reds,29,,-8.1,6.9,0.1,,31,56,,0,2,3,0,,3.60%,32.10%,0.048,0.25,0.00%,,0.143,0.182,0.19,0.372,-8,,75.60%,19.40%,50.00%,30.60%
Cedric Mullins II,Orioles,24,,-10.2,-0.3,-0.8,,22,74,,0,7,4,1,,5.40%,18.90%,0.063,0.118,0.00%,,0.094,0.181,0.156,0.337,-12,,76.10%,34.00%,47.20%,18.90%
Noah Syndergaard,Mets,26,,-8.9,7.8,0.1,,28,63,,2,6,2,0,,4.80%,68.30%,0.119,0.286,28.60%,,0.102,0.145,0.22,0.366,-6,,48.10%,35.30%,35.30%,29.40%
Max Scherzer,Nationals,34,,-8,6.8,0.1,,26,55,,0,6,2,2,,0.00%,43.60%,0,0.346,0.00%,,0.18,0.18,0.18,0.36,-14,,66.30%,29.00%,48.40%,22.60%
Jake Arrieta,Phillies,33,,-7.5,6.2,0,,24,50,,0,2,4,0,,2.00%,38.00%,0.022,0.269,0.00%,,0.156,0.174,0.178,0.352,-13,,62.80%,16.70%,53.30%,30.00%
Isaac Galloway,Marlins,29,,-7.1,0.8,-0.4,,19,54,,0,6,1,2,,0.00%,31.50%,0.019,0.243,0.00%,,0.167,0.167,0.185,0.352,-11,,67.00%,27.00%,46.00%,27.00%
Franklin Barreto,Athletics,23,,-6.5,-1.2,-0.6,,18,50,,2,6,4,1,,2.00%,40.00%,0.143,0.111,20.00%,,0.102,0.12,0.245,0.365,-13,,58.50%,10.30%,69.00%,20.70%
Zack Cozart,Angels,33,,-15.5,2.1,-0.9,,38,107,,0,4,7,0,,4.70%,15.00%,0.021,0.143,0.00%,,0.124,0.178,0.144,0.322,-15,,84.60%,23.80%,45.20%,31.00%
Joe Musgrove,Pirates,26,,-8.7,6.8,0,,43,55,,0,6,2,0,,3.60%,32.70%,0.022,0.214,0.00%,,0.13,0.167,0.152,0.319,-18,,66.30%,22.90%,51.40%,25.70%
Walker Buehler,Dodgers,24,,-9.3,7.4,0,,26,60,,1,5,2,0,,6.70%,48.30%,0.057,0.174,16.70%,,0.094,0.158,0.151,0.309,-16,,61.60%,29.60%,48.20%,22.20%
Aaron Altherr,- - -,28,,-10.7,-1,-0.9,,49,66,,1,8,3,0,,4.50%,37.90%,0.082,0.111,6.30%,,0.082,0.136,0.164,0.3,-23,,65.70%,16.20%,59.50%,24.30%
Miles Mikolas,Cardinals,30,,-9.8,6.9,-0.1,,29,56,,0,0,2,0,,0.00%,42.90%,0.019,0.241,0.00%,,0.132,0.132,0.151,0.283,-31,,53.60%,31.30%,37.50%,31.30%
Sandy Alcantara,Marlins,23,,-9.4,6.7,-0.1,,28,54,,0,2,4,0,,1.90%,68.50%,0.02,0.417,0.00%,,0.102,0.137,0.122,0.26,-31,,40.90%,26.70%,46.70%,26.70%
Clayton Kershaw,Dodgers,31,,-10,7.1,-0.1,,25,57,,0,1,1,0,,1.80%,22.80%,0.023,0.161,0.00%,,0.114,0.133,0.136,0.27,-31,,75.00%,23.30%,55.80%,20.90%
Yu Darvish,Cubs,32,,-10.4,6.8,-0.2,,28,55,,0,1,3,0,,3.60%,47.30%,0,0.208,0.00%,,0.102,0.135,0.102,0.237,-41,,71.90%,29.60%,51.90%,18.50%
Mike Soroka,Braves,21,,-10.9,7.1,-0.2,,26,57,,0,2,3,0,,1.80%,35.10%,0,0.143,0.00%,,0.083,0.137,0.083,0.221,-43,,69.80%,38.20%,52.90%,8.80%
Anthony DeSclafani,Reds,29,,-9.7,6.2,-0.2,,28,50,,0,0,1,0,,0.00%,42.00%,0,0.222,0.00%,,0.125,0.125,0.125,0.25,-45,,63.00%,27.60%,41.40%,31.00%
Jeff Samardzija,Giants,34,,-9.7,6.4,-0.2,,29,52,,0,1,1,0,,0.00%,55.80%,0.043,0.278,0.00%,,0.106,0.106,0.149,0.255,-40,,55.60%,8.70%,65.20%,26.10%
Julio Teheran,Braves,28,,-11.1,7.1,-0.2,,32,57,,0,1,4,0,,0.00%,38.60%,0.019,0.194,0.00%,,0.115,0.113,0.135,0.248,-47,,68.00%,25.70%,48.60%,25.70%
Luis Castillo,Reds,26,,-12.1,7.4,-0.3,,29,60,,0,3,0,0,,0.00%,48.30%,0.018,0.222,0.00%,,0.107,0.107,0.125,0.232,-51,,62.60%,22.60%,74.20%,3.20%
Patrick Corbin,Nationals,29,,-13.2,8,-0.3,,29,65,,0,2,3,0,,4.60%,40.00%,0.017,0.125,0.00%,,0.069,0.115,0.086,0.201,-53,,69.00%,50.00%,36.10%,13.90%
Daniel Palka,White Sox,27,,-11.9,-4.1,-1.3,,20,61,,0,0,2,0,,9.80%,37.70%,0,0.032,0.00%,,0.019,0.131,0.019,0.15,-53,,62.50%,38.70%,51.60%,9.70%
Jon Gray,Rockies,27,,-13.1,7.3,-0.4,,27,59,,0,1,1,0,,5.10%,37.30%,0,0.12,0.00%,,0.064,0.12,0.064,0.184,-67,,58.30%,29.40%,55.90%,14.70%
Jose Quintana,Cubs,30,,-12.8,7.3,-0.4,,28,59,,0,2,3,0,,0.00%,44.10%,0.02,0.167,0.00%,,0.08,0.08,0.1,0.18,-63,,61.30%,30.30%,63.60%,6.10%
Dakota Hudson,Cardinals,24,,-11.2,6.4,-0.3,,29,52,,0,0,2,0,,0.00%,40.40%,0,0.13,0.00%,,0.068,0.089,0.068,0.157,-62,,70.70%,36.70%,53.30%,10.00%
Joey Lucchesi,Padres,26,,-10.9,6.2,-0.3,,27,50,,0,0,1,0,,2.00%,64.00%,0,0.25,0.00%,,0.068,0.089,0.068,0.157,-63,,58.40%,29.40%,52.90%,17.70%
Robbie Ray,Diamondbacks,27,,-11.6,6.4,-0.3,,29,52,,0,1,3,0,,0.00%,42.30%,0,0.154,0.00%,,0.083,0.083,0.083,0.167,-67,,55.30%,33.30%,43.30%,23.30%
Merrill Kelly,Diamondbacks,30,,-13,6.6,-0.5,,29,53,,0,3,2,0,,3.80%,39.60%,0,0.04,0.00%,,0.022,0.063,0.022,0.084,-84,,74.40%,30.00%,53.30%,16.70%
