Name,Team,Age,,GS,IP,WAR,,ERA,WHIP,FIP,E-F,xFIP,,SwStr%,K/9,BB/9,K/BB,,BABIP,LOB%,HR/FB,GB/FB
Kirby Yates,Padres,32,,0,60.2,3.4,,1.19,0.89,1.3,-0.12,2.25,,15.70%,14.98,1.93,7.77,,0.325,80.80%,4.80%,1.38
Jacob Webb,Braves,25,,0,32.1,0.2,,1.39,1.11,4.3,-2.9,5.15,,13.10%,7.79,3.34,2.33,,0.233,86.00%,10.00%,0.85
Will Harris,Astros,34,,0,60,1.1,,1.5,0.93,3.15,-1.65,3.04,,12.20%,9.3,2.1,4.43,,0.245,88.20%,16.70%,2.31
Felipe Vazquez,Pirates,27,,0,60,2.1,,1.65,0.93,2.15,-0.5,2.62,,14.30%,13.5,1.95,6.92,,0.306,90.60%,10.60%,1.15
Liam Hendriks,Athletics,30,,2,86,3.8,,1.78,0.95,1.84,-0.06,3.19,,17.50%,13.19,2.2,6,,0.309,85.70%,5.50%,0.63
Tyler Glasnow,Rays,25,,12,60.2,2.3,,1.78,0.89,2.26,-0.48,2.94,,12.00%,11.27,2.08,5.43,,0.265,84.70%,8.50%,1.49
Ken Giles,Blue Jays,28,,0,53,1.8,,1.87,1,2.27,-0.4,2.73,,18.80%,14.09,2.89,4.88,,0.301,91.30%,11.10%,0.93
Brandon Workman,Red Sox,30,,0,71.2,2.1,,1.88,1.03,2.46,-0.58,3.33,,12.80%,13.06,5.65,2.31,,0.209,77.80%,2.60%,1.79
Adam Ottavino,Yankees,33,,0,66.1,1.3,,1.9,1.31,3.44,-1.54,4.32,,11.30%,11.94,5.43,2.2,,0.284,87.80%,8.10%,0.97
Zack Britton,Yankees,31,,0,61.1,0.9,,1.91,1.14,3.74,-1.83,3.59,,10.70%,7.78,4.7,1.66,,0.224,86.80%,20.00%,8.13
Aaron Bummer,White Sox,25,,0,67.2,1.3,,2.13,0.99,3.41,-1.28,3.49,,10.70%,7.98,3.19,2.5,,0.228,82.30%,13.80%,4.28
Casey Sadler,- - -,28,,1,46.1,0.1,,2.14,1.17,4.38,-2.24,4.78,,9.20%,6.02,2.53,2.38,,0.255,86.30%,11.90%,1.74
Aroldis Chapman,Yankees,31,,0,57,2,,2.21,1.11,2.28,-0.07,2.86,,14.10%,13.42,3.95,3.4,,0.289,76.90%,8.30%,1.42
Scott Oberg,Rockies,29,,0,56,1.1,,2.25,1.11,3.54,-1.29,3.9,,12.30%,9.32,3.7,2.52,,0.248,80.00%,11.60%,1.58
Shane Greene,- - -,30,,0,62.2,0.9,,2.3,1.01,3.79,-1.49,3.97,,11.50%,9.19,2.44,3.76,,0.238,80.30%,13.80%,1.33
Giovanny Gallegos,Cardinals,27,,0,74,1.6,,2.31,0.81,3.05,-0.74,3.59,,16.40%,11.31,1.95,5.81,,0.222,87.30%,11.40%,0.71
Emilio Pagan,Rays,28,,0,70,1.5,,2.31,0.83,3.3,-0.99,3.15,,17.70%,12.34,1.67,7.38,,0.228,94.80%,16.40%,0.73
Hyun-Jin Ryu,Dodgers,32,,29,182.2,4.8,,2.32,1.01,3.1,-0.78,3.32,,11.40%,8.03,1.18,6.79,,0.278,82.20%,13.00%,1.98
Ryan Pressly,Astros,30,,0,54.1,1.5,,2.32,0.9,2.66,-0.34,2.21,,17.70%,11.93,1.99,6,,0.256,83.70%,22.20%,2.37
Aaron Civale,Indians,24,,10,57.2,1.5,,2.34,1.04,3.4,-1.06,4.61,,8.80%,7.18,2.5,2.88,,0.25,77.60%,6.60%,1.08
Jacob deGrom,Mets,31,,32,204,7,,2.43,0.97,2.67,-0.25,3.11,,15.40%,11.25,1.94,5.8,,0.282,81.80%,11.20%,1.28
Rowan Wick,Cubs,26,,0,33.1,0.7,,2.43,1.14,2.82,-0.39,4.38,,11.60%,9.45,4.32,2.19,,0.256,68.30%,0.00%,1.77
Rich Hill,Dodgers,39,,13,58.2,0.9,,2.45,1.13,4.1,-1.65,3.41,,10.80%,11.05,2.76,4,,0.275,89.30%,22.20%,1.56
Daniel Hudson,- - -,32,,1,73,0.9,,2.47,1.14,3.97,-1.5,5.08,,9.90%,8.75,3.33,2.63,,0.247,81.80%,8.60%,0.8
Hansel Robles,Angels,28,,1,72.2,1.8,,2.48,1.02,2.88,-0.41,3.89,,12.30%,9.29,1.98,4.69,,0.28,82.30%,7.90%,0.96
Julio Urias,Dodgers,22,,8,79.2,1.4,,2.49,1.08,3.43,-0.94,4.28,,13.80%,9.6,3.05,3.15,,0.257,77.60%,8.80%,0.99
Evan Marshall,White Sox,29,,0,50.2,0.5,,2.49,1.3,4.3,-1.81,4.67,,11.40%,7.28,4.26,1.71,,0.266,84.80%,11.90%,1.74
Tyler Duffey,Twins,28,,0,57.2,1.2,,2.5,1.01,3.06,-0.56,2.94,,15.40%,12.8,2.18,5.86,,0.275,76.30%,16.30%,1.04
Gerrit Cole,Astros,28,,33,212.1,7.4,,2.5,0.89,2.64,-0.14,2.48,,16.80%,13.82,2.03,6.79,,0.275,83.30%,16.90%,1.02
Justin Wilson,Mets,31,,0,39,0.3,,2.54,1.33,3.91,-1.37,3.95,,11.90%,10.15,4.38,2.32,,0.299,86.80%,14.80%,1.85
Justin Verlander,Astros,36,,34,223,6.4,,2.58,0.8,3.27,-0.68,3.18,,16.10%,12.11,1.7,7.14,,0.218,88.40%,16.00%,0.8
Taylor Rogers,Twins,28,,0,69,2.1,,2.61,1,2.85,-0.24,2.84,,11.00%,11.74,1.43,8.18,,0.307,86.20%,15.40%,1.62
Josh Hader,Brewers,25,,0,75.2,2.3,,2.62,0.81,3.1,-0.48,2.36,,22.90%,16.41,2.38,6.9,,0.232,93.20%,21.40%,0.4
Frankie Montas,Athletics,26,,16,96,3,,2.63,1.11,3,-0.37,3.47,,11.50%,9.66,2.16,4.48,,0.297,76.20%,10.70%,1.73
Roberto Osuna,Astros,24,,0,65,1.6,,2.63,0.88,3.21,-0.58,3.6,,16.90%,10.11,1.66,6.08,,0.234,81.60%,12.30%,0.98
Zack Littell,Twins,23,,0,37,0.6,,2.68,1.16,3.62,-0.94,4.1,,12.90%,7.78,2.19,3.56,,0.297,82.90%,11.40%,1.14
Mike Soroka,Braves,21,,29,174.2,4,,2.68,1.11,3.45,-0.78,3.85,,10.30%,7.32,2.11,3.46,,0.28,79.90%,11.10%,2.02
Brandon Kintzler,Cubs,34,,0,57,0.8,,2.68,1.04,3.56,-0.88,4.06,,8.00%,7.58,2.05,3.69,,0.261,80.40%,10.60%,1.87
Seth Lugo,Mets,29,,0,80,2.2,,2.7,0.9,2.7,0,3.24,,11.30%,11.7,1.8,6.5,,0.265,74.50%,10.80%,1.09
Yusmeiro Petit,Athletics,34,,0,83,1.4,,2.71,0.81,3.59,-0.88,4.48,,11.40%,7.7,1.08,7.1,,0.213,81.40%,10.10%,0.61
Mike Clevinger,Indians,28,,21,126,4.6,,2.71,1.06,2.49,0.22,3.09,,15.20%,12.07,2.64,4.57,,0.306,80.20%,9.70%,1.15
Alec Mills,Cubs,27,,4,36,0.4,,2.75,1.17,4.19,-1.44,3.98,,12.50%,10.5,2.75,3.82,,0.299,90.50%,17.20%,1.55
Jack Flaherty,Cardinals,23,,33,196.1,4.8,,2.75,0.97,3.46,-0.71,3.64,,13.80%,10.59,2.52,4.2,,0.242,83.30%,13.80%,1.03
Will Smith,Giants,29,,0,65.1,1.2,,2.76,1.03,3.23,-0.47,2.73,,15.60%,13.22,2.89,4.57,,0.277,88.70%,20.40%,1.18
Alex Colome,White Sox,30,,0,61,0.6,,2.8,1.07,4.08,-1.28,4.61,,13.10%,8.11,3.39,2.39,,0.215,67.60%,11.30%,1.23
Nick Wittgren,Indians,28,,0,57.2,0.4,,2.81,1.08,4.17,-1.36,3.98,,9.00%,9.36,2.34,4,,0.253,83.30%,16.70%,0.98
Zac Gallen,- - -,23,,15,80,1.6,,2.81,1.23,3.61,-0.8,4.15,,12.80%,10.8,4.05,2.67,,0.284,83.70%,10.80%,1.04
Reyes Moronta,Giants,26,,0,56.2,0.7,,2.86,1.31,3.57,-0.71,4.83,,12.00%,11.12,5.24,2.12,,0.272,81.20%,6.50%,0.84
Sonny Gray,Reds,29,,31,175.1,4.4,,2.87,1.08,3.42,-0.54,3.65,,11.30%,10.52,3.49,3.01,,0.255,79.70%,13.00%,1.63
Jimmy Cordero,- - -,27,,0,37.1,0.3,,2.89,0.99,4.07,-1.18,3.69,,14.60%,7.47,2.65,2.82,,0.227,81.40%,21.10%,3.16
Tyler Clippard,Indians,34,,3,62,0.7,,2.9,0.85,3.89,-0.99,4.94,,13.90%,9.29,2.18,4.27,,0.204,82.00%,9.40%,0.56
Michael Lorenzen,Reds,27,,0,83.1,1.2,,2.92,1.15,3.66,-0.74,3.97,,13.90%,9.18,3.02,3.04,,0.269,80.80%,12.50%,1.38
Max Scherzer,Nationals,34,,27,172.1,6.5,,2.92,1.03,2.45,0.48,2.88,,16.40%,12.69,1.72,7.36,,0.321,78.70%,11.60%,1.07
Tony Gonsolin,Dodgers,25,,6,40,0.6,,2.93,1.03,3.86,-0.94,4.9,,12.00%,8.33,3.38,2.47,,0.208,74.20%,8.50%,0.96
Hector Neris,Phillies,30,,0,67.2,1,,2.93,1.02,3.83,-0.91,3.53,,17.70%,11.84,3.19,3.71,,0.24,83.60%,18.20%,1.27
Zack Greinke,- - -,35,,33,208.2,5.4,,2.93,0.98,3.22,-0.29,3.74,,10.50%,8.07,1.29,6.23,,0.271,75.70%,10.90%,1.36
Luke Weaver,Diamondbacks,25,,12,64.1,1.8,,2.94,1.07,3.07,-0.14,3.87,,10.50%,9.65,1.96,4.93,,0.292,78.60%,9.20%,1.08
Trevor May,Twins,29,,0,64.1,0.9,,2.94,1.07,3.73,-0.79,4.15,,13.20%,11.05,3.64,3.04,,0.233,79.00%,12.10%,0.8
Ryan Helsley,Cardinals,24,,0,36.2,0.1,,2.95,1.25,4.22,-1.28,5.11,,10.20%,7.85,2.95,2.67,,0.279,84.60%,10.20%,0.73
Steve Cishek,Cubs,33,,0,64,0.2,,2.95,1.2,4.54,-1.59,4.95,,9.40%,8.02,4.08,1.97,,0.246,83.60%,11.90%,1.46
Hunter Wood,- - -,25,,2,45.1,0.2,,2.98,1.28,4.36,-1.38,5.12,,12.40%,7.74,2.38,3.25,,0.287,79.30%,11.10%,0.71
Ryan Buchter,Athletics,32,,0,45.1,-0.1,,2.98,1.43,4.96,-1.98,5.08,,11.60%,9.93,4.57,2.17,,0.296,91.40%,14.50%,0.55
Jarlin Garcia,Marlins,26,,0,50.2,0.5,,3.02,1.11,3.77,-0.75,4.74,,8.80%,6.93,2.84,2.44,,0.248,78.20%,7.80%,1.33
Clayton Kershaw,Dodgers,31,,28,178.1,3.4,,3.03,1.04,3.86,-0.83,3.5,,12.90%,9.54,2.07,4.61,,0.262,84.00%,18.50%,1.46
Josh Taylor,Red Sox,26,,1,47.1,0.9,,3.04,1.18,3.11,-0.07,3.37,,15.20%,11.79,3.04,3.88,,0.321,80.40%,12.80%,1.28
Charlie Morton,Rays,35,,33,194.2,6.1,,3.05,1.08,2.81,0.24,3.28,,12.90%,11.1,2.64,4.21,,0.298,75.30%,10.40%,1.6
Pedro Baez,Dodgers,31,,0,69.2,1.3,,3.1,0.95,3.52,-0.41,4.82,,15.00%,8.91,2.97,3,,0.213,64.90%,7.10%,0.72
David Hale,Yankees,31,,0,37.2,0.7,,3.11,1.22,3.32,-0.21,4.58,,8.10%,5.5,1.67,3.29,,0.298,76.90%,5.40%,1.7
Ranger Suarez,Phillies,23,,0,48.2,0.4,,3.14,1.32,3.89,-0.75,3.64,,9.40%,7.77,2.22,3.5,,0.319,83.00%,18.20%,2.45
Sean Newcomb,Braves,26,,4,68.1,0.4,,3.16,1.32,4.24,-1.08,4.61,,9.20%,8.56,3.82,2.24,,0.282,79.50%,12.30%,1.46
Carlos Martinez,Cardinals,27,,0,48.1,1.2,,3.17,1.18,2.86,0.3,3.76,,12.70%,9.87,3.35,2.94,,0.298,73.40%,5.70%,2
Oliver Drake,Rays,32,,0,56,0.5,,3.21,0.98,3.87,-0.66,3.21,,16.80%,11.25,3.05,3.68,,0.225,83.00%,22.50%,1.68
Amir Garrett,Reds,27,,0,56,0.4,,3.21,1.41,4.14,-0.93,3.8,,16.30%,12.54,5.63,2.23,,0.303,83.30%,19.40%,1.92
Marcus Stroman,- - -,28,,32,184.1,3.9,,3.22,1.31,3.72,-0.5,3.99,,10.10%,7.76,2.83,2.74,,0.307,76.10%,12.60%,2.06
Cam Bedrosian,Angels,27,,7,61.1,0.8,,3.23,1.14,3.83,-0.61,4.17,,12.00%,9.39,3.23,2.91,,0.253,68.00%,12.50%,1.43
Patrick Corbin,Nationals,29,,33,202,4.8,,3.25,1.18,3.49,-0.23,3.59,,14.30%,10.6,3.12,3.4,,0.29,77.30%,14.40%,1.52
Walker Buehler,Dodgers,24,,30,182.1,5,,3.26,1.04,3.01,0.25,3.37,,12.10%,10.61,1.83,5.81,,0.29,71.00%,12.20%,1.23
Adam Kolarek,- - -,30,,0,55,0.2,,3.27,1.16,4.27,-1,3.74,,11.30%,7.36,2.62,2.81,,0.259,78.70%,22.60%,3.48
Shane Bieber,Indians,24,,33,214.1,5.6,,3.28,1.05,3.32,-0.05,3.23,,14.00%,10.88,1.68,6.48,,0.296,77.40%,16.10%,1.25
Craig Stammen,Padres,35,,0,82,0.4,,3.29,1.16,4.12,-0.82,3.85,,9.20%,8.01,1.65,4.87,,0.284,77.40%,17.60%,1.7
Brad Hand,Indians,29,,0,57.1,1.5,,3.3,1.24,2.8,0.5,3.41,,13.40%,13.19,2.83,4.67,,0.362,81.10%,10.50%,0.63
Austin Voth,Nationals,27,,8,43.2,1,,3.3,1.05,3.79,-0.49,4.44,,12.70%,9.07,2.68,3.38,,0.257,78.60%,10.60%,0.83
Stephen Strasburg,Nationals,30,,33,209,5.7,,3.32,1.04,3.25,0.06,3.17,,13.50%,10.81,2.41,4.48,,0.274,76.50%,16.20%,1.78
Sam Dyson,- - -,31,,0,62.1,0.9,,3.32,1.06,3.47,-0.15,3.75,,8.60%,7.94,1.88,4.23,,0.273,71.00%,12.50%,1.9
Nick Anderson,- - -,28,,0,65,2.1,,3.32,1.08,2.35,0.97,2.44,,19.50%,15.23,2.49,6.11,,0.349,79.00%,14.50%,0.69
Chris Paddack,Padres,23,,26,140.2,2.4,,3.33,0.98,3.95,-0.63,4.05,,11.50%,9.79,1.98,4.94,,0.237,76.90%,14.60%,0.95
Dakota Hudson,Cardinals,24,,32,174.2,1,,3.35,1.41,4.93,-1.58,4.55,,9.90%,7.01,4.43,1.58,,0.274,78.10%,19.80%,2.67
Jose Alvarez,Phillies,30,,1,59,0.4,,3.36,1.42,4.21,-0.86,4.14,,11.10%,7.78,2.75,2.83,,0.328,81.30%,16.00%,1.8
Chris Martin,- - -,33,,0,55.2,1,,3.4,1.02,3.25,0.15,2.72,,12.40%,10.51,0.81,13,,0.314,76.60%,20.50%,1.66
Luis Castillo,Reds,26,,32,190.2,4.1,,3.4,1.14,3.7,-0.3,3.48,,15.90%,10.67,3.73,2.86,,0.262,76.70%,17.90%,2.07
Diego Castillo,Rays,25,,6,68.2,1,,3.41,1.24,3.72,-0.32,3.72,,13.70%,10.62,3.41,3.12,,0.3,73.60%,15.40%,1.9
David Phelps,- - -,32,,1,34.1,0.1,,3.41,1.4,4.58,-1.18,5.01,,7.80%,9.44,4.46,2.12,,0.295,83.30%,12.50%,0.93
Ian Kennedy,Royals,34,,0,63.1,1.4,,3.41,1.28,2.99,0.42,3.77,,10.00%,10.37,2.42,4.29,,0.343,78.80%,9.40%,1.19
Yoan Lopez,Diamondbacks,26,,0,60.2,-0.3,,3.41,1.14,5.03,-1.62,4.47,,9.70%,6.23,2.52,2.47,,0.233,78.40%,20.00%,1.47
Lucas Giolito,White Sox,24,,29,176.2,5.1,,3.41,1.06,3.43,-0.02,3.66,,15.00%,11.62,2.9,4,,0.273,77.70%,13.60%,0.84
Austin Brice,Marlins,27,,0,44.2,-0.1,,3.43,1.23,4.87,-1.45,4.79,,11.30%,9.27,3.63,2.56,,0.248,78.50%,15.90%,1.23
Sergio Romo,- - -,36,,0,60.1,1,,3.43,1.11,3.68,-0.25,4.68,,14.10%,8.95,2.54,3.53,,0.264,71.00%,9.20%,0.8
Kyle Hendricks,Cubs,29,,30,177,4.1,,3.46,1.13,3.61,-0.15,4.26,,10.30%,7.63,1.63,4.69,,0.287,71.80%,10.40%,1.19
Francisco Liriano,Pirates,35,,0,70,0.3,,3.47,1.36,4.53,-1.06,4.92,,13.60%,8.1,4.5,1.8,,0.271,76.00%,12.10%,1.48
Ross Stripling,Dodgers,29,,15,90.2,1.8,,3.47,1.15,3.47,0.01,3.58,,10.40%,9.23,1.99,4.65,,0.299,72.90%,14.30%,1.64
J.B. Wendelken,Athletics,26,,0,33.2,0.6,,3.48,0.89,3.04,0.44,4.8,,12.00%,9.09,2.41,3.78,,0.218,62.90%,4.70%,0.72
Gio Gonzalez,Brewers,33,,17,87.1,1.4,,3.5,1.29,4.04,-0.53,4.45,,10.40%,8.04,3.81,2.11,,0.277,76.70%,11.70%,1.42
Jake Odorizzi,Twins,29,,30,159,4.3,,3.51,1.21,3.36,0.15,4.33,,12.70%,10.08,3,3.36,,0.302,75.50%,8.80%,0.79
Archie Bradley,Diamondbacks,26,,1,71.2,1.2,,3.52,1.44,3.41,0.11,4.06,,9.70%,10.93,4.52,2.42,,0.337,77.20%,8.90%,1.5
Jeff Samardzija,Giants,34,,32,181.1,1.5,,3.52,1.11,4.59,-1.06,5.02,,8.80%,6.95,2.43,2.86,,0.24,76.90%,12.60%,0.88
Nick Goody,Indians,27,,0,40.2,0.2,,3.54,1.28,4.62,-1.07,5.02,,15.80%,11.07,4.87,2.27,,0.245,80.60%,13.00%,0.48
Kyle Ryan,Cubs,27,,0,61,0.6,,3.54,1.38,3.85,-0.31,4.16,,9.40%,8.56,4.28,2,,0.299,75.60%,11.90%,2.36
Junior Guerra,Brewers,34,,0,83.2,0.3,,3.55,1.12,4.52,-0.97,4.83,,10.90%,8.28,3.87,2.14,,0.218,76.30%,12.90%,1.13
Zach Davies,Brewers,26,,31,159.2,1.6,,3.55,1.29,4.56,-1.01,5.2,,7.20%,5.75,2.87,2,,0.272,75.00%,11.00%,1.1
Stefan Crichton,Diamondbacks,27,,0,30.1,0.3,,3.56,1.02,3.31,0.25,3.67,,10.10%,9.79,2.37,4.13,,0.26,72.90%,12.00%,1.68
Anthony Bass,Mariners,31,,0,48,0.6,,3.56,0.98,3.9,-0.34,4,,11.30%,8.06,3.19,2.53,,0.203,68.30%,14.30%,1.86
Alex Young,Diamondbacks,25,,15,83.1,0.6,,3.56,1.19,4.81,-1.25,4.65,,12.50%,7.67,2.92,2.63,,0.249,75.50%,16.50%,1.38
Mike Minor,Rangers,31,,32,208.1,4.2,,3.59,1.24,4.25,-0.66,4.6,,11.50%,8.64,2.94,2.94,,0.287,80.30%,12.90%,1
John Brebbia,Cardinals,29,,0,72.2,1.3,,3.59,1.18,3.13,0.46,4.63,,13.30%,10.78,3.34,3.22,,0.293,72.00%,6.40%,0.53
John Means,Orioles,26,,27,155,3,,3.6,1.14,4.41,-0.81,5.48,,9.90%,7.03,2.21,3.18,,0.256,75.90%,9.90%,0.62
Mark Melancon,- - -,34,,0,67.1,1.2,,3.61,1.32,2.86,0.75,3.06,,10.20%,9.09,2.41,3.78,,0.349,73.80%,12.10%,3.67
Yimi Garcia,Dodgers,28,,0,62.1,-0.3,,3.61,0.87,5.19,-1.58,4.9,,11.50%,9.53,2.02,4.71,,0.171,82.10%,16.90%,0.53
Brandon Woodruff,Brewers,26,,22,121.2,3.3,,3.62,1.14,3.01,0.62,3.36,,11.60%,10.58,2.22,4.77,,0.32,74.70%,12.00%,1.39
Tim Hill,Royals,29,,0,39.2,0.5,,3.63,1.11,3.84,-0.21,3.89,,9.20%,8.85,2.95,3,,0.267,73.10%,14.80%,2.19
Dustin May,Dodgers,21,,4,34.2,0.9,,3.63,1.1,2.9,0.74,3.7,,8.70%,8.31,1.3,6.4,,0.316,63.80%,7.40%,1.63
Tyler Kinley,Marlins,28,,0,49.1,-0.2,,3.65,1.6,4.92,-1.27,5.78,,13.10%,8.39,6.57,1.28,,0.286,82.20%,9.30%,0.94
Matt Bowman,Reds,28,,0,32,0.3,,3.66,1.25,3.68,-0.03,4.55,,8.40%,7.03,3.66,1.92,,0.258,67.20%,7.40%,2
John Gant,Cardinals,26,,0,66.1,0.9,,3.66,1.28,3.73,-0.06,4.35,,12.40%,8.14,4.61,1.76,,0.275,70.50%,8.50%,1.72
Tommy Kahnle,Yankees,29,,0,61.1,1.1,,3.67,1.06,3.33,0.34,2.69,,17.90%,12.91,2.93,4.4,,0.279,73.50%,23.10%,1.77
Buck Farmer,Tigers,28,,1,68.2,0.9,,3.67,1.27,3.88,-0.21,4.14,,12.70%,9.7,3.28,2.96,,0.3,74.30%,13.10%,1.41
Lance Lynn,Rangers,32,,33,208.1,6.8,,3.67,1.22,3.13,0.54,3.85,,12.50%,10.63,2.55,4.17,,0.322,74.40%,9.90%,1.05
Jose Berrios,Twins,25,,32,200.1,4.4,,3.68,1.22,3.85,-0.17,4.32,,10.80%,8.76,2.29,3.82,,0.299,73.50%,12.00%,1.12
Daniel Ponce de Leon,Cardinals,27,,8,48.2,0.6,,3.7,1.27,4.41,-0.71,4.72,,11.30%,9.62,4.81,2,,0.256,77.30%,12.80%,1.17
Hector Rondon,Astros,31,,1,60.2,-0.2,,3.71,1.25,4.96,-1.25,4.85,,9.80%,7.12,2.97,2.4,,0.263,83.30%,16.10%,1.48
Kenley Jansen,Dodgers,31,,0,63,1.2,,3.71,1.06,3.48,0.23,3.77,,15.70%,11.43,2.29,5,,0.273,73.60%,13.20%,0.75
Adrian Houser,Brewers,26,,18,111.1,1.6,,3.72,1.24,3.88,-0.16,3.6,,9.70%,9.46,2.99,3.16,,0.301,76.20%,18.40%,2.09
Richard Rodriguez,Pirates,29,,0,65.1,-0.3,,3.72,1.35,5.22,-1.5,4.99,,10.80%,8.68,3.17,2.74,,0.279,85.20%,16.70%,0.98
Josh Tomlin,Braves,34,,1,79.1,0.2,,3.74,1.12,4.49,-0.74,4.95,,9.20%,5.79,0.79,7.29,,0.274,77.80%,12.70%,0.78
Carlos Estevez,Rockies,26,,0,72,0.7,,3.75,1.29,4.13,-0.38,4.31,,14.00%,10.13,2.88,3.52,,0.304,77.70%,14.10%,0.91
Dallas Keuchel,Braves,31,,19,112.2,0.8,,3.75,1.37,4.72,-0.97,4.06,,8.70%,7.27,3.12,2.33,,0.298,80.40%,23.90%,3.06
Tyler Chatwood,Cubs,29,,5,76.2,0.6,,3.76,1.33,4.28,-0.53,3.96,,9.30%,8.69,4.34,2,,0.285,77.20%,20.00%,2.65
Robert Stephenson,Reds,26,,0,64.2,0.9,,3.76,1.04,3.63,0.13,4.01,,18.90%,11.27,3.34,3.38,,0.23,68.00%,12.70%,0.69
Andrew Chafin,Diamondbacks,29,,0,52.2,1,,3.76,1.33,3.25,0.51,3.24,,15.50%,11.62,3.08,3.78,,0.351,77.00%,15.40%,1.46
Tyler Webb,Cardinals,28,,0,55,0.1,,3.76,1.02,4.49,-0.72,4.89,,9.70%,7.85,3.76,2.09,,0.184,72.60%,12.30%,1.05
Jake Newberry,Royals,24,,0,31,-0.3,,3.77,1.45,5.92,-2.15,5.94,,12.40%,8.42,4.65,1.81,,0.262,91.20%,15.20%,0.67
Wei-Chung Wang,- - -,27,,0,31,-0.1,,3.77,1.32,5.18,-1.41,6.33,,7.90%,5.23,4.06,1.29,,0.25,79.70%,9.10%,0.77
Matt Barnes,Red Sox,29,,0,64.1,1.3,,3.78,1.38,3.28,0.5,2.93,,15.00%,15.39,5.32,2.89,,0.339,77.70%,19.50%,1.51
Eduardo Rodriguez,Red Sox,26,,34,203.1,3.7,,3.81,1.33,3.86,-0.06,4.1,,11.70%,9.43,3.32,2.84,,0.317,77.70%,13.30%,1.49
Marcus Walden,Red Sox,30,,0,78,1,,3.81,1.19,3.69,0.12,4.17,,13.10%,8.77,3.69,2.38,,0.264,67.00%,10.30%,1.97
Ryne Harper,Twins,30,,0,54.1,0.9,,3.81,1.18,3.66,0.15,4.18,,11.60%,8.28,1.66,5,,0.299,72.50%,11.70%,1.03
Cole Hamels,Cubs,35,,27,141.2,2.5,,3.81,1.39,4.09,-0.28,4.38,,11.80%,9.08,3.56,2.55,,0.315,77.70%,12.90%,1.43
Chris Bassitt,Athletics,30,,25,144,2.1,,3.81,1.19,4.4,-0.59,4.61,,8.90%,8.81,2.94,3,,0.267,76.50%,13.80%,1.1
Zach Plesac,Indians,24,,21,115.2,1,,3.81,1.23,4.94,-1.13,5.06,,9.50%,6.85,3.11,2.2,,0.255,78.60%,14.50%,1.02
Julio Teheran,Braves,28,,33,174.2,1.6,,3.81,1.32,4.66,-0.85,5.26,,9.30%,8.35,4.28,1.95,,0.266,76.60%,11.20%,0.96
James Paxton,Yankees,30,,29,150.2,3.5,,3.82,1.28,3.86,-0.04,4.03,,14.10%,11.11,3.29,3.38,,0.313,76.20%,14.10%,0.9
Luke Jackson,Braves,27,,0,72.2,1.2,,3.84,1.4,3.24,0.6,2.52,,16.70%,13.13,3.22,4.08,,0.386,77.80%,25.60%,2.74
Jon Gray,Rockies,27,,25,150,2.9,,3.84,1.35,4.06,-0.22,3.89,,11.80%,9,3.36,2.68,,0.314,75.90%,17.10%,1.9
Yonny Chirinos,Rays,25,,18,133.1,1.5,,3.85,1.05,4.44,-0.6,4.1,,10.60%,7.7,1.89,4.07,,0.246,74.00%,18.10%,1.3
Anibal Sanchez,Nationals,35,,30,166,2.5,,3.85,1.27,4.44,-0.59,5.1,,10.10%,7.27,3.14,2.31,,0.265,74.90%,11.10%,0.97
Devin Smeltzer,Twins,23,,6,49,0.5,,3.86,1.27,4.58,-0.72,4.85,,9.20%,6.98,2.2,3.17,,0.294,77.20%,13.60%,0.97
Justin Shafer,Blue Jays,26,,0,39.2,-0.1,,3.86,1.66,5.18,-1.32,5.67,,12.20%,8.85,5.67,1.56,,0.315,81.90%,12.20%,0.76
Heath Hembree,Red Sox,30,,0,39.2,0.1,,3.86,1.31,4.78,-0.92,5.69,,11.60%,10.44,4.08,2.56,,0.273,77.40%,10.90%,0.36
Aaron Nola,Phillies,26,,34,202.1,3.4,,3.87,1.27,4.03,-0.16,3.82,,11.00%,10.19,3.56,2.86,,0.295,76.80%,17.40%,1.68
Sandy Alcantara,Marlins,23,,32,197.1,2.3,,3.88,1.32,4.55,-0.68,5.17,,10.90%,6.89,3.69,1.86,,0.271,73.80%,10.80%,1.25
Brett Anderson,Athletics,31,,31,176,2,,3.89,1.31,4.57,-0.69,4.79,,7.70%,4.6,2.51,1.84,,0.278,74.80%,13.30%,2.15
Anthony DeSclafani,Reds,29,,31,166.2,2.4,,3.89,1.2,4.43,-0.54,4.3,,10.10%,9.02,2.65,3.41,,0.273,77.70%,16.20%,1.12
Jerry Blevins,Braves,35,,0,32.1,0,,3.9,1.27,4.61,-0.71,4.93,,11.10%,10.3,4.45,2.31,,0.247,77.80%,13.20%,0.66
Mike Fiers,Athletics,34,,33,184.2,1.7,,3.9,1.19,4.97,-1.07,5.19,,7.90%,6.14,2.58,2.38,,0.254,78.50%,13.80%,1.03
Madison Bumgarner,Giants,29,,34,207.2,3.2,,3.9,1.13,3.9,0,4.31,,11.60%,8.8,1.86,4.72,,0.289,71.80%,12.60%,0.86
Tanner Rainey,Nationals,26,,0,48.1,0.2,,3.91,1.45,4.37,-0.46,3.91,,16.90%,13.78,7.08,1.95,,0.283,79.30%,21.40%,1.79
Austin Adams,- - -,28,,2,32,0.7,,3.94,1.13,3.12,0.82,2.68,,16.60%,14.91,4.5,3.31,,0.286,73.30%,21.10%,1.58
Jose Urquidy,Astros,24,,7,41,0.9,,3.95,1.1,3.68,0.27,4.3,,12.00%,8.78,1.54,5.71,,0.281,73.80%,11.50%,0.83
Roenis Elias,- - -,30,,0,50,-0.1,,3.96,1.28,5.07,-1.11,4.78,,11.60%,8.46,3.24,2.61,,0.257,64.70%,17.20%,0.88
Zack Wheeler,Mets,29,,31,195.1,4.7,,3.96,1.26,3.48,0.48,4.06,,10.50%,8.98,2.3,3.9,,0.311,71.40%,10.90%,1.22
Ryne Stanek,- - -,27,,27,77,0.7,,3.97,1.3,4.28,-0.3,4.72,,15.40%,10.4,4.56,2.28,,0.266,72.10%,12.40%,0.7
Yu Darvish,Cubs,32,,31,178.2,2.6,,3.98,1.1,4.18,-0.2,3.39,,13.40%,11.54,2.82,4.09,,0.266,77.70%,22.80%,1.35
Wade Miley,Astros,32,,33,167.1,2,,3.98,1.34,4.51,-0.53,4.52,,9.30%,7.53,3.28,2.3,,0.287,74.30%,15.20%,1.67
Ty Buttrey,Angels,26,,0,72.1,1.4,,3.98,1.27,3.49,0.49,3.9,,11.90%,10.45,2.86,3.65,,0.323,73.40%,11.90%,1.34
Oliver Perez,Indians,37,,0,40.2,0.6,,3.98,1.23,3.56,0.43,3.82,,13.20%,10.62,2.66,4,,0.314,71.70%,13.20%,1.24
Marco Gonzales,Mariners,27,,34,203,3.7,,3.99,1.31,4.15,-0.16,5.11,,7.90%,6.52,2.48,2.63,,0.295,69.20%,9.30%,1.07
Noe Ramirez,Angels,29,,7,67.2,0.9,,3.99,1.17,3.72,0.27,4.07,,13.60%,10.51,2.66,3.95,,0.299,75.60%,12.70%,0.96
Michael Feliz,Pirates,26,,1,56.1,0.1,,3.99,1.26,4.71,-0.71,4.29,,12.60%,11.66,4.31,2.7,,0.262,79.90%,18.30%,0.77
Luis Perdomo,Padres,26,,1,72,0.7,,4,1.21,3.6,0.4,4.18,,8.60%,6.88,2.25,3.06,,0.293,68.20%,10.00%,1.9
Michael Pineda,Twins,30,,26,146,2.7,,4.01,1.16,4.02,-0.02,4.3,,12.50%,8.63,1.73,5,,0.292,74.80%,13.50%,0.89
Max Fried,Braves,25,,30,165.2,3,,4.02,1.33,3.72,0.31,3.32,,11.50%,9.4,2.55,3.68,,0.336,74.30%,20.20%,2.41
Domingo German,Yankees,26,,24,143,2,,4.03,1.15,4.72,-0.7,4.22,,13.00%,9.63,2.45,3.92,,0.259,78.70%,18.80%,0.94
Jared Hughes,- - -,33,,0,71.1,-0.5,,4.04,1.18,5.29,-1.25,4.17,,9.60%,6.81,3.41,2,,0.228,72.30%,28.90%,2.64
Kenta Maeda,Dodgers,31,,26,153.2,2.5,,4.04,1.07,3.95,0.09,4.04,,14.60%,9.9,2.99,3.31,,0.243,71.60%,14.60%,1.06
Sean Doolittle,Nationals,32,,0,60,0.7,,4.05,1.3,4.25,-0.2,5.08,,12.20%,9.9,2.25,4.4,,0.313,82.00%,11.30%,0.45
Trevor Richards,- - -,26,,23,135.1,1.5,,4.06,1.35,4.51,-0.46,5.09,,11.80%,8.45,3.72,2.27,,0.29,77.50%,11.70%,0.82
Chaz Roe,Rays,32,,0,51,0.9,,4.06,1.57,3.31,0.75,4.34,,9.70%,11.47,5.47,2.1,,0.357,70.30%,6.50%,1.26
Alex Claudio,Brewers,27,,0,62,-0.2,,4.06,1.31,4.92,-0.86,4.59,,10.60%,6.39,3.48,1.83,,0.265,76.50%,19.00%,2.57
Cory Gearrin,- - -,33,,2,55.1,0.3,,4.07,1.45,4.26,-0.2,4.96,,8.10%,7.64,4.07,1.88,,0.313,76.60%,9.60%,1.42
Nick Ramirez,Tigers,29,,0,79.2,0.4,,4.07,1.39,4.51,-0.44,4.68,,12.60%,8.36,3.95,2.11,,0.286,69.40%,13.90%,1.37
Dinelson Lamet,Padres,26,,14,73,1.3,,4.07,1.26,3.91,0.16,3.44,,14.00%,12.95,3.7,3.5,,0.311,73.60%,19.70%,1
Matt Magill,- - -,29,,0,50.2,0.6,,4.09,1.4,3.79,0.3,3.95,,14.50%,11.37,3.55,3.2,,0.324,66.50%,14.00%,1.06
Jameson Taillon,Pirates,27,,7,37.1,0.8,,4.1,1.13,3.8,0.29,4.06,,11.90%,7.23,1.93,3.75,,0.263,52.10%,12.90%,1.84
Luis Cessa,Yankees,27,,0,81,0.1,,4.11,1.31,4.87,-0.76,4.51,,12.70%,8.33,3.44,2.42,,0.277,74.90%,18.20%,1.48
Colten Brewer,Red Sox,26,,0,54.2,0,,4.12,1.7,4.71,-0.6,4.85,,11.30%,8.56,5.6,1.53,,0.333,79.70%,14.00%,1.91
Brad Peacock,Astros,31,,15,91.2,1.1,,4.12,1.19,4.42,-0.3,4.64,,8.90%,9.43,3.04,3.1,,0.267,76.30%,13.90%,0.89
Ryan Yarbrough,Rays,27,,14,141.2,2.7,,4.13,1,3.55,0.58,4.24,,10.20%,7.43,1.27,5.85,,0.264,62.80%,10.20%,1.22
Zach Eflin,Phillies,25,,28,163.1,1.5,,4.13,1.35,4.85,-0.72,4.76,,9.00%,7.11,2.64,2.69,,0.291,73.90%,16.00%,1.29
Jordan Lyles,- - -,28,,28,141,1.6,,4.15,1.32,4.64,-0.49,4.61,,10.10%,9.32,3.51,2.65,,0.285,75.70%,15.50%,0.98
Miles Mikolas,Cardinals,30,,32,184,2.5,,4.16,1.22,4.27,-0.12,4.18,,9.60%,7.04,1.57,4.5,,0.302,73.80%,16.10%,1.6
Raisel Iglesias,Reds,29,,0,67,1.1,,4.16,1.22,3.92,0.25,3.72,,15.50%,11.96,2.82,4.24,,0.316,78.90%,16.70%,0.68
Tony Watson,Giants,34,,0,54,-0.3,,4.17,1.26,4.81,-0.64,4.89,,12.80%,6.83,2,3.42,,0.287,77.80%,14.80%,1.23
Andrew Kittredge,Rays,29,,7,49.2,0.6,,4.17,1.27,3.56,0.61,3.25,,15.90%,10.51,2.17,4.83,,0.336,72.50%,18.40%,1.82
Chad Green,Yankees,28,,15,69,1.6,,4.17,1.23,3.34,0.83,3.56,,13.70%,12.78,2.48,5.16,,0.346,72.70%,13.70%,0.84
Joey Lucchesi,Padres,26,,30,163.2,2.1,,4.18,1.22,4.17,0.01,4.36,,10.30%,8.69,3.08,2.82,,0.271,73.00%,13.90%,1.3
Brad Keller,Royals,23,,28,165.1,2.2,,4.19,1.35,4.35,-0.16,4.94,,8.30%,6.64,3.81,1.74,,0.282,72.20%,10.20%,1.72
Adam Wainwright,Cardinals,37,,31,171.2,2.2,,4.19,1.43,4.36,-0.16,4.39,,7.50%,8.02,3.36,2.39,,0.319,76.50%,15.00%,1.7
Chase Anderson,Brewers,31,,27,139,1.2,,4.21,1.27,4.83,-0.62,5.26,,10.90%,8.03,3.24,2.48,,0.266,77.10%,12.80%,0.78
Steven Matz,Mets,28,,30,160.1,1.6,,4.21,1.34,4.6,-0.39,4.33,,9.70%,8.59,2.92,2.94,,0.301,75.50%,17.40%,1.43
Scott Barlow,Royals,26,,0,70.1,1.1,,4.22,1.44,3.41,0.81,4.11,,14.40%,11.77,4.73,2.49,,0.337,74.30%,9.40%,1.09
Dylan Floro,Dodgers,28,,0,46.2,0.6,,4.24,1.29,3.56,0.69,4.1,,12.50%,8.1,2.7,3,,0.302,65.60%,10.30%,1.79
Sean Reid-Foley,Blue Jays,23,,6,31.2,0,,4.26,1.71,5.68,-1.41,6.26,,9.80%,7.96,5.97,1.33,,0.298,73.50%,11.90%,1
David Price,Red Sox,33,,22,107.1,2.3,,4.28,1.31,3.62,0.65,3.73,,11.20%,10.73,2.68,4,,0.336,70.70%,14.40%,1.15
Noah Syndergaard,Mets,26,,32,197.2,4.4,,4.28,1.23,3.6,0.68,3.83,,12.50%,9.2,2.28,4.04,,0.313,68.90%,13.30%,1.49
Blake Snell,Rays,26,,23,107,2.8,,4.29,1.27,3.32,0.97,3.31,,17.70%,12.36,3.36,3.68,,0.343,71.60%,15.40%,1.08
Tyler Skaggs,Angels,27,,15,79.2,1.8,,4.29,1.27,3.85,0.44,4.36,,9.20%,8.81,3.16,2.79,,0.294,68.60%,11.40%,1.05
Mike Leake,- - -,31,,32,197,1,,4.29,1.29,5.19,-0.9,4.76,,8.10%,5.8,1.23,4.7,,0.295,72.60%,18.20%,1.39
Joakim Soria,Athletics,35,,1,69,0.9,,4.3,1.03,3.62,0.68,3.91,,13.20%,10.3,2.61,3.95,,0.251,66.80%,13.00%,0.96
Jalen Beeks,Rays,25,,3,104.1,0.4,,4.31,1.49,4.41,-0.1,4.79,,9.60%,7.68,3.45,2.23,,0.328,73.40%,12.20%,1.49
Jose Leclerc,Rangers,25,,3,68.2,1.3,,4.33,1.33,3.59,0.73,4.21,,13.50%,13.11,5.11,2.56,,0.306,72.30%,10.40%,0.78
Jose Cisnero,Tigers,30,,0,35.1,0.2,,4.33,1.53,4.66,-0.33,5.13,,12.50%,10.19,4.84,2.11,,0.316,72.00%,12.20%,0.9
Robbie Ray,Diamondbacks,27,,33,174.1,2.4,,4.34,1.34,4.29,0.05,3.76,,13.60%,12.13,4.34,2.8,,0.305,75.10%,20.00%,1
Danny Duffy,Royals,30,,23,130.2,1.3,,4.34,1.31,4.78,-0.44,5.14,,10.30%,7.92,3.17,2.5,,0.285,73.50%,13.00%,0.86
Tanner Roark,- - -,32,,31,165.1,1.9,,4.35,1.4,4.67,-0.31,4.64,,8.50%,8.6,2.78,3.1,,0.322,78.10%,15.50%,0.99
Jake McGee,Rockies,32,,0,41.1,-0.3,,4.35,1.4,6,-1.64,5.38,,8.70%,7.62,2.4,3.18,,0.3,79.00%,18.60%,0.78
Luis Garcia,Angels,32,,2,62,-0.6,,4.35,1.52,5.94,-1.58,5.11,,12.40%,8.27,4.79,1.73,,0.282,79.20%,22.00%,1.44
Joe Jimenez,Tigers,24,,0,59.2,0.3,,4.37,1.32,4.66,-0.28,4.19,,14.90%,12.37,3.47,3.57,,0.319,77.20%,18.30%,0.61
Jacob Waguespack,Blue Jays,25,,13,78,0.7,,4.38,1.33,4.91,-0.52,5.2,,9.50%,7.27,3.35,2.17,,0.279,71.60%,13.30%,1.07
Chris Sale,Red Sox,30,,25,147.1,3.6,,4.4,1.09,3.39,1.01,2.93,,14.20%,13.32,2.26,5.89,,0.309,66.70%,19.50%,1.19
Tyler Olson,Indians,29,,0,30.2,0.1,,4.4,1.63,4.42,-0.02,5.29,,10.70%,8.22,4.7,1.75,,0.341,77.40%,9.10%,1.27
Austin Pruitt,Rays,29,,2,47,0.2,,4.4,1.26,4.26,0.15,3.93,,11.10%,7.47,2.3,3.25,,0.296,73.20%,18.40%,1.89
Merrill Kelly,Diamondbacks,30,,32,183.1,2,,4.42,1.31,4.51,-0.09,4.58,,9.80%,7.76,2.8,2.77,,0.292,73.10%,14.80%,1.18
Jon Duplantier,Diamondbacks,24,,3,36.2,0.4,,4.42,1.55,3.95,0.47,5.3,,8.40%,8.35,4.42,1.89,,0.356,74.30%,5.30%,1.21
Nick Vincent,- - -,32,,1,44.2,0.1,,4.43,1.32,4.51,-0.08,4.19,,11.20%,9.47,2.42,3.92,,0.317,77.20%,17.80%,1.07
Joe Musgrove,Pirates,26,,31,170.1,3.3,,4.44,1.22,3.82,0.62,4.31,,12.00%,8.3,2.06,4.03,,0.299,63.20%,11.70%,1.26
Trevor Gott,Giants,26,,0,52.2,0.9,,4.44,1.1,3.12,1.32,4.06,,10.80%,9.74,2.91,3.35,,0.276,62.50%,7.80%,1.16
Andrew Miller,Cardinals,34,,0,54.2,-0.4,,4.45,1.32,5.19,-0.74,4.43,,13.20%,11.52,4.45,2.59,,0.283,74.30%,21.60%,0.94
Adam Cimber,Indians,28,,0,56.2,0.3,,4.45,1.32,4.36,0.09,4.46,,9.70%,6.51,3.02,2.16,,0.287,70.80%,14.30%,2.36
Eric Lauer,Padres,24,,29,149.2,2.3,,4.45,1.4,4.23,0.22,4.77,,8.30%,8.3,3.07,2.71,,0.316,71.00%,11.70%,1.05
Masahiro Tanaka,Yankees,30,,31,182,3.3,,4.45,1.24,4.27,0.18,4.29,,10.70%,7.37,1.98,3.73,,0.293,70.40%,15.10%,1.45
Jay Jackson,Brewers,31,,0,30.1,0,,4.45,1.32,4.66,-0.21,3.6,,17.90%,13.95,5.34,2.61,,0.271,80.40%,26.10%,1.04
Darwinzon Hernandez,Red Sox,22,,1,30.1,0.5,,4.45,1.75,2.75,1.7,3.57,,13.80%,16.91,7.71,2.19,,0.433,69.60%,5.30%,1.42
Jon Lester,Cubs,35,,31,171.2,2.7,,4.46,1.5,4.26,0.2,4.35,,9.00%,8.65,2.73,3.17,,0.347,71.40%,14.60%,1.3
Jeff Brigham,Marlins,27,,0,38.1,-0.1,,4.46,1.3,5.07,-0.61,4.9,,11.60%,9.16,3.29,2.79,,0.283,77.90%,16.30%,0.71
Jordan Yamamoto,Marlins,23,,15,78.2,0.9,,4.46,1.14,4.51,-0.05,4.89,,9.20%,9.38,4.12,2.28,,0.225,66.60%,12.60%,0.83
Blaine Hardy,Tigers,32,,0,44.1,-0.3,,4.47,1.15,5.72,-1.25,4.98,,10.20%,5.89,2.64,2.23,,0.215,73.00%,20.40%,1.35
Kevin McCarthy,Royals,27,,0,60.1,0.5,,4.48,1.48,3.96,0.52,4.55,,9.80%,5.67,3.13,1.81,,0.315,70.30%,9.10%,2.7
Trevor Bauer,- - -,28,,34,213,3.3,,4.48,1.25,4.34,0.14,4.33,,12.20%,10.69,3.46,3.09,,0.287,70.40%,15.30%,0.93
Wilmer Font,- - -,29,,17,84.1,0.5,,4.48,1.27,4.72,-0.24,4.53,,11.90%,10.14,3.09,3.28,,0.288,78.90%,16.50%,0.82
Daniel Norris,Tigers,26,,29,144.1,1.9,,4.49,1.33,4.61,-0.12,4.55,,10.30%,7.79,2.37,3.29,,0.309,75.20%,15.70%,1.17
Erick Fedde,Nationals,26,,12,78,0.2,,4.5,1.46,5.34,-0.84,5.27,,7.10%,4.73,3.81,1.24,,0.283,76.50%,15.90%,1.86
Jason Vargas,- - -,36,,29,149.2,1.8,,4.51,1.36,4.76,-0.25,5.44,,9.70%,7.46,3.79,1.97,,0.276,69.80%,11.20%,0.91
Caleb Smith,Marlins,27,,28,153.1,1,,4.52,1.23,5.11,-0.59,5.05,,12.70%,9.86,3.52,2.8,,0.251,75.80%,15.60%,0.5
Jairo Diaz,Rockies,28,,0,57.2,0.9,,4.53,1.3,3.7,0.83,3.85,,14.30%,9.83,2.97,3.32,,0.318,64.00%,14.00%,1.58
Mike Foltynewicz,Braves,27,,21,117,0.8,,4.54,1.25,4.97,-0.44,4.73,,10.50%,8.08,2.85,2.84,,0.265,71.70%,16.90%,0.91
Greg Holland,Diamondbacks,33,,0,35.2,-0.1,,4.54,1.37,4.76,-0.21,4.77,,12.00%,10.35,6.06,1.71,,0.244,73.80%,15.20%,1.18
Wander Suero,Nationals,27,,0,71.1,1.5,,4.54,1.26,3.07,1.47,3.81,,13.60%,10.22,3.28,3.12,,0.326,66.30%,8.50%,1.27
Jonathan Loaisiga,Yankees,24,,4,31.2,0.1,,4.55,1.48,4.95,-0.4,4.43,,14.20%,10.52,4.55,2.31,,0.316,80.80%,19.40%,1.1
Blake Parker,- - -,34,,2,61.1,-0.1,,4.55,1.22,5.07,-0.52,4.26,,11.40%,9.54,3.23,2.95,,0.263,76.90%,21.70%,1.03
Anthony Swarzak,- - -,33,,0,53.1,-0.7,,4.56,1.48,5.71,-1.15,4.76,,11.90%,8.78,4.56,1.93,,0.28,78.80%,22.60%,1.32
Joe Kelly,Dodgers,31,,0,51.1,0.4,,4.56,1.38,3.78,0.78,3.19,,10.10%,10.87,3.86,2.82,,0.323,65.60%,25.00%,3.54
Brandon Brennan,Mariners,27,,0,47.1,0.1,,4.56,1.23,4.4,0.17,4.14,,15.50%,8.94,4.56,1.96,,0.235,66.50%,18.20%,2.09
Matthew Boyd,Tigers,28,,32,185.1,3.3,,4.56,1.23,4.32,0.24,3.88,,14.10%,11.56,2.43,4.76,,0.307,74.40%,18.20%,0.79
Mychal Givens,Orioles,29,,0,63,0.5,,4.57,1.19,4.5,0.07,3.62,,15.80%,12.29,3.71,3.31,,0.271,71.40%,22.80%,0.96
Homer Bailey,- - -,33,,31,163.1,2.9,,4.57,1.32,4.11,0.47,4.43,,10.80%,8.21,2.92,2.81,,0.301,71.20%,12.80%,1.3
Felix Pena,Angels,29,,7,96.1,0.6,,4.58,1.18,4.52,0.06,4.28,,12.70%,9.44,3.18,2.97,,0.256,65.60%,17.20%,1.2
Griffin Canning,Angels,23,,17,90.1,1.3,,4.58,1.22,4.37,0.22,4.75,,13.80%,9.56,2.99,3.2,,0.28,73.20%,12.80%,0.84
Joe Biagini,- - -,29,,0,64.2,-0.2,,4.59,1.5,5.43,-0.83,4.18,,11.70%,8.35,3.62,2.31,,0.317,80.40%,27.50%,1.75
Lucas Sims,Reds,25,,4,43,0.4,,4.6,1.16,4.45,0.16,4.57,,14.90%,11.93,3.98,3,,0.253,73.50%,14.50%,0.44
Sam Gaviglio,Blue Jays,29,,0,95.2,0.1,,4.61,1.12,4.64,-0.03,4.31,,11.60%,8.28,2.07,4,,0.258,69.90%,17.60%,1.28
Spencer Turnbull,Tigers,26,,30,148.1,2.9,,4.61,1.44,3.99,0.62,4.63,,10.70%,8.86,3.58,2.47,,0.333,68.30%,10.10%,1.5
Mike Morin,- - -,28,,0,50.2,0.2,,4.62,1.11,4.56,0.06,5.41,,11.50%,4.62,1.78,2.6,,0.244,60.10%,9.80%,1.1
Jefry Rodriguez,Indians,25,,8,46.2,0.5,,4.63,1.48,4.54,0.09,5.11,,8.20%,6.36,4.05,1.57,,0.299,69.40%,10.90%,1.57
Jake Arrieta,Phillies,33,,24,135.2,1.1,,4.64,1.47,4.89,-0.24,4.46,,7.20%,7.3,3.38,2.16,,0.316,73.80%,19.40%,2
Javy Guerra,- - -,33,,0,67.2,0.4,,4.66,1.24,4.25,0.41,5.21,,9.00%,7.58,2.26,3.35,,0.282,69.00%,10.20%,0.71
Josh Osich,White Sox,30,,0,67.2,0,,4.66,1.14,4.96,-0.3,4.16,,12.50%,8.11,2,4.07,,0.26,69.60%,21.10%,1.15
Miguel Castro,Orioles,24,,0,73.1,0.4,,4.66,1.42,4.73,-0.06,4.85,,11.70%,8.71,5.03,1.73,,0.269,68.90%,14.30%,1.44
Robert Gsellman,Mets,25,,0,63.2,0.4,,4.66,1.37,4.13,0.54,4.66,,11.00%,8.48,3.25,2.61,,0.315,68.50%,11.10%,1.3
Andrew Cashner,- - -,32,,23,150,1.8,,4.68,1.35,4.66,0.02,5.11,,9.50%,6.48,3.48,1.86,,0.28,68.00%,12.00%,1.42
Jose Quintana,Cubs,30,,31,171,3.5,,4.68,1.39,3.8,0.89,4.2,,8.30%,8,2.42,3.3,,0.326,65.90%,12.10%,1.44
Joshua James,Astros,26,,1,61.1,0.5,,4.7,1.32,3.98,0.72,3.77,,16.20%,14.67,5.14,2.86,,0.308,71.80%,16.90%,0.75
Collin McHugh,Astros,32,,8,74.2,0.5,,4.7,1.23,4.43,0.27,4.34,,11.30%,9.88,3.62,2.73,,0.263,69.10%,16.00%,1.01
Colin Poche,Rays,25,,0,51.2,0.6,,4.7,1.01,4.08,0.62,4.44,,17.20%,12.54,3.31,3.79,,0.235,67.60%,13.20%,0.29
Matt Strahm,Padres,27,,16,114.2,1.1,,4.71,1.25,4.41,0.3,4.27,,10.80%,9.26,1.73,5.36,,0.311,74.70%,16.20%,0.9
Matt Andriese,Diamondbacks,29,,0,70.2,0.7,,4.71,1.4,3.72,0.99,3.88,,10.00%,10.06,3.44,2.93,,0.332,71.60%,13.80%,1.71
Ivan Nova,White Sox,32,,34,187,2,,4.72,1.45,4.98,-0.26,4.91,,8.30%,5.49,2.26,2.43,,0.322,72.80%,15.80%,1.52
Jace Fry,White Sox,25,,0,55,0,,4.75,1.58,4.9,-0.16,4.41,,14.00%,11.13,7.04,1.58,,0.285,71.10%,21.90%,2.41
Jesus Tinoco,Rockies,24,,0,36,-1,,4.75,1.61,7.91,-3.16,5.84,,9.30%,7,5.5,1.27,,0.245,85.30%,29.30%,1.15
Juan Nicasio,Phillies,32,,0,47.1,0.5,,4.75,1.65,3.87,0.88,4.37,,9.10%,8.56,3.99,2.14,,0.366,71.20%,10.50%,1.76
Yoshihisa Hirano,Diamondbacks,35,,0,53,0.5,,4.75,1.38,4.04,0.71,4.24,,14.40%,10.36,3.74,2.77,,0.314,68.00%,13.70%,1.25
Tommy Milone,Mariners,32,,6,111.2,0.1,,4.76,1.12,5,-0.24,4.84,,10.10%,7.58,1.85,4.09,,0.252,70.70%,16.20%,0.82
German Marquez,Rockies,24,,28,174,3.4,,4.76,1.2,4.06,0.7,3.54,,12.70%,9.05,1.81,5,,0.304,68.10%,20.10%,1.69
Michael Wacha,Cardinals,27,,24,126.2,-0.2,,4.76,1.56,5.61,-0.85,4.8,,9.40%,7.39,3.91,1.89,,0.313,79.00%,22.00%,1.6
Brett Martin,Rangers,24,,2,62.1,0.9,,4.76,1.44,3.65,1.12,3.66,,13.20%,8.95,2.6,3.44,,0.34,65.70%,15.20%,2.3
Luke Bard,Angels,28,,3,49,0.1,,4.78,1.1,4.81,-0.03,5.16,,12.40%,7.35,2.39,3.08,,0.248,67.00%,13.10%,0.82
Dylan Bundy,Orioles,26,,30,161.2,2.5,,4.79,1.35,4.73,0.06,4.58,,12.90%,9.02,3.23,2.79,,0.297,70.50%,16.40%,1.1
Jose Alvarado,Rays,24,,1,30,0.2,,4.8,1.87,4.18,0.62,4.84,,12.30%,11.7,8.1,1.44,,0.346,71.40%,8.70%,1.61
T.J. McFarland,Diamondbacks,30,,0,56,0,,4.82,1.63,4.48,0.34,4.33,,10.00%,5.63,3.21,1.75,,0.346,68.20%,17.10%,3.31
Chris Devenski,Astros,28,,1,69,0.2,,4.83,1.3,4.62,0.21,4.85,,12.80%,9.39,2.74,3.43,,0.296,72.20%,14.00%,0.7
Daniel Mengden,Athletics,26,,9,59.2,0.6,,4.83,1.44,4.69,0.14,5.73,,6.00%,6.34,4.07,1.56,,0.283,70.90%,9.10%,0.9
Caleb Ferguson,Dodgers,22,,2,44.2,-0.2,,4.84,1.48,5.05,-0.21,4.88,,9.30%,10.88,5.44,2,,0.291,74.00%,16.70%,1.05
Kyle Gibson,Twins,31,,29,160,2.6,,4.84,1.44,4.26,0.57,3.8,,13.10%,9,3.15,2.86,,0.33,67.50%,20.40%,2.16
Trent Thornton,Blue Jays,25,,29,154.1,1.9,,4.84,1.41,4.59,0.25,4.94,,10.00%,8.69,3.56,2.44,,0.301,71.70%,13.00%,0.8
Jesse Chavez,Rangers,35,,9,78,0.9,,4.85,1.33,4.41,0.44,4.47,,6.40%,8.31,2.54,3.27,,0.31,66.20%,14.80%,1.21
Drew Pomeranz,- - -,30,,18,104,0.7,,4.85,1.43,4.59,0.26,3.88,,11.10%,11.86,3.81,3.11,,0.337,76.90%,21.00%,1.03
Ryan Brasier,Red Sox,31,,0,55.2,0.3,,4.85,1.29,4.42,0.43,4.89,,15.30%,9.86,3.4,2.9,,0.286,67.30%,12.50%,0.68
Victor Alcantara,Tigers,26,,0,42.2,-0.3,,4.85,1.41,5.72,-0.87,5.38,,10.20%,5.06,3.16,1.6,,0.278,72.80%,17.80%,1.67
Adam Plutko,Indians,27,,20,109.1,0.7,,4.86,1.29,5.23,-0.37,5.54,,8.40%,6.42,2.14,3,,0.28,73.60%,13.70%,0.68
Tim Melville,Rockies,29,,7,33.1,-0.2,,4.86,1.44,6.63,-1.77,5.27,,11.00%,6.48,3.78,1.71,,0.263,85.20%,25.00%,1.19
Tyler Alexander,Tigers,24,,8,53.2,0.9,,4.86,1.4,4.15,0.72,4.49,,8.60%,7.88,1.17,6.71,,0.347,73.00%,13.20%,0.94
Jake Diekman,- - -,32,,0,62.2,1,,4.88,1.44,3.6,1.29,4.18,,15.90%,12.06,5.6,2.15,,0.322,67.50%,7.90%,1.87
Derek Law,Blue Jays,28,,4,60.2,0,,4.9,1.66,4.85,0.05,4.8,,11.40%,9.94,5.93,1.68,,0.317,73.30%,15.70%,1.69
J.A. Happ,Yankees,36,,30,161.1,1.3,,4.91,1.3,5.22,-0.31,4.78,,10.30%,7.81,2.73,2.86,,0.28,75.70%,18.30%,1.03
Andrew Heaney,Angels,28,,18,95.1,1.2,,4.91,1.29,4.63,0.28,4.18,,14.20%,11.14,2.83,3.93,,0.312,75.50%,18.30%,0.77
Dario Agrazal,Pirates,24,,14,73.1,-0.1,,4.91,1.36,5.9,-0.99,5.9,,6.40%,5.03,2.21,2.28,,0.283,75.30%,15.30%,1.01
Vince Velasquez,Phillies,27,,23,117.1,0.6,,4.91,1.39,5.21,-0.3,4.75,,11.20%,9.97,3.3,3.02,,0.305,76.00%,18.20%,0.78
Blake Treinen,Athletics,31,,0,58.2,-0.3,,4.91,1.62,5.14,-0.23,5.01,,12.50%,9.05,5.68,1.59,,0.306,75.50%,16.40%,1.29
Tim Mayza,Blue Jays,27,,0,51.1,0,,4.91,1.4,4.73,0.18,4.1,,14.10%,9.64,4.73,2.04,,0.272,71.20%,22.20%,2.08
Asher Wojciechowski,Orioles,30,,16,82.1,0.9,,4.92,1.31,5.3,-0.38,5.61,,11.50%,8.74,3.06,2.86,,0.278,76.20%,13.70%,0.59
Shawn Kelley,Rangers,35,,0,47.1,-0.2,,4.94,1.39,5.52,-0.57,4.99,,11.60%,8.18,2.09,3.91,,0.314,80.10%,18.20%,0.65
Mike Montgomery,- - -,29,,13,91,-0.2,,4.95,1.62,5.52,-0.58,4.61,,9.20%,6.82,3.36,2.03,,0.343,76.30%,23.70%,1.87
CC Sabathia,Yankees,38,,22,107.1,0.4,,4.95,1.41,5.66,-0.72,4.73,,11.40%,8.97,3.27,2.74,,0.291,77.50%,21.40%,0.99
Kyle Crick,Pirates,26,,0,49,-0.7,,4.96,1.55,5.95,-0.99,5.33,,12.40%,11.2,6.43,1.74,,0.274,76.80%,20.00%,1.04
Kolby Allard,Rangers,21,,9,45.1,1.1,,4.96,1.57,4.01,0.96,5.08,,8.00%,6.55,3.77,1.74,,0.325,68.30%,6.80%,1.55
Pedro Strop,Cubs,34,,0,41.2,0,,4.97,1.27,4.53,0.43,4.19,,13.60%,10.58,4.32,2.45,,0.276,68.60%,18.80%,1.72
Jeremy Jeffress,Brewers,31,,0,52,0.3,,5.02,1.37,3.96,1.06,4.4,,9.50%,7.96,2.94,2.71,,0.322,63.80%,11.40%,1.7
Elieser Hernandez,Marlins,24,,15,82.1,0.1,,5.03,1.24,5.58,-0.55,5.13,,11.60%,9.29,2.84,3.27,,0.263,74.70%,17.90%,0.69
Patrick Sandoval,Angels,22,,9,39.1,0.3,,5.03,1.37,4.59,0.45,4.02,,13.50%,9.61,4.35,2.21,,0.287,70.80%,21.40%,1.71
Luis Avilan,Mets,29,,0,32,-0.1,,5.06,1.47,4.96,0.1,4.61,,11.20%,8.44,3.94,2.14,,0.315,74.40%,18.50%,1.63
Tyler Beede,Giants,26,,22,117,0.2,,5.08,1.48,5.03,0.04,4.63,,11.20%,8.69,3.54,2.46,,0.312,73.40%,18.30%,1.3
Ryan Weber,Red Sox,28,,3,40.2,0.3,,5.09,1.38,4.2,0.89,4.56,,5.90%,6.42,1.77,3.63,,0.316,65.40%,12.50%,1.7
Pablo Lopez,Marlins,23,,21,111.1,1.6,,5.09,1.24,4.28,0.81,4.37,,10.30%,7.68,2.18,3.52,,0.299,66.40%,14.60%,1.52
Martin Perez,Twins,28,,29,165.1,1.9,,5.12,1.52,4.66,0.46,4.69,,9.90%,7.35,3.65,2.01,,0.316,67.60%,15.00%,1.64
Matt Albers,Brewers,36,,0,59.2,0,,5.13,1.37,4.66,0.47,4.55,,9.40%,8.6,4.37,1.97,,0.28,69.10%,16.30%,1.71
Tyler Mahle,Reds,24,,25,129.2,1.4,,5.14,1.31,4.66,0.48,3.99,,9.40%,8.95,2.36,3.79,,0.307,66.70%,20.80%,1.5
Brendan McKay,Rays,23,,11,49,0.8,,5.14,1.41,4.03,1.11,4.38,,10.80%,10.29,2.94,3.5,,0.331,64.00%,13.10%,0.82
Cal Quantrill,Padres,24,,18,103,1.3,,5.16,1.3,4.28,0.87,4.53,,9.90%,7.78,2.45,3.18,,0.295,65.50%,13.50%,1.24
Steven Brault,Pirates,27,,19,113.1,1.1,,5.16,1.5,4.76,0.4,5.04,,9.90%,7.94,4.21,1.89,,0.309,69.20%,13.20%,1.31
Chris Archer,Pirates,30,,23,119.2,0.7,,5.19,1.41,5.02,0.17,4.36,,12.90%,10.75,4.14,2.6,,0.298,72.50%,20.20%,0.92
Carlos Rodon,White Sox,26,,7,34.2,0.9,,5.19,1.44,3.62,1.57,4.13,,12.10%,11.94,4.41,2.71,,0.322,63.90%,11.40%,1.14
Jose Urena,Marlins,27,,13,84.2,0.6,,5.21,1.48,4.74,0.47,4.6,,9.80%,6.59,2.76,2.38,,0.323,68.00%,16.50%,1.75
Logan Webb,Giants,22,,8,39.2,0.5,,5.22,1.46,4.12,1.1,3.89,,8.90%,8.39,3.18,2.64,,0.333,65.40%,17.90%,2.11
Jakob Junis,Royals,26,,31,175.1,1.5,,5.24,1.43,4.82,0.41,4.63,,9.80%,8.42,2.98,2.83,,0.318,70.30%,16.70%,1.22
Lou Trivino,Athletics,27,,0,60,0.3,,5.25,1.53,4.53,0.72,5.27,,12.50%,8.55,4.65,1.84,,0.316,64.60%,10.30%,1.15
Chi Chi Gonzalez,Rockies,27,,12,63,0.3,,5.29,1.46,5.64,-0.36,5.33,,8.40%,6.57,4.71,1.39,,0.257,69.60%,17.70%,1.35
Carlos Carrasco,Indians,32,,12,80,1,,5.29,1.35,4.41,0.87,3.5,,14.90%,10.8,1.8,6,,0.354,73.10%,22.20%,1.12
Freddy Peralta,Brewers,23,,8,85,0.9,,5.29,1.46,4.18,1.12,4.15,,13.00%,12.18,3.92,3.11,,0.338,64.80%,15.50%,0.73
Taylor Clarke,Diamondbacks,26,,15,84.2,-0.7,,5.31,1.37,6.41,-1.1,5.56,,9.90%,7.23,3.19,2.27,,0.26,74.60%,20.20%,0.91
Paul Fry,Orioles,26,,0,57.1,0.3,,5.34,1.45,4.71,0.62,4.41,,10.10%,8.63,4.55,1.9,,0.297,63.10%,18.90%,2.54
Elvis Luciano,Blue Jays,19,,0,33.2,-0.2,,5.35,1.78,5.56,-0.21,6.5,,10.20%,7.22,6.42,1.13,,0.317,74.90%,9.50%,0.95
Robbie Erlin,Padres,28,,1,55.1,0.5,,5.37,1.57,3.61,1.76,4.14,,10.20%,8.46,2.44,3.47,,0.373,65.30%,11.10%,1.5
Richard Bleier,Orioles,32,,1,55.1,0.5,,5.37,1.32,4.19,1.18,4.18,,8.10%,4.88,1.3,3.75,,0.316,62.70%,15.40%,2.95
Dillon Peters,Angels,26,,12,72,-0.5,,5.38,1.54,6.23,-0.85,5.52,,9.10%,6.88,3.25,2.12,,0.3,72.70%,19.60%,1.03
Bryan Shaw,Rockies,31,,0,72,-0.1,,5.38,1.36,5.19,0.19,4.87,,10.60%,7.25,3.63,2,,0.275,68.50%,17.90%,1.58
Trevor Williams,Pirates,27,,26,145.2,1,,5.38,1.41,5.12,0.25,5.25,,10.40%,6.98,2.72,2.57,,0.303,68.50%,14.50%,0.92
Reynaldo Lopez,White Sox,25,,33,184,2.3,,5.38,1.46,5.04,0.34,5.27,,11.00%,8.27,3.18,2.6,,0.316,69.20%,14.00%,0.79
Nick Pivetta,Phillies,26,,13,93.2,0,,5.38,1.52,5.47,-0.09,4.58,,10.10%,8.55,3.75,2.28,,0.309,69.50%,22.50%,1.37
Hector Velazquez,Red Sox,30,,8,56.1,0.2,,5.43,1.53,4.74,0.69,5.46,,9.80%,7.83,4.47,1.75,,0.321,61.90%,10.60%,0.97
Shaun Anderson,Giants,24,,16,96,0.6,,5.44,1.55,4.77,0.67,4.95,,9.10%,6.56,3.56,1.84,,0.322,67.80%,13.80%,1.34
Wes Parsons,- - -,26,,0,34.2,-0.7,,5.45,1.76,6.65,-1.19,6,,8.60%,6.75,7.53,0.9,,0.277,71.40%,21.40%,1.61
Yusei Kikuchi,Mariners,28,,32,161.2,0.2,,5.46,1.52,5.71,-0.26,5.18,,8.80%,6.46,2.78,2.32,,0.31,70.80%,18.80%,1.24
Brad Brach,- - -,33,,0,54.1,0.7,,5.47,1.62,3.73,1.74,4.68,,11.90%,9.94,5.13,1.94,,0.363,67.20%,7.70%,1.12
Joe Ross,Nationals,26,,9,64,0.7,,5.48,1.67,4.59,0.9,5.09,,10.50%,8.02,4.64,1.73,,0.345,69.20%,11.30%,1.42
Justus Sheffield,Mariners,23,,7,36,0.3,,5.5,1.72,4.71,0.79,4.68,,12.90%,9.25,4.5,2.06,,0.371,74.10%,15.60%,1.75
Rick Porcello,Red Sox,30,,32,174.1,1.8,,5.52,1.39,4.76,0.76,5.14,,8.00%,7.38,2.32,3.18,,0.308,65.70%,13.10%,0.92
Dominic Leone,Cardinals,27,,0,40.2,-0.3,,5.53,1.5,5.45,0.08,4.78,,14.40%,10.18,4.87,2.09,,0.291,68.20%,20.00%,0.89
Justin Anderson,Angels,26,,0,47,0.3,,5.55,1.57,4.43,1.13,4.8,,12.30%,11.49,6.13,1.88,,0.305,64.60%,12.50%,0.9
Yency Almonte,Rockies,25,,0,34,-0.1,,5.56,1.56,5.51,0.05,5.64,,10.70%,7.68,3.71,2.07,,0.302,72.40%,14.60%,0.75
Chris Stratton,- - -,28,,5,76,0.2,,5.57,1.66,4.92,0.64,4.82,,10.60%,8.17,3.91,2.09,,0.349,70.50%,16.00%,1.17
Clay Holmes,Pirates,26,,0,50,-0.1,,5.58,1.62,4.97,0.61,4.87,,9.40%,10.08,6.48,1.56,,0.299,65.10%,16.70%,2.73
Edwin Diaz,Mets,25,,0,58,0,,5.59,1.38,4.51,1.08,3.07,,18.00%,15.36,3.41,4.5,,0.377,76.20%,26.80%,0.84
Matt Wisler,- - -,26,,8,51.1,0.4,,5.61,1.4,4.23,1.38,3.83,,14.90%,11.05,2.81,3.94,,0.341,65.50%,18.20%,0.95
Gabriel Ynoa,Orioles,26,,13,110.2,-0.5,,5.61,1.37,6.2,-0.58,5.4,,9.20%,5.45,2.11,2.58,,0.273,68.20%,20.00%,1.23
Kyle Barraclough,- - -,29,,0,33.2,-0.7,,5.61,1.75,6.36,-0.75,5.25,,12.90%,10.69,5.61,1.9,,0.315,76.50%,22.50%,0.95
Touki Toussaint,Braves,23,,1,41.2,-0.2,,5.62,1.68,4.99,0.63,5.63,,11.90%,9.72,5.62,1.73,,0.339,70.00%,10.90%,1.13
Jose Ruiz,White Sox,24,,1,40,0,,5.63,2,5.36,0.26,6.1,,10.50%,7.88,5.4,1.46,,0.382,74.70%,11.10%,0.93
Dereck Rodriguez,Giants,27,,16,99,-0.6,,5.64,1.45,5.69,-0.05,5.14,,8.30%,6.45,3.27,1.97,,0.282,61.80%,19.10%,1.29
Aaron Brooks,- - -,29,,18,110,0.4,,5.65,1.38,5.4,0.24,5.35,,8.20%,6.71,2.78,2.41,,0.29,67.90%,15.70%,1.15
Trey Wingenter,Padres,25,,1,51,0.7,,5.65,1.22,3.61,2.04,4.09,,15.50%,12.71,4.94,2.57,,0.269,58.30%,11.10%,0.89
Fernando Rodney,- - -,42,,0,47.2,0.4,,5.66,1.62,4.28,1.38,4.51,,11.00%,9.25,5.29,1.75,,0.344,65.70%,13.20%,1.74
Nestor Cortes,Yankees,24,,1,66.2,-0.3,,5.67,1.55,5.57,0.1,5.04,,10.50%,9.32,3.78,2.46,,0.321,73.50%,18.40%,0.78
Wandy Peralta,- - -,27,,0,39.2,-0.7,,5.67,1.41,6.57,-0.89,4.72,,14.90%,7.26,3.63,2,,0.261,77.50%,31.40%,1.71
Jeurys Familia,Mets,29,,0,60,-0.2,,5.7,1.73,4.88,0.82,4.99,,10.70%,9.45,6.3,1.5,,0.346,70.00%,14.30%,1.69
Jerad Eickhoff,Phillies,28,,10,58.1,-0.4,,5.71,1.3,6.51,-0.8,5.15,,10.90%,7.87,2.78,2.83,,0.256,77.70%,23.10%,0.77
Wade LeBlanc,Mariners,34,,8,121.1,-0.3,,5.71,1.45,5.49,0.22,5.1,,9.70%,6.82,2.3,2.97,,0.308,70.40%,17.60%,1.02
Brad Wieck,- - -,27,,0,34.2,-0.1,,5.71,1.18,4.77,0.94,4.12,,12.00%,12.72,3.38,3.77,,0.267,64.00%,19.50%,0.63
Kevin Gausman,- - -,28,,17,102.1,1.6,,5.72,1.42,3.98,1.74,4.05,,14.90%,10.03,2.81,3.56,,0.344,61.20%,14.70%,1.06
Erik Swanson,Mariners,25,,8,58,-0.3,,5.74,1.17,5.96,-0.21,4.68,,9.40%,8.07,1.86,4.33,,0.241,62.80%,23.00%,0.91
Shawn Armstrong,- - -,28,,0,58,0.6,,5.74,1.64,4.54,1.2,5.42,,11.90%,9.78,4.5,2.17,,0.347,69.50%,10.30%,0.65
Robert Dugger,Marlins,23,,7,34.1,-0.1,,5.77,1.46,5.95,-0.18,6.17,,9.30%,6.55,4.46,1.47,,0.262,62.20%,14.00%,0.98
Edgar Garcia,Phillies,22,,0,39,-0.6,,5.77,1.64,6.57,-0.8,5.51,,12.70%,10.38,6,1.73,,0.3,80.30%,21.60%,0.63
Gregory Soto,Tigers,24,,7,57.2,0,,5.77,1.86,5.4,0.38,5.65,,8.10%,7.02,5.15,1.36,,0.344,72.00%,13.60%,1.42
Andrew Suarez,Giants,26,,2,32.2,-0.4,,5.79,1.62,5.85,-0.06,4.95,,7.80%,6.89,3.86,1.79,,0.317,70.10%,22.60%,1.71
Dylan Cease,White Sox,23,,14,73,0.7,,5.79,1.55,5.19,0.61,4.42,,11.10%,9.99,4.32,2.31,,0.326,68.10%,21.40%,1.36
Wily Peralta,Royals,30,,0,40.1,-0.4,,5.8,1.59,5.84,-0.04,5.76,,8.50%,5.36,4.24,1.26,,0.306,67.60%,15.90%,1.34
Corey Kluber,Indians,33,,7,35.2,0.6,,5.8,1.65,4.06,1.75,4.88,,12.30%,9.59,3.79,2.53,,0.37,63.80%,9.80%,1.07
Alex Wood,Reds,28,,7,35.2,-0.2,,5.8,1.4,6.38,-0.58,4.44,,10.80%,7.57,2.27,3.33,,0.294,73.00%,29.70%,1.14
Josh A. Smith,Red Sox,31,,2,31,-0.4,,5.81,1.42,6.6,-0.79,4.91,,12.10%,8.42,2.32,3.63,,0.292,75.80%,25.60%,0.87
Ariel Jurado,Rangers,23,,18,122.1,0.9,,5.81,1.5,5.1,0.71,5,,7.30%,5.96,2.65,2.25,,0.318,59.30%,16.00%,1.46
Cole Irvin,Phillies,25,,3,41.2,0.1,,5.83,1.39,5.06,0.77,5.03,,9.60%,6.7,2.81,2.38,,0.299,64.50%,15.60%,1
Framber Valdez,Astros,25,,8,70.2,0.1,,5.86,1.67,4.98,0.88,4.31,,10.60%,8.66,5.6,1.55,,0.319,64.90%,25.70%,3.74
Adrian Sampson,Rangers,27,,15,125.1,0.3,,5.89,1.53,5.69,0.2,5.33,,9.50%,7.25,2.59,2.81,,0.327,71.70%,17.40%,0.99
Aaron Sanchez,- - -,26,,27,131.1,0.8,,5.89,1.62,5.25,0.65,5.15,,8.90%,7.88,4.66,1.69,,0.32,67.40%,16.10%,1.55
Drew VerHagen,Tigers,28,,4,58,0.2,,5.9,1.6,4.87,1.03,4.67,,9.40%,7.91,3.57,2.22,,0.357,67.50%,17.00%,1.74
Taylor Cole,Angels,29,,6,51.2,0.9,,5.92,1.59,3.29,2.63,4.1,,11.90%,8.71,4.18,2.08,,0.366,60.30%,5.90%,2.21
Branden Kline,Orioles,27,,0,41,-0.2,,5.93,1.54,5.87,0.05,5.15,,10.00%,7.46,4.17,1.79,,0.292,70.00%,20.50%,1.14
Clayton Richard,Blue Jays,35,,10,45.1,-0.2,,5.96,1.57,6.28,-0.32,5.32,,6.20%,4.37,3.57,1.22,,0.297,67.30%,24.30%,2.35
Zack Godley,- - -,29,,9,92,-0.1,,5.97,1.5,5.2,0.76,5.43,,10.10%,6.85,4.11,1.67,,0.297,65.60%,13.70%,1.21
Trevor Cahill,Angels,31,,11,102.1,-0.8,,5.98,1.47,6.13,-0.15,5.11,,10.00%,7.12,3.43,2.08,,0.283,70.30%,22.50%,1.35
Nathan Eovaldi,Red Sox,29,,12,67.2,-0.3,,5.99,1.58,5.9,0.08,4.89,,10.60%,9.31,4.66,2,,0.315,73.10%,22.90%,1.23
Jhoulys Chacin,- - -,31,,24,103.1,-0.1,,6.01,1.56,5.88,0.12,5.03,,8.10%,8.8,4.01,2.2,,0.307,71.00%,21.00%,0.98
Glenn Sparkman,Royals,27,,23,136,-0.5,,6.02,1.51,5.93,0.09,5.81,,7.50%,5.36,2.71,1.98,,0.299,68.10%,16.00%,0.94
Brian Johnson,Red Sox,28,,7,40.1,0,,6.02,1.88,5.32,0.7,6.15,,8.40%,6.92,5.13,1.35,,0.353,69.50%,10.70%,1.02
Chad Bettis,Rockies,30,,3,63.2,0.1,,6.08,1.55,5.16,0.92,4.49,,9.40%,5.94,2.97,2,,0.325,63.30%,22.70%,3
Derek Holland,- - -,32,,8,84.1,-1,,6.08,1.51,6.1,-0.01,5.25,,11.10%,8.75,4.8,1.82,,0.276,68.00%,21.10%,1.01
Tyson Ross,Tigers,32,,7,35.1,0,,6.11,1.67,5.99,0.13,5.16,,7.10%,6.37,4.58,1.39,,0.306,63.80%,22.60%,1.94
Phil Maton,- - -,26,,0,36.2,-0.1,,6.14,1.36,5.04,1.1,4.46,,11.70%,8.1,2.95,2.75,,0.284,59.20%,20.00%,1.46
Kelvin Herrera,White Sox,29,,0,51.1,0.4,,6.14,1.62,4.58,1.56,4.84,,11.70%,9.29,4.03,2.3,,0.347,65.90%,13.60%,0.93
Thomas Pannone,Blue Jays,25,,7,73,0,,6.16,1.42,5.16,1.01,5.54,,10.90%,8.51,3.82,2.23,,0.291,64.30%,13.10%,0.72
Jeremy Hellickson,Nationals,32,,8,39,-0.1,,6.23,1.72,6.29,-0.06,5.99,,6.10%,6.92,4.62,1.5,,0.309,66.80%,17.00%,0.96
Drew Smyly,- - -,30,,21,114,-0.3,,6.24,1.59,6.26,-0.02,5.21,,10.70%,9.47,4.34,2.18,,0.308,72.40%,21.50%,0.74
Tayron Guerrero,Marlins,28,,0,46,-0.6,,6.26,1.7,6.06,0.2,6.33,,13.30%,8.41,7.04,1.19,,0.282,67.40%,13.50%,1.12
Jonathan Holder,Yankees,26,,1,41.1,0.4,,6.31,1.31,4.45,1.87,4.43,,11.80%,10.02,2.4,4.18,,0.307,53.60%,15.40%,0.88
Jorge Lopez,Royals,26,,18,123.2,-0.3,,6.33,1.47,5.55,0.78,4.82,,8.80%,7.93,3.06,2.6,,0.314,63.60%,20.60%,1.37
Matt Grace,Nationals,30,,1,46.2,-0.3,,6.36,1.52,5.55,0.81,4.36,,8.50%,6.75,1.93,3.5,,0.338,67.70%,25.00%,1.73
Jeffrey Springs,Rangers,26,,0,32.1,0.1,,6.4,1.89,4.98,1.43,6.14,,12.50%,8.91,6.4,1.39,,0.354,68.60%,8.90%,0.51
Felix Hernandez,Mariners,33,,15,71.2,-0.1,,6.4,1.53,6,0.4,5.17,,8.60%,7.16,3.14,2.28,,0.309,62.90%,21.00%,1.4
Jaime Barria,Angels,22,,13,82.2,-0.6,,6.42,1.44,6.23,0.2,5.32,,9.30%,8.17,2.94,2.78,,0.287,68.70%,20.20%,0.74
Tom Eshelman,Orioles,25,,4,36,-0.4,,6.5,1.61,7.33,-0.83,5.92,,6.70%,5.5,2.75,2,,0.297,66.40%,22.60%,0.77
Adam Conley,Marlins,29,,0,60.2,-0.4,,6.53,1.73,5.19,1.34,5.41,,10.50%,7.86,4.3,1.83,,0.351,67.00%,13.90%,1
Jeff Hoffman,Rockies,26,,15,70,-0.4,,6.56,1.59,6.8,-0.24,5.43,,9.30%,8.74,4.37,2,,0.298,74.80%,23.60%,0.81
Clay Buchholz,Blue Jays,34,,12,59,0.1,,6.56,1.49,5.62,0.94,5.18,,9.40%,5.95,2.44,2.44,,0.319,63.60%,18.10%,1.22
Wei-Yin Chen,Marlins,33,,0,68.1,-0.4,,6.59,1.54,5.23,1.35,4.83,,9.40%,8.3,2.37,3.5,,0.35,62.90%,17.90%,0.95
Ross Detwiler,White Sox,33,,12,69.2,-0.6,,6.59,1.62,6.92,-0.33,5.5,,6.50%,5.94,3.49,1.7,,0.301,70.50%,24.70%,1.51
Adalberto Mejia,- - -,26,,0,31.1,0,,6.61,1.72,4.97,1.64,5.98,,9.40%,8.62,6.03,1.43,,0.322,59.90%,9.50%,0.6
Hector Santiago,- - -,31,,2,33.2,-0.1,,6.68,1.9,5.89,0.8,5.52,,11.10%,10.69,5.88,1.82,,0.366,72.00%,17.40%,0.7
Antonio Senzatela,Rockies,24,,25,124.2,0.7,,6.71,1.75,5.44,1.27,5.12,,7.40%,5.49,4.11,1.33,,0.333,63.00%,18.30%,2.26
Kyle Freeland,Rockies,26,,22,104.1,0.1,,6.73,1.58,5.99,0.73,5.07,,9.60%,6.81,3.36,2.03,,0.308,62.10%,21.70%,1.42
Nick Margevicius,Padres,23,,12,57,-0.1,,6.79,1.61,5.64,1.15,4.96,,9.60%,6.63,3,2.21,,0.326,62.70%,20.30%,1.44
Jimmy Yacabonis,Orioles,27,,4,41,-0.3,,6.8,1.83,6.36,0.44,6.27,,8.80%,7.24,5.27,1.38,,0.336,69.90%,15.80%,0.84
Jordan Zimmermann,Tigers,33,,23,112,1.3,,6.91,1.52,4.79,2.13,4.87,,8.50%,6.59,2.01,3.28,,0.339,58.20%,14.70%,1.25
Manny Banuelos,White Sox,28,,8,50.2,-0.4,,6.93,1.84,6.57,0.36,6.04,,9.20%,7.82,5.86,1.33,,0.331,71.20%,18.50%,0.78
David Hess,Orioles,25,,14,80,-0.8,,7.09,1.55,7.26,-0.18,5.67,,8.50%,7.65,3.38,2.27,,0.278,61.10%,23.50%,0.71
Matt Harvey,Angels,30,,12,59.2,-0.3,,7.09,1.54,6.35,0.74,5.45,,9.10%,5.88,4.37,1.34,,0.275,61.20%,22.40%,1.43
Jose Suarez,Angels,21,,15,81,-0.7,,7.11,1.64,6.72,0.39,5.71,,10.80%,8,3.67,2.18,,0.325,68.60%,21.10%,0.83
Mitch Keller,Pirates,23,,11,48,1.3,,7.13,1.83,3.19,3.93,3.47,,11.80%,12.19,3,4.06,,0.475,59.60%,13.00%,1.22
Peter Lambert,Rockies,22,,19,89.1,0.1,,7.25,1.74,5.97,1.29,5.29,,7.10%,5.74,3.63,1.58,,0.333,64.10%,20.70%,1.71
Nick Kingham,- - -,27,,4,55.2,-0.2,,7.28,1.85,5.48,1.8,5.34,,8.50%,7.44,4.04,1.84,,0.379,66.20%,16.20%,1.1
Jacob Barnes,- - -,29,,1,32.2,-0.5,,7.44,1.78,6.06,1.38,5.22,,9.40%,8.82,6.06,1.45,,0.293,58.10%,21.90%,1.56
Dylan Covey,White Sox,27,,12,58.2,-0.1,,7.98,1.76,6.06,1.92,5.61,,7.50%,6.29,4.3,1.46,,0.321,58.30%,18.50%,1.31
David Hernandez,Reds,34,,0,42.2,0.3,,8.02,1.71,4.34,3.68,4.54,,14.90%,11.18,4.22,2.65,,0.393,54.50%,14.00%,0.68
Shelby Miller,Rangers,28,,8,44,-0.2,,8.59,1.98,6.4,2.2,6.79,,7.50%,6.14,5.93,1.03,,0.333,55.80%,13.10%,1.07
Wade Davis,Rockies,33,,0,42.2,-0.2,,8.65,1.88,5.56,3.09,5.8,,10.70%,8.86,6.12,1.45,,0.349,55.40%,13.70%,1
Corbin Burnes,Brewers,24,,4,49,-0.3,,8.82,1.84,6.09,2.72,3.37,,17.20%,12.86,3.67,3.5,,0.414,57.40%,38.60%,1.45
Geoff Hartlieb,Pirates,25,,0,35,-0.2,,9,2,5.56,3.44,4.52,,10.90%,9.77,4.63,2.11,,0.411,59.50%,23.50%,1.56
Ryan Carpenter,Tigers,28,,9,40.2,-0.4,,9.3,1.82,6.93,2.37,6.12,,7.30%,5.53,2.88,1.92,,0.338,50.70%,19.40%,0.89
Edwin Jackson,- - -,35,,13,67.2,-1.1,,9.58,2.02,7.65,1.93,5.9,,9.90%,6.92,4.26,1.63,,0.363,54.70%,25.30%,1.14
Dan Straily,Orioles,30,,8,47.2,-1.1,,9.82,1.99,9.34,0.48,7.14,,7.80%,6.23,4.15,1.5,,0.325,66.50%,24.20%,0.55
