Name,Team,Age,,Off,Def,WAR,,G,PA,,HR,R,RBI,SB,,BB%,K%,ISO,BABIP,HR/FB,,AVG,OBP,SLG,OPS,wRC+,,Contact%,Hard%
Christian Yelich,Brewers,27,,65.3,-3.7,7.8,,130,580,,44,100,97,30,,13.80%,20.30%,0.342,0.355,32.80%,,0.329,0.429,0.671,1.1,174,,73.80%,50.50%
Mike Trout,Angels,27,,68.2,-0.4,8.6,,134,600,,45,110,104,11,,18.30%,20.00%,0.353,0.298,25.90%,,0.291,0.438,0.645,1.083,180,,82.30%,43.80%
Yordan Alvarez,Astros,22,,34.6,-8.5,3.8,,87,369,,27,58,78,0,,14.10%,25.50%,0.342,0.366,32.90%,,0.313,0.412,0.655,1.067,178,,75.90%,51.10%
Alex Bregman,Astros,25,,58.3,4.4,8.4,,156,690,,41,122,112,5,,17.20%,12.00%,0.296,0.281,18.60%,,0.296,0.423,0.592,1.015,168,,87.00%,44.70%
Nelson Cruz,Twins,38,,37.8,-12.3,4.3,,120,521,,41,81,108,0,,10.70%,25.10%,0.328,0.351,31.30%,,0.311,0.392,0.639,1.031,163,,69.70%,52.50%
David Freese,Dodgers,36,,13.3,-4.4,1.5,,79,186,,11,35,29,0,,12.40%,23.70%,0.284,0.374,30.60%,,0.315,0.403,0.599,1.002,162,,71.90%,47.50%
Cody Bellinger,Dodgers,23,,55,3.2,7.7,,156,660,,47,121,115,15,,14.40%,16.40%,0.324,0.302,24.60%,,0.305,0.406,0.629,1.035,162,,78.10%,49.20%
Edwin Rios,Dodgers,25,,4,-1.5,0.4,,28,56,,4,10,8,0,,16.10%,37.50%,0.34,0.409,57.10%,,0.277,0.393,0.617,1.01,161,,70.10%,57.70%
Anthony Rendon,Nationals,29,,46.8,4.1,7,,146,646,,34,117,126,5,,12.40%,13.30%,0.279,0.323,15.90%,,0.319,0.412,0.598,1.01,154,,88.30%,44.70%
Sam Hilliard,Rockies,25,,4.8,-1.6,0.6,,27,87,,7,13,13,2,,10.30%,26.40%,0.377,0.298,33.30%,,0.273,0.356,0.649,1.006,138,,73.80%,38.90%
Ketel Marte,Diamondbacks,25,,46.1,7,7.1,,144,628,,32,97,92,10,,8.40%,13.70%,0.264,0.342,19.00%,,0.329,0.389,0.592,0.981,151,,83.60%,41.90%
Mitch Garver,Twins,28,,24,3,3.9,,93,359,,31,70,67,0,,11.40%,24.20%,0.357,0.277,29.00%,,0.273,0.365,0.63,0.995,155,,77.00%,46.90%
Joey Gallo,Rangers,25,,19.3,3.7,3.3,,70,297,,22,54,49,4,,17.50%,38.40%,0.344,0.368,37.30%,,0.253,0.389,0.598,0.986,144,,59.80%,51.90%
George Springer,Astros,29,,40.7,6.2,6.5,,122,556,,39,96,96,6,,12.10%,20.30%,0.299,0.305,29.50%,,0.292,0.383,0.591,0.974,156,,75.00%,45.10%
Howie Kendrick,Nationals,35,,20.6,-2.6,2.9,,121,370,,17,61,62,2,,7.30%,13.20%,0.228,0.359,17.90%,,0.344,0.395,0.572,0.966,146,,84.30%,45.50%
Fernando Tatis Jr.,Padres,20,,27.4,-1.8,3.6,,84,372,,22,61,53,16,,8.10%,29.60%,0.272,0.41,31.90%,,0.317,0.379,0.59,0.969,150,,67.10%,41.90%
Juan Soto,Nationals,20,,35.7,-8.3,4.7,,150,659,,34,110,110,12,,16.40%,20.00%,0.266,0.312,22.20%,,0.282,0.401,0.548,0.949,142,,77.90%,41.40%
Austin Hays,Orioles,23,,5.2,1.3,0.9,,21,75,,4,12,13,2,,9.30%,17.30%,0.265,0.333,20.00%,,0.309,0.373,0.574,0.947,146,,74.10%,30.90%
Nolan Arenado,Rockies,28,,27.1,12.6,5.9,,155,662,,41,102,118,3,,9.40%,14.00%,0.269,0.312,18.20%,,0.315,0.379,0.583,0.962,128,,80.30%,42.40%
Anthony Rizzo,Cubs,29,,28.2,-7.2,4,,146,613,,27,89,94,5,,11.60%,14.00%,0.227,0.306,19.90%,,0.293,0.405,0.52,0.924,141,,82.00%,37.30%
Xander Bogaerts,Red Sox,26,,37.6,8.1,6.8,,155,698,,33,110,117,4,,10.90%,17.50%,0.246,0.338,16.70%,,0.309,0.384,0.555,0.939,141,,80.70%,38.80%
Keston Hiura,Brewers,22,,17.7,-7.1,2.1,,84,348,,19,51,49,9,,7.20%,30.70%,0.268,0.402,24.10%,,0.303,0.368,0.57,0.938,139,,65.80%,44.20%
Charlie Blackmon,Rockies,32,,16.9,-16.6,2,,140,634,,32,112,86,2,,6.30%,16.40%,0.262,0.334,17.70%,,0.314,0.364,0.576,0.94,125,,81.70%,40.10%
Freddie Freeman,Braves,29,,34.9,-16.1,4,,158,692,,38,113,121,6,,12.60%,18.40%,0.255,0.318,23.60%,,0.295,0.389,0.549,0.938,138,,77.40%,46.80%
J.D. Martinez,Red Sox,31,,27.8,-18.1,3.2,,146,657,,36,98,105,2,,11.00%,21.00%,0.252,0.342,23.40%,,0.304,0.383,0.557,0.939,139,,75.00%,45.90%
Mark Canha,Athletics,30,,28,-3.5,4.1,,126,502,,26,80,58,3,,13.70%,21.90%,0.242,0.308,21.00%,,0.271,0.396,0.513,0.91,146,,79.00%,39.30%
Jeff McNeil,Mets,27,,29.4,-0.8,4.6,,133,567,,23,83,75,5,,6.20%,13.20%,0.214,0.337,15.40%,,0.318,0.384,0.531,0.916,143,,81.40%,37.60%
Bo Bichette,Blue Jays,21,,10.2,0.2,1.7,,46,212,,11,32,21,4,,6.60%,23.60%,0.26,0.368,22.40%,,0.311,0.358,0.571,0.93,142,,76.60%,32.70%
Peter Alonso,Mets,24,,37.1,-9.7,4.8,,161,693,,53,103,120,1,,10.40%,26.40%,0.323,0.28,30.60%,,0.26,0.358,0.583,0.941,143,,73.20%,42.00%
Jordan Luplow,Indians,25,,13.7,-0.4,2.2,,85,261,,15,42,38,3,,12.60%,23.40%,0.276,0.313,23.40%,,0.276,0.372,0.551,0.923,137,,75.90%,40.60%
Aaron Judge,Yankees,27,,23.9,7.3,4.6,,102,447,,27,75,55,3,,14.30%,31.50%,0.267,0.36,35.10%,,0.272,0.381,0.54,0.921,141,,65.10%,53.80%
Eugenio Suarez,Reds,27,,23,1.9,4.5,,159,662,,49,87,103,3,,10.60%,28.50%,0.301,0.312,29.50%,,0.271,0.358,0.572,0.93,133,,73.10%,46.70%
Carlos Correa,Astros,24,,18.1,3.4,3.2,,75,321,,21,42,59,1,,10.90%,23.40%,0.289,0.303,25.60%,,0.279,0.358,0.568,0.926,143,,77.10%,44.90%
Mookie Betts,Red Sox,26,,36.7,6.7,6.6,,150,706,,29,135,80,16,,13.70%,14.30%,0.229,0.309,13.10%,,0.295,0.391,0.524,0.915,135,,86.60%,43.00%
Trevor Story,Rockies,26,,23.9,15.1,5.9,,145,656,,35,111,85,23,,8.80%,26.50%,0.26,0.361,19.90%,,0.294,0.363,0.554,0.917,121,,75.20%,44.10%
Carlos Santana,Indians,33,,32,-10.8,4.4,,158,686,,34,110,93,4,,15.70%,15.70%,0.234,0.293,19.30%,,0.281,0.397,0.515,0.911,135,,80.70%,43.00%
Austin Meadows,Rays,24,,30.9,-10,4.1,,138,591,,33,83,89,12,,9.10%,22.20%,0.268,0.331,19.30%,,0.291,0.364,0.558,0.922,142,,78.60%,45.40%
Kris Bryant,Cubs,27,,32.9,-4,4.8,,147,634,,31,108,77,4,,11.70%,22.90%,0.239,0.331,18.00%,,0.282,0.382,0.521,0.903,135,,74.10%,35.80%
Yoan Moncada,White Sox,24,,32.5,5.5,5.6,,132,559,,25,83,79,10,,7.20%,27.50%,0.233,0.406,20.20%,,0.315,0.367,0.548,0.915,141,,70.60%,39.30%
Giancarlo Stanton,Yankees,29,,3.3,-1.6,0.4,,18,72,,3,8,13,0,,16.70%,33.30%,0.203,0.424,25.00%,,0.288,0.403,0.492,0.894,139,,67.50%,41.70%
Miguel Sano,Twins,26,,19.6,-6.1,2.8,,105,439,,34,76,79,0,,12.50%,36.20%,0.329,0.319,36.60%,,0.247,0.346,0.576,0.923,137,,63.80%,52.70%
Josh Bell,Pirates,26,,23.7,-17.8,2.5,,143,613,,37,94,116,0,,12.10%,19.20%,0.292,0.288,23.90%,,0.277,0.367,0.569,0.936,135,,76.50%,45.40%
Jorge Soler,Royals,27,,30.7,-17.2,3.6,,162,679,,48,95,117,3,,10.80%,26.20%,0.304,0.294,28.10%,,0.265,0.354,0.569,0.922,136,,69.90%,46.80%
Josh Donaldson,Braves,33,,24.8,4.9,5,,155,659,,37,96,94,4,,15.20%,23.50%,0.262,0.292,25.70%,,0.259,0.379,0.521,0.9,132,,71.60%,47.50%
Hunter Pence,Rangers,36,,14.6,-7.1,1.8,,83,316,,18,53,59,6,,8.20%,21.80%,0.255,0.333,23.10%,,0.297,0.358,0.552,0.91,128,,70.30%,42.50%
Rafael Devers,Red Sox,22,,31,5.5,5.9,,156,702,,32,129,115,8,,6.80%,17.00%,0.244,0.339,17.70%,,0.311,0.361,0.555,0.916,133,,77.90%,37.70%
DJ LeMahieu,Yankees,30,,30,2.8,5.4,,145,655,,26,109,102,5,,7.00%,13.70%,0.191,0.349,19.30%,,0.327,0.375,0.518,0.893,136,,85.50%,40.40%
Nick Solak,Rangers,24,,4.8,-4.9,0.4,,33,135,,5,19,17,2,,11.10%,21.50%,0.198,0.354,20.80%,,0.293,0.393,0.491,0.884,126,,79.70%,28.70%
Jose Altuve,Astros,29,,21.9,-4.6,3.6,,124,548,,31,89,74,6,,7.50%,15.00%,0.252,0.303,23.30%,,0.298,0.353,0.55,0.903,138,,80.80%,40.80%
J.D. Davis,Mets,26,,18.8,-8.8,2.4,,140,453,,22,65,57,3,,8.40%,21.40%,0.22,0.355,23.20%,,0.307,0.369,0.527,0.895,136,,74.60%,41.60%
Trey Mancini,Orioles,27,,26.4,-13.8,3.5,,154,679,,35,106,97,1,,9.30%,21.10%,0.244,0.326,23.60%,,0.291,0.364,0.535,0.899,132,,75.40%,37.10%
Max Muncy,Dodgers,28,,31.1,-1,4.8,,141,589,,35,101,98,4,,15.30%,25.30%,0.265,0.283,26.50%,,0.251,0.374,0.515,0.889,134,,73.60%,45.60%
Mike Ford,Yankees,26,,7.4,-4.7,0.8,,50,163,,12,30,25,0,,10.40%,17.20%,0.301,0.243,23.50%,,0.259,0.35,0.559,0.909,134,,79.50%,40.90%
Matt Joyce,Braves,34,,9,-3.6,1.3,,129,238,,7,32,23,0,,16.00%,18.90%,0.155,0.351,12.50%,,0.295,0.408,0.45,0.858,128,,76.40%,40.70%
Marcus Semien,Athletics,28,,37.1,13.9,7.5,,162,753,,33,123,92,10,,11.80%,13.50%,0.236,0.292,15.10%,,0.283,0.369,0.519,0.888,137,,82.80%,41.80%
Bryan Reynolds,Pirates,24,,22.8,-7.6,3.2,,134,546,,16,83,68,3,,8.40%,22.20%,0.189,0.387,14.40%,,0.314,0.377,0.503,0.88,131,,75.90%,42.60%
Justin Turner,Dodgers,34,,22.3,-5.3,3.4,,135,549,,27,80,67,2,,9.30%,16.00%,0.219,0.304,17.00%,,0.29,0.372,0.509,0.881,132,,84.50%,50.40%
Giovanny Urshela,Yankees,27,,16.4,-1.1,3.1,,132,476,,21,73,74,1,,5.30%,18.30%,0.219,0.349,17.50%,,0.314,0.355,0.534,0.889,132,,79.60%,44.00%
Ronald Acuna Jr.,Braves,21,,33.1,1.7,5.6,,156,715,,41,127,101,37,,10.60%,26.30%,0.238,0.337,24.80%,,0.28,0.365,0.518,0.883,126,,74.20%,46.00%
Will Smith,Dodgers,24,,7.4,3.9,1.7,,54,196,,15,30,42,2,,9.20%,26.50%,0.318,0.264,23.10%,,0.253,0.337,0.571,0.907,132,,76.70%,44.60%
Dominic Smith,Mets,24,,6.9,-4.7,0.8,,89,197,,11,35,25,1,,9.60%,22.30%,0.243,0.32,22.40%,,0.282,0.355,0.525,0.881,133,,75.30%,36.80%
Willson Contreras,Cubs,27,,14.7,0.7,2.8,,105,409,,24,57,64,1,,9.30%,24.90%,0.261,0.314,27.30%,,0.272,0.355,0.533,0.888,127,,69.70%,36.90%
Ian Happ,Cubs,24,,6.7,2.7,1.4,,58,156,,11,25,30,2,,9.60%,25.00%,0.3,0.286,26.20%,,0.264,0.333,0.564,0.898,127,,71.70%,34.30%
Brad Miller,- - -,29,,6,0.4,1.2,,79,170,,13,26,25,2,,8.80%,26.50%,0.305,0.281,26.00%,,0.26,0.329,0.565,0.894,126,,72.00%,42.20%
Michael Brantley,Astros,32,,27.2,-6.8,4.2,,148,637,,22,88,90,3,,8.00%,10.40%,0.191,0.32,14.00%,,0.311,0.372,0.503,0.875,133,,90.80%,41.70%
Corey Dickerson,- - -,30,,9,-7.5,1,,78,279,,12,33,59,1,,5.70%,20.10%,0.262,0.344,15.00%,,0.304,0.341,0.565,0.906,127,,75.60%,39.10%
Matt Olson,Athletics,25,,23.2,-2.7,3.9,,127,552,,36,73,92,0,,9.20%,25.50%,0.275,0.301,23.70%,,0.266,0.35,0.541,0.891,133,,74.80%,50.60%
Bryce Harper,Phillies,26,,21.9,3.4,4.6,,157,682,,35,98,114,15,,14.50%,26.10%,0.25,0.313,23.50%,,0.26,0.372,0.51,0.882,125,,68.30%,48.10%
Yuli Gurriel,Astros,35,,22.5,-10.5,3.3,,144,612,,31,85,104,5,,6.00%,10.60%,0.243,0.289,15.60%,,0.298,0.343,0.541,0.884,132,,86.30%,38.60%
David Dahl,Rockies,25,,6.1,-5,1.4,,100,413,,15,67,61,4,,6.80%,26.60%,0.222,0.386,17.20%,,0.302,0.353,0.524,0.877,110,,71.80%,36.50%
Reese McGuire,Blue Jays,24,,3.7,5.1,1.2,,30,105,,5,14,11,0,,6.70%,17.10%,0.227,0.324,20.00%,,0.299,0.346,0.526,0.872,128,,78.70%,31.70%
Sean Murphy,Athletics,24,,3,1.2,0.6,,20,61,,4,14,8,0,,9.80%,27.90%,0.315,0.273,40.00%,,0.241,0.328,0.556,0.883,131,,74.40%,35.10%
Mike Tauchman,Yankees,28,,11.9,4.2,2.6,,87,296,,13,46,47,6,,11.50%,24.00%,0.227,0.333,20.60%,,0.277,0.361,0.504,0.865,128,,80.40%,33.70%
Tim Anderson,White Sox,26,,21.3,-3.2,3.5,,123,518,,18,81,56,17,,2.90%,21.00%,0.173,0.399,16.70%,,0.335,0.357,0.508,0.865,130,,77.00%,32.20%
Cameron Maybin,Yankees,32,,10,-2.6,1.6,,82,269,,11,48,32,9,,11.20%,26.80%,0.209,0.365,16.90%,,0.285,0.364,0.494,0.858,128,,73.20%,37.70%
Edwin Encarnacion,- - -,36,,19.3,-10.8,2.5,,109,486,,34,81,86,0,,11.90%,21.20%,0.287,0.239,21.10%,,0.244,0.344,0.531,0.875,129,,76.00%,39.90%
Zack Greinke,- - -,35,,1.4,6.9,1,,36,56,,3,7,8,1,,3.60%,21.40%,0.3,0.314,27.30%,,0.28,0.308,0.58,0.888,123,,73.30%,31.00%
Joc Pederson,Dodgers,27,,18.4,-3.6,3.1,,149,514,,36,83,74,1,,9.70%,21.60%,0.289,0.249,25.90%,,0.249,0.339,0.538,0.876,127,,77.70%,45.20%
Yasmani Grandal,Brewers,30,,13.9,20.6,5.3,,153,632,,28,79,77,5,,17.20%,22.00%,0.222,0.279,19.60%,,0.246,0.38,0.468,0.848,121,,76.20%,45.40%
Luis Arraez,Twins,22,,13.4,-4.8,2.1,,92,366,,4,54,28,2,,9.80%,7.90%,0.104,0.355,4.60%,,0.334,0.399,0.439,0.838,125,,93.30%,34.70%
Adam Duvall,Braves,30,,4.7,-1.4,0.7,,41,130,,10,17,19,0,,5.40%,30.00%,0.3,0.306,20.40%,,0.267,0.315,0.567,0.882,121,,73.30%,45.10%
Aristides Aquino,Reds,25,,7.3,-4.2,1,,56,225,,19,31,47,7,,7.10%,26.70%,0.317,0.266,28.80%,,0.259,0.316,0.576,0.891,120,,65.70%,38.80%
Hunter Dozier,Royals,27,,15.6,-6.1,2.9,,139,586,,26,75,84,2,,9.40%,25.30%,0.243,0.339,15.60%,,0.279,0.348,0.522,0.87,124,,74.30%,45.30%
Luke Voit,Yankees,28,,13,-13.8,1.7,,118,510,,21,72,62,0,,13.90%,27.80%,0.2,0.345,21.00%,,0.263,0.378,0.464,0.842,126,,66.70%,38.90%
Gleyber Torres,Yankees,22,,19,-2.5,3.7,,144,604,,38,96,90,5,,7.90%,21.40%,0.256,0.296,21.50%,,0.278,0.337,0.535,0.871,125,,74.40%,39.70%
Wilmer Flores,Diamondbacks,27,,5.6,-3.9,1.1,,89,285,,9,31,37,0,,5.30%,10.90%,0.17,0.332,10.00%,,0.317,0.361,0.487,0.848,120,,89.70%,37.50%
Andrew McCutchen,Phillies,32,,7.2,-0.3,1.5,,59,262,,10,45,29,2,,16.40%,21.00%,0.201,0.299,16.70%,,0.256,0.378,0.457,0.834,120,,76.30%,36.60%
Michael Conforto,Mets,26,,23.6,-5.6,3.8,,151,648,,33,90,92,7,,13.00%,23.00%,0.237,0.29,20.50%,,0.257,0.363,0.494,0.856,126,,75.30%,36.50%
Lourdes Gurriel Jr.,Blue Jays,25,,11.3,-4.6,1.8,,84,343,,20,52,50,6,,5.80%,25.10%,0.264,0.318,20.20%,,0.277,0.327,0.541,0.869,124,,69.10%,43.50%
Nicholas Castellanos,- - -,27,,18.3,-12.5,2.8,,151,664,,27,100,73,2,,6.20%,21.50%,0.236,0.337,14.40%,,0.289,0.337,0.525,0.863,122,,74.50%,42.70%
Kyle Schwarber,Cubs,26,,13.7,-6.4,2.6,,155,610,,38,82,92,2,,11.50%,25.60%,0.282,0.276,24.10%,,0.25,0.339,0.531,0.871,120,,73.90%,42.00%
Kyle Lewis,Mariners,23,,3.3,-2.5,0.3,,18,75,,6,10,13,0,,4.00%,38.70%,0.324,0.351,40.00%,,0.268,0.293,0.592,0.885,127,,63.00%,32.60%
Tommy Edman,Cardinals,24,,16.7,5.3,3.2,,92,349,,11,59,36,15,,4.60%,17.50%,0.196,0.346,12.10%,,0.304,0.35,0.5,0.85,123,,82.60%,41.10%
Trea Turner,Nationals,26,,19.2,-2.2,3.4,,122,569,,19,96,57,35,,7.60%,19.90%,0.2,0.348,14.20%,,0.298,0.353,0.497,0.85,117,,78.00%,37.80%
Max Kepler,Twins,26,,14.5,9.9,4.4,,134,596,,36,98,90,1,,10.10%,16.60%,0.267,0.244,18.00%,,0.252,0.336,0.519,0.855,121,,81.20%,42.40%
Tom Murphy,Mariners,28,,10.4,12.5,3.2,,76,281,,18,32,40,2,,6.80%,31.00%,0.262,0.34,22.20%,,0.273,0.324,0.535,0.858,126,,70.90%,37.90%
Brandon Lowe,Rays,24,,15.5,-0.2,2.6,,82,327,,17,42,51,5,,7.60%,34.60%,0.243,0.377,21.80%,,0.27,0.336,0.514,0.85,125,,64.80%,42.90%
Ramon Laureano,Athletics,24,,20.4,1.5,3.8,,123,486,,24,80,67,13,,5.60%,25.70%,0.231,0.34,18.90%,,0.285,0.338,0.516,0.854,125,,73.50%,40.10%
Ryan Braun,Brewers,35,,10.6,-7,1.9,,144,508,,22,70,75,11,,6.70%,20.70%,0.22,0.325,20.40%,,0.285,0.343,0.505,0.849,117,,76.30%,45.70%
Ozzie Albies,Braves,22,,20.2,4.8,4.6,,160,702,,24,102,86,15,,7.70%,16.00%,0.205,0.325,12.40%,,0.295,0.352,0.5,0.852,117,,78.90%,42.30%
Matt Chapman,Athletics,26,,22.1,17.7,6.2,,156,675,,36,102,92,1,,11.10%,22.10%,0.256,0.27,19.00%,,0.247,0.342,0.503,0.846,125,,78.00%,45.00%
Eric Thames,Brewers,32,,12.6,-7.4,1.9,,149,459,,25,67,61,3,,11.10%,30.50%,0.258,0.313,21.00%,,0.247,0.346,0.505,0.851,117,,69.10%,48.80%
Shin-Soo Choo,Rangers,36,,14.1,-19.1,1.8,,151,660,,24,93,61,15,,11.80%,25.00%,0.19,0.333,20.90%,,0.265,0.371,0.455,0.826,112,,72.10%,44.90%
Starling Marte,Pirates,30,,17.8,-5.4,3,,132,586,,23,97,82,25,,4.30%,16.00%,0.208,0.319,18.50%,,0.295,0.342,0.503,0.845,119,,76.90%,37.70%
Mike Yastrzemski,Giants,28,,12.9,-3.4,2.2,,107,411,,21,64,55,2,,7.80%,26.00%,0.245,0.325,18.40%,,0.272,0.334,0.518,0.852,121,,75.50%,42.70%
Jorge Polanco,Twins,25,,20.7,-3.6,4.1,,153,704,,22,107,79,4,,8.50%,16.50%,0.19,0.328,9.60%,,0.295,0.356,0.485,0.841,120,,83.60%,39.50%
Shohei Ohtani,Angels,24,,13.7,-9.9,1.8,,106,425,,18,51,62,12,,7.80%,25.90%,0.219,0.354,26.50%,,0.286,0.343,0.505,0.848,123,,75.00%,49.60%
Alex Blandino,Reds,26,,1,-0.1,0.2,,23,50,,1,6,3,0,,20.00%,28.00%,0.111,0.348,12.50%,,0.25,0.42,0.361,0.781,114,,82.10%,37.50%
Danny Santana,Rangers,28,,11.6,-8.8,2,,130,511,,28,81,81,21,,4.90%,29.50%,0.251,0.353,24.30%,,0.283,0.324,0.534,0.857,111,,71.60%,44.80%
Tommy La Stella,Angels,30,,8.9,0.6,2,,80,321,,16,49,44,0,,6.20%,8.70%,0.192,0.282,18.40%,,0.295,0.346,0.486,0.832,122,,89.90%,43.20%
Jesse Winker,Reds,25,,2.8,-5.1,1,,113,384,,16,51,38,0,,9.90%,15.60%,0.204,0.286,23.20%,,0.269,0.357,0.473,0.83,114,,83.80%,41.00%
Willie Calhoun,Rangers,24,,2.2,-8.7,0.5,,83,337,,21,51,48,0,,6.80%,15.70%,0.256,0.262,18.40%,,0.269,0.323,0.524,0.848,110,,85.40%,40.70%
Kyle Tucker,Astros,22,,2.5,-0.2,0.5,,22,72,,4,15,11,5,,5.60%,27.80%,0.269,0.326,18.20%,,0.269,0.319,0.537,0.857,122,,73.70%,46.80%
Francisco Lindor,Indians,25,,9.9,12.6,4.4,,143,654,,32,101,74,22,,7.00%,15.00%,0.234,0.291,17.40%,,0.284,0.335,0.518,0.854,114,,85.00%,42.20%
Tommy Pham,Rays,31,,18.7,-6.6,3.4,,145,654,,21,77,68,25,,12.40%,18.80%,0.176,0.316,19.10%,,0.273,0.369,0.45,0.818,122,,80.90%,43.60%
Mike Moustakas,Brewers,30,,7.9,1.7,2.8,,143,584,,35,80,87,3,,9.10%,16.80%,0.262,0.25,18.20%,,0.254,0.329,0.516,0.845,113,,77.90%,41.50%
Ji-Man Choi,Rays,28,,13.8,-11.3,1.9,,127,487,,19,54,63,2,,13.10%,22.20%,0.198,0.303,17.80%,,0.261,0.363,0.459,0.822,121,,75.90%,42.70%
Mitch Moreland,Red Sox,33,,3.3,-8.3,0.7,,91,335,,19,48,58,1,,10.10%,22.10%,0.255,0.271,24.10%,,0.252,0.328,0.507,0.835,112,,73.10%,35.40%
Javier Baez,Cubs,26,,11.3,15.7,4.4,,138,561,,29,89,85,11,,5.00%,27.80%,0.25,0.345,24.40%,,0.281,0.316,0.531,0.847,114,,66.70%,37.40%
Rhys Hoskins,Phillies,26,,9.6,-10.5,2.1,,160,705,,29,86,85,2,,16.50%,24.50%,0.228,0.267,14.30%,,0.226,0.364,0.454,0.819,113,,78.20%,46.20%
Seth Brown,Athletics,26,,2,2.4,0.7,,26,83,,0,11,13,1,,8.40%,27.70%,0.16,0.423,0.00%,,0.293,0.361,0.453,0.815,120,,68.90%,40.40%
Gary Sanchez,Yankees,26,,8.2,-0.2,2.3,,106,446,,34,62,77,0,,9.00%,28.00%,0.293,0.244,26.40%,,0.232,0.316,0.525,0.841,116,,70.20%,42.10%
Paul Goldschmidt,Cardinals,31,,17.4,-8.7,3,,161,682,,34,97,97,3,,11.40%,24.30%,0.216,0.303,19.90%,,0.26,0.346,0.476,0.821,116,,76.00%,47.50%
Donovan Solano,Giants,31,,4.3,1.6,1.3,,81,228,,4,27,23,0,,4.40%,21.50%,0.126,0.409,8.20%,,0.33,0.36,0.456,0.815,116,,82.70%,38.10%
Christian Walker,Diamondbacks,28,,12.2,-8.5,2.2,,152,603,,29,86,73,8,,11.10%,25.70%,0.217,0.312,20.10%,,0.259,0.348,0.476,0.825,112,,73.80%,46.10%
Aledmys Diaz,Astros,28,,5.3,-2.2,1.1,,69,247,,9,36,40,2,,10.50%,11.30%,0.195,0.268,12.90%,,0.271,0.356,0.467,0.823,119,,81.60%,32.50%
Omar Narvaez,Mariners,27,,10.3,-8.3,1.8,,132,482,,22,63,55,0,,9.80%,19.10%,0.182,0.306,16.10%,,0.278,0.353,0.46,0.813,119,,79.60%,29.80%
Brett Gardner,Yankees,35,,15.5,3.2,3.7,,141,550,,28,86,74,10,,9.50%,19.60%,0.253,0.265,19.30%,,0.251,0.325,0.503,0.829,115,,82.60%,34.00%
Jose Abreu,White Sox,32,,10.1,-15.1,1.9,,159,693,,33,85,123,2,,5.20%,21.90%,0.219,0.32,21.00%,,0.284,0.33,0.503,0.834,117,,77.20%,40.70%
Jake Cave,Twins,26,,4.5,-3.2,0.9,,72,228,,8,28,25,0,,9.20%,31.10%,0.197,0.358,28.60%,,0.258,0.351,0.455,0.805,113,,69.80%,52.30%
Eloy Jimenez,White Sox,22,,12.3,-10.8,1.9,,122,504,,31,69,79,0,,6.00%,26.60%,0.246,0.308,27.20%,,0.267,0.315,0.513,0.828,116,,69.40%,37.80%
Cavan Biggio,Blue Jays,24,,12.5,-2.8,2.4,,100,430,,16,66,48,14,,16.50%,28.60%,0.195,0.309,14.70%,,0.234,0.364,0.429,0.793,114,,75.90%,39.50%
Brian Anderson,Marlins,26,,9.6,5.1,3.1,,126,520,,20,57,66,5,,8.50%,21.90%,0.207,0.305,16.30%,,0.261,0.342,0.468,0.811,114,,74.90%,44.30%
Kyle Garlick,Dodgers,27,,1.3,0.4,0.3,,30,53,,3,8,6,0,,9.40%,35.80%,0.271,0.346,17.60%,,0.25,0.321,0.521,0.842,114,,65.70%,51.70%
Eric Sogard,- - -,33,,12.6,-1,2.6,,110,442,,13,59,40,8,,8.60%,14.30%,0.167,0.316,9.30%,,0.29,0.353,0.457,0.81,115,,89.30%,35.10%
Adam Eaton,Nationals,30,,10,-6.9,2.4,,151,656,,15,103,49,15,,9.90%,16.20%,0.148,0.319,8.20%,,0.279,0.365,0.428,0.792,108,,84.20%,34.10%
Alex Verdugo,Dodgers,23,,7.4,2.9,2.2,,106,377,,12,43,44,4,,6.90%,13.00%,0.181,0.309,14.00%,,0.294,0.342,0.475,0.817,114,,85.20%,43.70%
Yandy Diaz,Rays,27,,7,-2.7,1.6,,79,347,,14,53,38,2,,10.10%,17.60%,0.208,0.288,17.50%,,0.267,0.34,0.476,0.816,116,,79.30%,42.40%
Eduardo Escobar,Diamondbacks,30,,11.8,3.4,3.7,,158,699,,35,94,118,5,,7.20%,18.60%,0.242,0.283,15.20%,,0.269,0.32,0.511,0.831,109,,77.10%,41.30%
Alex Dickerson,- - -,29,,2.7,-3.2,0.5,,68,190,,6,29,28,1,,6.80%,22.10%,0.213,0.331,10.90%,,0.276,0.332,0.489,0.82,113,,78.80%,40.60%
Corey Seager,Dodgers,25,,12.5,3.6,3.3,,134,541,,19,82,87,1,,8.10%,18.10%,0.211,0.303,12.30%,,0.272,0.335,0.483,0.817,113,,76.50%,42.30%
Byron Buxton,Twins,25,,7.6,9.8,2.7,,87,295,,10,48,46,14,,6.40%,23.10%,0.251,0.314,10.10%,,0.262,0.314,0.513,0.827,111,,72.80%,35.40%
Whit Merrifield,Royals,30,,11.1,-7.9,2.8,,162,735,,16,105,74,20,,6.10%,17.10%,0.16,0.35,8.70%,,0.302,0.348,0.463,0.811,110,,81.70%,38.40%
J.T. Realmuto,Phillies,28,,11.8,27.8,5.7,,145,593,,25,92,83,9,,6.90%,20.70%,0.217,0.309,15.70%,,0.275,0.328,0.493,0.82,108,,78.20%,45.60%
Brandon Nimmo,Mets,26,,6.7,-1.4,1.3,,69,254,,8,34,29,3,,18.10%,28.00%,0.186,0.293,16.30%,,0.221,0.375,0.407,0.783,114,,74.90%,35.60%
Kevin Newman,Pirates,25,,7.1,0.1,2.4,,130,531,,12,61,64,16,,5.30%,11.70%,0.138,0.333,9.80%,,0.308,0.353,0.446,0.8,110,,87.00%,26.70%
Carson Kelly,Diamondbacks,24,,1.9,5.5,1.9,,111,365,,18,46,47,0,,13.20%,21.60%,0.232,0.271,18.60%,,0.245,0.348,0.478,0.826,108,,79.00%,48.70%
Franmil Reyes,- - -,23,,3.1,-12.1,0.9,,150,548,,37,69,81,0,,8.60%,28.50%,0.263,0.279,31.10%,,0.249,0.31,0.512,0.822,109,,65.40%,47.30%
Victor Caratini,Cubs,25,,1.6,4.8,1.5,,95,279,,11,31,34,1,,10.40%,21.10%,0.18,0.305,22.00%,,0.266,0.348,0.447,0.794,108,,78.80%,33.50%
David Peralta,Diamondbacks,31,,1.9,2,1.7,,99,423,,12,48,57,0,,8.30%,20.60%,0.186,0.327,14.60%,,0.275,0.343,0.461,0.804,107,,77.40%,43.20%
Marcell Ozuna,Cardinals,28,,9.1,-0.6,2.5,,130,549,,29,80,89,12,,11.30%,20.80%,0.231,0.259,22.10%,,0.243,0.33,0.474,0.804,110,,74.30%,48.10%
Kurt Suzuki,Nationals,35,,0.7,-5,0.5,,85,309,,17,37,63,0,,6.50%,11.70%,0.221,0.248,16.00%,,0.264,0.324,0.486,0.809,105,,82.10%,34.40%
Austin Nola,Mariners,29,,5.8,-0.8,1.4,,79,267,,10,37,31,1,,8.60%,23.60%,0.185,0.325,13.90%,,0.269,0.342,0.454,0.796,114,,78.90%,33.90%
Garrett Cooper,Marlins,28,,3.1,-3.3,1.3,,107,421,,15,52,50,0,,7.80%,26.10%,0.165,0.357,23.80%,,0.281,0.344,0.446,0.791,111,,79.00%,40.80%
Robinson Chirinos,Astros,35,,5.2,2.8,2.3,,114,437,,17,57,58,1,,11.70%,28.60%,0.205,0.306,17.70%,,0.238,0.347,0.443,0.79,113,,68.30%,39.50%
Pablo Sandoval,Giants,32,,3.4,-3.3,0.9,,108,296,,14,42,41,1,,6.10%,22.60%,0.239,0.304,20.90%,,0.268,0.313,0.507,0.82,110,,75.20%,41.40%
David Bote,Cubs,26,,4.9,-2.1,1.4,,127,356,,11,47,41,5,,12.40%,26.10%,0.165,0.333,19.30%,,0.257,0.362,0.422,0.785,106,,69.80%,36.30%
Jonathan Villar,Orioles,28,,17.2,-1.3,4,,162,714,,24,111,73,40,,8.50%,24.60%,0.179,0.341,16.70%,,0.274,0.339,0.453,0.792,107,,74.90%,29.00%
Manny Machado,Padres,26,,5.2,4.2,3,,156,661,,32,81,85,5,,9.80%,19.40%,0.206,0.274,16.80%,,0.256,0.334,0.462,0.796,108,,77.40%,43.50%
Jose Ramirez,Indians,26,,9.6,6.1,3.4,,129,542,,23,68,83,24,,9.60%,13.70%,0.224,0.256,12.00%,,0.255,0.327,0.479,0.806,104,,86.70%,40.30%
Avisail Garcia,Rays,28,,4.5,-4.6,1.8,,125,530,,20,61,72,10,,5.80%,23.60%,0.182,0.34,17.20%,,0.282,0.332,0.464,0.796,112,,69.30%,39.80%
Phillip Ervin,Reds,26,,1.1,-3.5,0.6,,94,260,,7,30,23,4,,6.90%,24.20%,0.195,0.339,10.80%,,0.271,0.331,0.466,0.797,103,,73.30%,37.70%
Derek Dietrich,Reds,29,,2.4,-0.9,1.1,,113,306,,19,41,43,1,,9.20%,24.20%,0.275,0.176,22.40%,,0.187,0.328,0.462,0.79,102,,71.70%,38.80%
Kolten Wong,Cardinals,28,,12.9,7.5,3.7,,148,549,,11,61,59,24,,8.60%,15.10%,0.138,0.321,8.10%,,0.285,0.361,0.423,0.784,108,,83.80%,34.00%
Shed Long,Mariners,23,,3,-2.5,0.6,,42,168,,5,21,15,3,,9.50%,23.80%,0.191,0.327,14.30%,,0.263,0.333,0.454,0.787,111,,76.30%,33.00%
Clint Frazier,Yankees,24,,1.2,-8.9,0.1,,69,246,,12,31,38,1,,6.50%,28.50%,0.222,0.329,18.20%,,0.267,0.317,0.489,0.806,108,,69.80%,34.80%
Brock Holt,Red Sox,31,,0,3.1,1.3,,87,295,,3,38,31,1,,9.50%,19.30%,0.104,0.365,5.30%,,0.297,0.369,0.402,0.771,103,,83.80%,34.50%
Daniel Vogelbach,Mariners,26,,7.9,-11.1,1.6,,144,558,,30,73,76,0,,16.50%,26.70%,0.232,0.232,21.30%,,0.208,0.341,0.439,0.78,111,,74.60%,38.40%
A.J. Pollock,Dodgers,31,,5.6,-7.2,0.9,,86,342,,15,49,47,5,,6.70%,21.60%,0.201,0.3,17.20%,,0.266,0.327,0.468,0.795,108,,75.40%,43.70%
James McCann,White Sox,29,,6,0.4,2.3,,118,476,,18,62,60,4,,6.30%,28.80%,0.187,0.359,18.60%,,0.273,0.328,0.46,0.789,109,,72.80%,39.90%
Brian Goodwin,Angels,28,,7.5,-3.7,1.9,,136,458,,17,65,47,7,,8.30%,28.20%,0.208,0.337,13.80%,,0.262,0.326,0.47,0.796,109,,74.30%,37.90%
Steven Brault,Pirates,27,,0.3,6.1,0.8,,34,50,,1,8,2,0,,2.00%,16.00%,0.095,0.394,16.70%,,0.333,0.349,0.429,0.777,105,,80.00%,14.60%
Nick Markakis,Braves,35,,-0.6,-13.4,0.1,,116,469,,9,61,62,2,,10.00%,12.60%,0.135,0.31,9.20%,,0.285,0.356,0.42,0.776,102,,88.80%,41.00%
Joey Votto,Reds,35,,-2.9,-9.4,0.7,,142,608,,15,79,47,5,,12.50%,20.20%,0.15,0.313,9.80%,,0.261,0.357,0.411,0.768,101,,82.40%,41.50%
Kyle Seager,Mariners,31,,6.3,8.2,2.9,,106,443,,23,55,63,2,,9.90%,19.40%,0.229,0.248,17.00%,,0.239,0.321,0.468,0.789,110,,80.60%,37.90%
Christian Vazquez,Red Sox,28,,-2.7,20.8,3.5,,138,521,,23,66,72,4,,6.30%,19.40%,0.201,0.305,16.00%,,0.276,0.32,0.477,0.798,102,,81.40%,33.60%
Stephen Vogt,Giants,34,,2.9,-3,0.9,,99,280,,10,30,40,3,,7.10%,23.60%,0.227,0.311,10.60%,,0.263,0.314,0.49,0.804,107,,75.20%,41.50%
Asdrubal Cabrera,- - -,33,,-5.2,6.8,1.9,,131,514,,18,69,91,4,,11.10%,20.00%,0.181,0.294,13.60%,,0.26,0.342,0.441,0.783,98,,81.20%,42.70%
Chris Taylor,Dodgers,28,,6.5,-1.6,1.8,,124,414,,12,52,52,8,,8.90%,27.80%,0.199,0.344,13.60%,,0.262,0.333,0.462,0.794,107,,70.30%,38.00%
Yasiel Puig,- - -,28,,-0.4,-6.8,1.3,,149,611,,24,76,84,19,,7.20%,21.80%,0.191,0.308,13.90%,,0.267,0.327,0.458,0.785,101,,74.20%,38.70%
Tyler Naquin,Indians,28,,-0.7,6,1.5,,89,294,,10,34,34,4,,4.80%,22.40%,0.179,0.345,13.30%,,0.288,0.325,0.467,0.792,101,,76.20%,40.60%
Kole Calhoun,Angels,31,,4.6,-1.3,2.5,,152,632,,33,92,74,4,,11.10%,25.60%,0.236,0.265,22.90%,,0.232,0.325,0.467,0.792,108,,69.50%,42.40%
Dustin Garneau,- - -,31,,-0.4,3.6,0.7,,35,101,,3,14,14,0,,9.90%,21.80%,0.163,0.295,9.70%,,0.244,0.35,0.407,0.757,108,,83.90%,29.70%
Ryan McMahon,Rockies,24,,-8.6,-1.5,0.7,,141,539,,24,70,83,5,,10.40%,29.70%,0.2,0.323,27.00%,,0.25,0.329,0.45,0.779,88,,70.30%,44.40%
Andrew Benintendi,Red Sox,24,,3.1,-4.9,1.9,,138,615,,13,72,68,10,,9.60%,22.80%,0.165,0.333,7.90%,,0.266,0.343,0.431,0.774,101,,77.30%,38.10%
Michael Brosseau,Rays,25,,2.7,-1,0.7,,51,142,,6,17,16,1,,4.90%,27.50%,0.189,0.345,15.00%,,0.273,0.319,0.462,0.781,108,,76.80%,41.50%
Brian Dozier,Nationals,32,,-1.5,3.3,1.7,,135,482,,20,54,50,3,,12.70%,21.80%,0.192,0.271,14.60%,,0.238,0.34,0.43,0.771,100,,76.90%,38.80%
Vladimir Guerrero Jr.,Blue Jays,20,,-3.4,-10.9,0.4,,123,514,,15,52,69,0,,8.90%,17.70%,0.162,0.308,12.10%,,0.272,0.339,0.433,0.772,105,,77.30%,34.90%
Scott Kingery,Phillies,25,,6,6,2.7,,126,500,,19,64,55,15,,6.80%,29.40%,0.216,0.337,15.20%,,0.258,0.315,0.474,0.788,101,,70.00%,45.90%
Eddie Rosario,Twins,27,,2.7,-10.4,1.3,,137,590,,32,91,109,3,,3.70%,14.60%,0.224,0.273,15.80%,,0.276,0.3,0.5,0.8,103,,80.30%,38.80%
Nathaniel Lowe,Rays,23,,2.4,-4.5,0.4,,50,169,,7,24,19,0,,7.70%,29.60%,0.191,0.34,18.90%,,0.263,0.325,0.454,0.779,108,,76.40%,41.40%
Todd Frazier,Mets,33,,4,0.6,2,,133,499,,21,63,67,1,,8.00%,21.20%,0.192,0.284,14.30%,,0.251,0.329,0.443,0.772,106,,75.90%,33.40%
Jason Castro,Twins,32,,0.3,6.7,1.6,,79,275,,13,39,30,0,,12.00%,32.00%,0.203,0.307,22.00%,,0.232,0.332,0.435,0.767,103,,65.40%,51.70%
Daniel Murphy,Rockies,34,,-9.3,-7.5,-0.1,,132,478,,13,56,78,1,,6.70%,15.50%,0.174,0.307,9.80%,,0.279,0.328,0.452,0.78,86,,87.70%,30.40%
Ian Desmond,Rockies,33,,-10.4,-8.1,-0.3,,140,482,,20,64,65,3,,7.10%,24.70%,0.223,0.304,20.20%,,0.255,0.31,0.479,0.788,86,,76.10%,38.80%
Jason Heyward,Cubs,29,,2.7,-1.5,2,,147,589,,21,78,62,8,,11.50%,18.70%,0.177,0.281,15.20%,,0.251,0.343,0.429,0.772,101,,79.70%,35.20%
Mike Freeman,Indians,31,,1.6,1.1,1,,75,213,,4,27,24,1,,10.30%,28.60%,0.113,0.388,13.30%,,0.277,0.362,0.39,0.752,99,,77.90%,34.10%
Wilson Ramos,Mets,31,,-2.1,-0.4,1.4,,141,524,,14,52,73,1,,8.40%,13.20%,0.129,0.31,17.90%,,0.288,0.351,0.416,0.768,105,,81.30%,31.90%
Nomar Mazara,Rangers,24,,-3.6,-8.1,0.5,,116,469,,19,69,66,4,,6.00%,23.00%,0.2,0.312,17.80%,,0.268,0.318,0.469,0.786,94,,75.10%,45.30%
Jon Berti,Marlins,29,,7.8,1.2,1.8,,73,287,,6,52,24,17,,8.40%,25.40%,0.133,0.36,15.80%,,0.273,0.348,0.406,0.755,104,,77.20%,36.40%
Bryan Holaday,Marlins,31,,-2.9,-4.7,-0.3,,43,129,,4,12,12,0,,8.50%,16.30%,0.157,0.308,14.80%,,0.278,0.344,0.435,0.779,104,,81.60%,41.70%
Domingo Santana,Mariners,26,,4.8,-22.4,0,,121,507,,21,63,69,8,,9.90%,32.30%,0.188,0.347,23.60%,,0.253,0.329,0.441,0.77,107,,69.90%,41.90%
Ehire Adrianza,Twins,29,,0.5,-2.7,0.6,,84,236,,5,34,22,0,,8.50%,16.90%,0.144,0.311,9.40%,,0.272,0.349,0.416,0.765,102,,83.10%,32.70%
Dexter Fowler,Cardinals,33,,1.7,-4.1,1.6,,150,574,,19,69,67,8,,12.90%,24.70%,0.17,0.294,15.20%,,0.238,0.346,0.409,0.754,103,,75.20%,37.40%
Roberto Perez,Indians,30,,-5.2,20,3,,119,449,,24,46,63,0,,10.00%,28.30%,0.213,0.285,28.20%,,0.239,0.321,0.452,0.774,98,,70.80%,40.30%
Mitch Haniger,Mariners,28,,2.7,-1.3,1.1,,63,283,,15,46,32,4,,10.60%,28.60%,0.244,0.257,20.00%,,0.22,0.314,0.463,0.778,106,,74.10%,35.30%
Aaron Hicks,Yankees,29,,0.7,1.3,1.1,,59,255,,12,41,36,1,,12.20%,28.20%,0.208,0.286,19.40%,,0.235,0.325,0.443,0.769,102,,69.70%,38.20%
Cesar Puello,- - -,28,,0.5,4.5,1,,44,147,,4,14,18,0,,6.80%,25.90%,0.136,0.325,33.30%,,0.248,0.356,0.384,0.74,104,,70.90%,37.50%
C.J. Cron,Twins,29,,-4.9,-9.3,0.3,,125,499,,25,51,78,0,,5.80%,21.40%,0.216,0.277,19.50%,,0.253,0.311,0.469,0.78,101,,76.40%,41.10%
Teoscar Hernandez,Blue Jays,26,,1.9,-5.2,1.3,,125,464,,26,58,65,6,,9.70%,33.00%,0.242,0.293,22.80%,,0.23,0.306,0.472,0.778,102,,68.90%,43.80%
Jonathan Schoop,Twins,27,,-0.4,-2.5,1.3,,121,464,,23,61,59,1,,4.30%,25.00%,0.217,0.298,19.70%,,0.256,0.304,0.473,0.777,100,,69.60%,38.70%
Matt Beaty,Dodgers,26,,0.8,-3.6,0.6,,99,268,,9,36,46,5,,6.30%,12.30%,0.193,0.275,12.70%,,0.265,0.317,0.458,0.775,102,,83.60%,40.30%
Justin Smoak,Blue Jays,32,,-3.6,-11.8,0.2,,121,500,,22,54,61,0,,15.80%,21.20%,0.198,0.223,16.70%,,0.208,0.342,0.406,0.748,101,,77.30%,42.70%
Alex Avila,Diamondbacks,32,,-3.8,10.4,1.3,,63,201,,9,22,24,1,,17.90%,33.80%,0.213,0.287,37.50%,,0.207,0.353,0.421,0.774,97,,65.90%,53.10%
Michael Chavis,Red Sox,23,,-4.2,-2.2,0.7,,95,382,,18,46,58,2,,8.10%,33.20%,0.19,0.347,23.10%,,0.254,0.322,0.444,0.766,96,,63.90%,33.60%
Myles Straw,Astros,24,,3.5,1.8,1,,56,128,,0,27,7,8,,14.80%,18.80%,0.074,0.345,0.00%,,0.269,0.378,0.343,0.721,104,,88.10%,31.80%
Renato Nunez,Orioles,25,,-0.6,-14.5,0.6,,151,599,,31,72,90,1,,7.30%,23.90%,0.216,0.272,16.70%,,0.244,0.311,0.46,0.771,99,,74.30%,36.60%
Jose Martinez,Cardinals,30,,-0.3,-8.3,0.3,,128,373,,10,45,42,3,,9.40%,22.00%,0.141,0.328,15.20%,,0.269,0.34,0.41,0.751,101,,78.70%,37.00%
Evan Longoria,Giants,33,,-0.7,4.6,2,,129,508,,20,59,69,3,,8.50%,22.00%,0.183,0.291,15.50%,,0.254,0.325,0.437,0.762,101,,76.70%,44.20%
Paul DeJong,Cardinals,25,,2.1,18.6,4.1,,159,664,,30,97,78,9,,9.30%,22.40%,0.211,0.259,15.40%,,0.233,0.318,0.444,0.762,100,,77.30%,41.60%
Kevin Cron,Diamondbacks,26,,-0.9,-0.7,0.1,,39,78,,6,12,16,0,,5.10%,35.90%,0.31,0.237,37.50%,,0.211,0.269,0.521,0.79,96,,61.40%,45.50%
Victor Reyes,Tigers,24,,-0.6,5.9,1.5,,69,298,,3,29,25,9,,4.70%,22.10%,0.124,0.381,5.40%,,0.301,0.332,0.426,0.758,98,,81.30%,39.90%
Anthony Santander,Orioles,24,,-1.6,-5.3,0.7,,93,405,,20,46,59,1,,4.70%,21.20%,0.216,0.285,15.60%,,0.261,0.297,0.476,0.773,97,,81.30%,37.90%
Miguel Cabrera,Tigers,36,,-7.9,-13.9,-0.2,,136,553,,12,42,59,0,,8.90%,19.50%,0.115,0.339,9.60%,,0.284,0.349,0.399,0.748,98,,78.20%,44.00%
Oscar Mercado,Indians,24,,0.6,-0.3,1.7,,115,482,,15,70,54,15,,5.80%,17.40%,0.174,0.3,11.00%,,0.269,0.318,0.443,0.761,95,,77.70%,39.20%
Austin Slater,Giants,26,,1.7,-0.5,0.7,,68,192,,5,20,21,1,,11.50%,30.70%,0.179,0.337,20.00%,,0.238,0.333,0.417,0.75,100,,69.80%,45.00%
LaMonte Wade,Twins,25,,-0.3,-3,-0.1,,26,69,,2,10,5,0,,15.90%,13.00%,0.179,0.2,12.50%,,0.196,0.348,0.375,0.723,98,,83.70%,38.30%
Adam Frazier,Pirates,27,,-1.6,5.8,2.3,,152,608,,10,80,50,5,,6.60%,12.30%,0.139,0.306,6.40%,,0.278,0.336,0.417,0.753,97,,85.80%,29.80%
Hunter Renfroe,Padres,27,,-1.6,5.1,1.9,,140,494,,33,64,64,5,,9.30%,31.20%,0.273,0.239,23.60%,,0.216,0.289,0.489,0.778,98,,71.40%,46.90%
Jose Osuna,Pirates,26,,-2.8,-7.3,-0.1,,95,285,,10,41,36,0,,6.30%,16.80%,0.192,0.285,14.50%,,0.264,0.31,0.456,0.766,97,,79.60%,34.10%
Neil Walker,Marlins,33,,-1.3,-7.4,0.4,,115,381,,8,37,38,3,,11.00%,20.20%,0.134,0.316,9.90%,,0.261,0.344,0.395,0.738,100,,75.20%,37.60%
Brandon Belt,Giants,31,,-2.3,-13.2,0.4,,156,616,,17,76,57,4,,13.50%,20.60%,0.169,0.275,8.80%,,0.234,0.339,0.403,0.742,99,,79.80%,40.70%
Sean Rodriguez,Phillies,34,,-1.4,0.3,0.3,,76,139,,4,24,12,1,,13.70%,29.50%,0.152,0.309,16.00%,,0.223,0.348,0.375,0.723,94,,68.20%,40.80%
Alex Gordon,Royals,35,,-5.8,-3.3,1.3,,150,633,,13,77,76,5,,8.10%,15.80%,0.129,0.301,9.20%,,0.266,0.345,0.396,0.741,96,,80.40%,38.90%
Chance Sisco,Orioles,24,,-1.5,-7.5,-0.2,,59,198,,8,29,20,0,,11.10%,30.80%,0.186,0.276,18.20%,,0.21,0.333,0.395,0.729,96,,72.60%,41.50%
Greg Garcia,Padres,29,,-1.2,2.6,1.3,,134,372,,4,52,31,0,,14.20%,22.30%,0.106,0.323,7.70%,,0.248,0.364,0.354,0.718,97,,86.60%,32.00%
Hanser Alberto,Orioles,26,,-4.2,5.2,2,,139,550,,12,62,51,4,,2.90%,9.10%,0.116,0.318,8.00%,,0.305,0.329,0.422,0.751,96,,86.50%,24.60%
Ryan McBroom,Royals,27,,-1.2,0.3,0.2,,23,83,,0,8,6,0,,8.40%,30.10%,0.067,0.44,0.00%,,0.293,0.361,0.36,0.721,95,,75.90%,34.00%
Amed Rosario,Mets,23,,1.2,5.7,2.7,,157,655,,15,75,72,19,,4.70%,18.90%,0.144,0.338,10.30%,,0.287,0.323,0.432,0.755,100,,77.60%,33.40%
Ender Inciarte,Braves,28,,0.6,1.5,0.9,,65,230,,5,30,24,7,,11.30%,17.80%,0.151,0.286,11.60%,,0.246,0.343,0.397,0.74,93,,82.40%,32.70%
Jay Bruce,- - -,32,,-1.4,-3.8,0.6,,98,333,,26,43,59,1,,5.70%,24.60%,0.306,0.2,20.80%,,0.216,0.261,0.523,0.784,98,,71.10%,43.30%
David Fletcher,Angels,25,,-1.3,13.2,3.4,,154,653,,6,83,49,8,,8.40%,9.80%,0.094,0.317,3.80%,,0.29,0.35,0.384,0.734,99,,91.10%,32.00%
Tim Lopes,Mariners,25,,0.8,-1,0.4,,41,128,,1,11,12,6,,11.70%,22.70%,0.09,0.354,3.70%,,0.27,0.359,0.36,0.72,101,,75.70%,19.30%
Terrance Gore,Royals,28,,1.2,2.9,0.6,,37,58,,0,13,1,13,,10.30%,31.00%,0.078,0.424,0.00%,,0.275,0.362,0.353,0.715,95,,71.30%,12.50%
Dansby Swanson,Braves,25,,-1.4,-0.3,1.5,,127,545,,17,77,65,10,,9.40%,22.80%,0.172,0.3,12.60%,,0.251,0.325,0.422,0.748,93,,74.30%,42.50%
Francisco Mejia,Padres,23,,-2.3,0,0.5,,79,244,,8,27,22,1,,5.30%,23.00%,0.173,0.319,10.70%,,0.265,0.316,0.438,0.754,96,,76.40%,35.70%
Victor Robles,Nationals,22,,-2.8,8.8,2.5,,155,617,,17,86,65,28,,5.70%,22.70%,0.165,0.31,11.80%,,0.255,0.326,0.419,0.745,91,,78.30%,24.90%
Wil Myers,Padres,28,,-3.1,-6.9,0.6,,155,490,,18,58,53,16,,10.40%,34.30%,0.179,0.344,19.60%,,0.239,0.321,0.418,0.739,96,,68.90%,47.20%
Josh VanMeter,Reds,24,,-4.1,-1.5,0.3,,95,260,,8,33,23,9,,11.20%,21.50%,0.171,0.279,11.30%,,0.237,0.327,0.408,0.735,91,,79.00%,47.40%
Pedro Severino,Orioles,25,,-4.7,-1.9,0.5,,96,341,,13,37,44,3,,8.50%,21.40%,0.17,0.285,15.10%,,0.249,0.321,0.42,0.74,94,,77.80%,33.20%
Trent Grisham,Brewers,22,,-1.2,0.6,0.5,,51,183,,6,24,24,1,,10.90%,26.20%,0.179,0.286,12.50%,,0.231,0.328,0.41,0.738,92,,78.90%,36.00%
Curt Casali,Reds,30,,-1.3,4.6,1.1,,84,236,,8,24,32,0,,10.60%,25.00%,0.159,0.308,12.50%,,0.251,0.331,0.411,0.741,90,,78.30%,38.40%
Niko Goodrum,Tigers,27,,3.5,-0.5,1.9,,112,472,,12,61,45,12,,9.70%,29.20%,0.173,0.338,13.30%,,0.248,0.322,0.421,0.743,94,,70.10%,40.10%
Robel Garcia,Cubs,26,,-0.6,-0.8,0.1,,31,80,,5,8,11,0,,8.80%,43.80%,0.292,0.303,26.30%,,0.208,0.275,0.5,0.775,93,,56.60%,42.10%
Cesar Hernandez,Phillies,29,,-5.6,1.5,1.7,,161,667,,14,77,71,9,,6.70%,15.00%,0.129,0.313,9.50%,,0.279,0.333,0.408,0.741,92,,84.50%,32.80%
Colin Moran,Pirates,26,,-7.4,-7.9,0.1,,149,503,,13,46,80,0,,6.00%,23.30%,0.152,0.341,11.50%,,0.277,0.322,0.429,0.751,94,,77.20%,34.30%
Jean Segura,Phillies,29,,-0.8,5.1,2.4,,144,618,,12,79,60,10,,4.90%,11.80%,0.141,0.302,8.80%,,0.28,0.323,0.42,0.743,92,,86.60%,33.10%
Austin Romine,Yankees,30,,-3.4,4,0.9,,73,240,,8,29,35,1,,4.20%,20.80%,0.158,0.327,13.60%,,0.281,0.31,0.439,0.748,95,,80.00%,36.70%
Nick Senzel,Reds,24,,-5.9,0.3,0.8,,104,414,,12,55,42,14,,7.20%,24.40%,0.171,0.319,13.30%,,0.256,0.315,0.427,0.742,90,,77.50%,40.40%
Tim Beckham,Mariners,29,,-2.9,-4.9,0.4,,88,328,,15,39,47,1,,6.40%,31.10%,0.224,0.305,20.50%,,0.237,0.293,0.461,0.753,99,,70.80%,34.20%
Matt Carpenter,Cardinals,33,,-2.8,-1.1,1.2,,129,492,,15,59,46,6,,12.80%,26.20%,0.166,0.285,12.10%,,0.226,0.334,0.392,0.726,95,,76.30%,41.60%
Nick Ahmed,Diamondbacks,29,,-4.8,9.2,2.4,,158,625,,19,79,82,8,,8.30%,18.10%,0.183,0.28,13.20%,,0.254,0.316,0.437,0.753,92,,79.80%,37.70%
Jordy Mercer,Tigers,32,,-1.4,-2.1,0.6,,74,271,,9,24,22,0,,4.80%,21.00%,0.168,0.316,13.00%,,0.27,0.31,0.438,0.747,94,,79.70%,37.20%
Travis d'Arnaud,- - -,30,,-2.2,4.8,1.6,,103,391,,16,52,69,0,,8.20%,21.70%,0.182,0.281,15.20%,,0.251,0.312,0.433,0.745,98,,74.90%,41.20%
Tim Locastro,Diamondbacks,26,,2.4,-1.3,0.9,,91,250,,1,38,17,17,,5.60%,17.60%,0.09,0.31,1.70%,,0.25,0.357,0.34,0.697,91,,80.20%,31.20%
Jackie Bradley Jr.,Red Sox,29,,-6.8,1.2,1.4,,147,567,,21,69,62,8,,9.90%,27.30%,0.196,0.281,18.40%,,0.225,0.317,0.421,0.738,90,,69.40%,35.80%
Ryan Zimmerman,Nationals,34,,-2.1,-3.1,0.1,,52,190,,6,20,27,0,,8.90%,20.50%,0.158,0.297,13.60%,,0.257,0.321,0.415,0.736,89,,75.40%,41.00%
Marwin Gonzalez,Twins,30,,-3.8,2.3,1.4,,114,463,,15,52,55,1,,6.70%,21.20%,0.151,0.31,14.70%,,0.264,0.322,0.414,0.736,93,,77.70%,41.20%
Willy Adames,Rays,23,,0.5,8.9,2.9,,152,584,,20,69,52,4,,7.90%,26.20%,0.164,0.32,17.50%,,0.254,0.317,0.418,0.735,97,,75.70%,42.20%
Mauricio Dubon,- - -,24,,-0.6,-0.2,0.3,,30,111,,4,12,9,3,,4.50%,18.00%,0.16,0.305,18.20%,,0.274,0.306,0.434,0.74,95,,82.30%,31.40%
Jorge Alfaro,Marlins,26,,-9,7.3,1.3,,130,465,,18,44,57,4,,4.70%,33.10%,0.162,0.364,25.40%,,0.262,0.312,0.425,0.736,95,,64.00%,43.70%
Adeiny Hechavarria,- - -,30,,-1.2,1.9,0.8,,84,221,,9,34,33,3,,6.30%,21.70%,0.202,0.272,15.00%,,0.241,0.299,0.443,0.742,94,,77.10%,39.10%
JaCoby Jones,Tigers,27,,-2.6,-11.4,-0.2,,88,333,,11,39,26,7,,8.10%,28.20%,0.195,0.304,14.70%,,0.235,0.31,0.43,0.74,92,,75.70%,43.40%
Brian McCann,Braves,35,,-7.1,8.4,1.1,,85,316,,12,28,45,0,,9.80%,16.80%,0.162,0.261,14.10%,,0.249,0.323,0.412,0.734,89,,83.40%,40.00%
Tyler Flowers,Braves,33,,-7.3,19,2.1,,85,310,,11,36,34,0,,10.00%,33.90%,0.185,0.325,19.00%,,0.229,0.319,0.413,0.733,88,,66.00%,41.70%
Eric Hosmer,Padres,29,,-13.2,-13,-0.5,,160,667,,22,72,99,0,,6.00%,24.40%,0.16,0.323,20.80%,,0.265,0.31,0.425,0.735,91,,73.00%,40.40%
Chad Wallach,Marlins,27,,-0.5,1.6,0.3,,19,54,,1,4,3,0,,11.10%,22.20%,0.125,0.314,6.30%,,0.25,0.333,0.375,0.708,93,,73.60%,38.90%
Adam Haseley,Phillies,23,,-2,3.6,0.9,,67,242,,5,30,26,4,,5.80%,24.80%,0.131,0.344,15.20%,,0.266,0.324,0.396,0.72,88,,73.40%,36.20%
Albert Pujols,Angels,39,,-9.3,-14.2,-0.4,,131,545,,23,55,93,3,,7.90%,12.50%,0.185,0.238,13.80%,,0.244,0.305,0.43,0.734,93,,83.20%,39.00%
Harold Ramirez,Marlins,24,,-3.7,-7.3,0.3,,119,446,,11,54,50,2,,4.00%,20.40%,0.14,0.328,14.50%,,0.276,0.312,0.416,0.728,92,,76.60%,35.10%
Adam Jones,Diamondbacks,33,,-10.9,-6.7,-0.1,,137,528,,16,66,67,2,,5.90%,19.10%,0.155,0.296,11.00%,,0.26,0.313,0.414,0.728,87,,74.30%,37.70%
Thairo Estrada,Yankees,23,,0.4,-0.9,0.2,,35,69,,3,12,12,4,,4.30%,21.70%,0.188,0.283,23.10%,,0.25,0.294,0.438,0.732,91,,76.40%,28.00%
Ben Gamel,Brewers,27,,-2.9,1.3,1,,134,356,,7,47,33,2,,11.20%,29.20%,0.125,0.347,11.50%,,0.248,0.337,0.373,0.71,87,,78.70%,37.80%
Rowdy Tellez,Blue Jays,24,,-6.4,-6.7,0.1,,111,409,,21,49,54,1,,7.10%,28.40%,0.222,0.267,21.60%,,0.227,0.293,0.449,0.742,91,,70.50%,41.60%
Robinson Cano,Mets,36,,-6.1,0.3,0.8,,107,423,,13,46,39,0,,5.90%,16.30%,0.172,0.28,13.00%,,0.256,0.307,0.428,0.736,93,,82.70%,38.00%
Tyler O'Neill,Cardinals,24,,-1.7,-2.9,0,,60,151,,5,18,16,1,,6.60%,35.10%,0.149,0.386,14.30%,,0.262,0.311,0.411,0.723,91,,60.80%,46.60%
Manny Pina,Brewers,32,,-3,8.6,1.1,,76,179,,7,10,25,0,,8.90%,27.90%,0.184,0.284,14.90%,,0.228,0.313,0.411,0.724,87,,75.20%,38.50%
Josh Reddick,Astros,32,,-4.2,-5.5,0.9,,141,550,,14,57,56,5,,6.50%,12.00%,0.134,0.288,8.40%,,0.275,0.319,0.409,0.728,94,,86.80%,32.10%
Ryon Healy,Mariners,27,,-3.7,-4.3,-0.1,,47,187,,7,24,26,0,,7.00%,21.40%,0.219,0.262,11.90%,,0.237,0.289,0.456,0.744,94,,76.90%,33.80%
Freddy Galvis,- - -,29,,-9,3.2,1.4,,147,589,,23,67,70,4,,4.80%,24.60%,0.178,0.312,14.50%,,0.26,0.296,0.438,0.734,89,,73.90%,38.10%
Jesus Aguilar,- - -,29,,-7.7,-6.4,-0.2,,131,369,,12,39,50,0,,11.70%,22.00%,0.153,0.272,13.20%,,0.236,0.325,0.389,0.714,88,,75.60%,41.70%
Justin Upton,Angels,31,,-3,-8.2,-0.2,,63,256,,12,34,40,1,,12.50%,30.50%,0.201,0.261,17.90%,,0.215,0.309,0.416,0.724,92,,68.70%,41.10%
Austin Riley,Braves,22,,-6.6,-0.5,0.2,,80,297,,18,41,49,0,,5.40%,36.40%,0.245,0.293,22.00%,,0.226,0.279,0.471,0.75,86,,63.20%,42.50%
Raimel Tapia,Rockies,25,,-16.7,-7.4,-0.9,,138,447,,9,54,44,9,,4.70%,22.40%,0.141,0.341,10.70%,,0.275,0.309,0.415,0.724,73,,75.00%,29.80%
Randal Grichuk,Blue Jays,27,,-11.9,-4.4,0.6,,151,628,,31,75,80,2,,5.60%,26.00%,0.225,0.266,17.30%,,0.232,0.28,0.457,0.738,90,,74.30%,37.20%
Starlin Castro,Marlins,29,,-12.3,3.8,1.3,,162,676,,22,68,86,2,,4.10%,16.40%,0.165,0.293,12.50%,,0.27,0.3,0.436,0.736,91,,82.50%,42.00%
Matt Adams,Nationals,30,,-8,-4,-0.1,,111,333,,20,42,56,0,,6.00%,34.50%,0.239,0.284,22.70%,,0.226,0.276,0.465,0.741,84,,68.90%,38.80%
Stephen Piscotty,Athletics,28,,-3.1,-5,0.6,,93,393,,13,46,44,2,,7.40%,21.40%,0.162,0.289,13.10%,,0.249,0.309,0.412,0.72,93,,72.60%,39.70%
Josh Naylor,Padres,22,,-4,-6.2,-0.1,,94,279,,8,29,32,1,,9.00%,22.90%,0.154,0.302,14.00%,,0.249,0.315,0.403,0.719,89,,79.50%,41.60%
Jose Iglesias,Reds,29,,-13.1,11.8,1.5,,146,530,,11,62,59,6,,3.80%,13.20%,0.119,0.315,10.50%,,0.288,0.318,0.407,0.724,84,,86.00%,30.70%
Ronald Guzman,Rangers,24,,-11.4,-2.3,-0.3,,87,295,,10,34,36,1,,10.80%,29.50%,0.195,0.282,16.90%,,0.219,0.308,0.414,0.723,80,,71.20%,39.30%
Charlie Culberson,Braves,30,,-2.8,1,0.3,,108,144,,5,14,20,0,,4.20%,30.60%,0.178,0.345,15.20%,,0.259,0.294,0.437,0.731,85,,69.00%,39.80%
Kevan Smith,Angels,31,,-4.2,-5.5,-0.2,,67,211,,5,21,20,2,,7.60%,17.50%,0.141,0.287,14.30%,,0.251,0.318,0.393,0.71,91,,82.10%,40.00%
Nico Hoerner,Cubs,22,,-1,0.7,0.2,,20,82,,3,13,17,0,,3.70%,13.40%,0.154,0.292,20.00%,,0.282,0.305,0.436,0.741,86,,81.90%,26.50%
Gregory Polanco,Pirates,27,,-2.6,-4.7,-0.2,,42,167,,6,23,17,3,,7.20%,29.30%,0.183,0.316,13.00%,,0.242,0.301,0.425,0.726,87,,70.80%,38.50%
Miguel Rojas,Marlins,30,,-10.2,13,1.9,,132,526,,5,52,46,9,,6.10%,11.80%,0.095,0.314,4.00%,,0.284,0.331,0.379,0.71,90,,84.70%,35.60%
Jurickson Profar,Athletics,26,,-4.4,1,1.5,,139,523,,20,66,67,9,,9.20%,14.50%,0.19,0.224,14.00%,,0.222,0.304,0.412,0.716,91,,81.50%,37.90%
Tyler Wade,Yankees,24,,0.8,-0.8,0.4,,43,108,,2,16,11,7,,10.20%,25.90%,0.117,0.328,9.10%,,0.245,0.33,0.362,0.692,88,,77.10%,26.50%
Brandon Dixon,Tigers,27,,-6.4,-10.2,-0.2,,118,420,,15,41,52,5,,5.00%,32.40%,0.187,0.336,14.40%,,0.248,0.29,0.435,0.725,86,,66.80%,41.30%
Michael Perez,Rays,26,,-1,-0.3,0.1,,22,55,,0,6,2,0,,14.50%,34.50%,0.109,0.37,0.00%,,0.217,0.345,0.326,0.672,91,,62.50%,48.20%
Chris Iannetta,Rockies,36,,-8.6,-2.2,-0.5,,52,164,,6,20,21,0,,11.00%,32.90%,0.194,0.306,20.00%,,0.222,0.311,0.417,0.728,70,,67.10%,47.30%
Matt Thaiss,Angels,24,,-3.8,-2,0,,53,164,,8,17,23,0,,10.40%,31.70%,0.211,0.264,21.10%,,0.211,0.293,0.422,0.714,89,,70.70%,43.20%
Ben Zobrist,Cubs,38,,-5.6,2.3,0.2,,47,176,,1,24,17,0,,13.10%,13.60%,0.053,0.299,3.00%,,0.26,0.358,0.313,0.671,85,,85.00%,25.00%
Yadier Molina,Cardinals,36,,-11.4,8.6,1.1,,113,452,,10,45,57,6,,5.10%,12.80%,0.129,0.289,8.10%,,0.27,0.312,0.399,0.711,87,,82.40%,41.80%
Lorenzo Cain,Brewers,33,,-12.6,9.7,1.7,,148,623,,11,75,48,18,,8.00%,17.00%,0.112,0.301,9.90%,,0.26,0.325,0.372,0.697,83,,82.50%,36.50%
Rougned Odor,Rangers,25,,-15.1,-1.8,0.3,,145,581,,30,77,93,11,,9.00%,30.60%,0.234,0.244,18.80%,,0.205,0.283,0.439,0.721,77,,73.10%,45.70%
Enrique Hernandez,Dodgers,27,,-6.1,3.5,1.2,,130,460,,17,57,64,4,,7.80%,21.10%,0.174,0.266,12.20%,,0.237,0.304,0.411,0.715,88,,76.10%,40.50%
Jason Kipnis,Indians,32,,-11.9,4.9,1.1,,121,511,,17,52,65,7,,7.80%,17.20%,0.166,0.265,11.10%,,0.245,0.304,0.41,0.715,82,,81.30%,36.80%
Melky Cabrera,Pirates,34,,-9.8,-10.6,-0.7,,133,397,,7,43,47,2,,4.30%,10.30%,0.119,0.3,7.10%,,0.28,0.313,0.399,0.713,85,,86.60%,31.10%
Gavin Lux,Dodgers,21,,-0.5,-0.2,0.2,,23,82,,2,12,9,2,,8.50%,29.30%,0.16,0.327,11.80%,,0.24,0.305,0.4,0.705,87,,72.20%,52.90%
Tucker Barnhart,Reds,28,,-12.2,8.5,0.8,,114,364,,11,32,40,1,,12.10%,22.80%,0.149,0.278,14.70%,,0.231,0.328,0.38,0.708,81,,78.00%,33.60%
Ildemaro Vargas,Diamondbacks,27,,-5.5,-1.6,0,,92,211,,6,25,24,1,,4.30%,11.40%,0.144,0.279,13.60%,,0.269,0.299,0.413,0.712,82,,88.70%,34.30%
Elvis Andrus,Rangers,30,,-16.6,7.5,1.3,,147,648,,12,81,72,31,,5.20%,14.80%,0.118,0.305,8.50%,,0.275,0.313,0.393,0.707,76,,81.20%,38.70%
Dwight Smith Jr.,Orioles,26,,-9.4,-12.5,-0.8,,101,392,,13,46,53,5,,6.60%,20.90%,0.171,0.274,13.70%,,0.241,0.297,0.412,0.708,83,,73.60%,29.30%
Matt Duffy,Rays,28,,-4.7,-4.1,-0.3,,46,169,,1,12,12,0,,11.20%,17.20%,0.075,0.305,3.60%,,0.252,0.343,0.327,0.67,88,,82.60%,36.10%
Luis Guillorme,Mets,24,,-1,0.7,0.2,,45,70,,1,8,3,0,,10.00%,20.00%,0.115,0.304,5.60%,,0.246,0.324,0.361,0.684,87,,82.90%,28.60%
D.J. Stewart,Orioles,25,,-4.3,-5,-0.4,,44,142,,4,15,15,1,,9.90%,18.30%,0.143,0.268,10.80%,,0.238,0.317,0.381,0.698,83,,75.50%,33.70%
Dylan Moore,Mariners,26,,-5.1,-0.4,0.4,,113,282,,9,31,28,11,,8.90%,33.00%,0.182,0.29,12.50%,,0.206,0.302,0.389,0.691,88,,74.60%,33.60%
Robbie Grossman,Athletics,29,,-7.6,-1.1,0.8,,138,483,,6,57,38,9,,12.20%,17.80%,0.107,0.287,5.20%,,0.24,0.333,0.347,0.68,87,,85.70%,34.10%
Tyler Austin,- - -,27,,-0.4,-2.4,0.3,,89,179,,9,30,24,2,,13.40%,37.40%,0.221,0.253,23.70%,,0.188,0.296,0.409,0.705,85,,63.10%,43.20%
Luis Rengifo,Angels,22,,-6.6,4.4,1.2,,108,406,,7,44,33,2,,9.90%,22.90%,0.126,0.3,8.60%,,0.238,0.321,0.364,0.685,86,,76.20%,32.50%
Christin Stewart,Tigers,25,,-12.1,-13.4,-1,,104,420,,11,33,42,0,,8.10%,24.80%,0.164,0.292,9.70%,,0.236,0.307,0.399,0.707,83,,74.70%,36.00%
Logan Forsythe,Rangers,32,,-11.7,0.8,0.2,,101,367,,7,38,39,2,,12.00%,27.20%,0.126,0.307,9.10%,,0.227,0.325,0.353,0.678,75,,80.30%,47.50%
Yan Gomes,Nationals,31,,-11.8,7,0.7,,97,358,,12,36,43,2,,10.60%,23.50%,0.166,0.265,12.40%,,0.223,0.316,0.389,0.704,79,,76.60%,32.90%
Adalberto Mondesi,Royals,23,,-3.7,13.4,2.5,,102,443,,9,58,62,43,,4.30%,29.80%,0.161,0.357,9.30%,,0.263,0.291,0.424,0.715,82,,63.40%,37.80%
Ryan Goins,White Sox,31,,-4.4,0.9,0.2,,52,163,,2,13,10,0,,10.40%,27.00%,0.097,0.347,6.50%,,0.25,0.333,0.347,0.681,86,,75.00%,24.80%
Buster Posey,Giants,32,,-13.7,18.5,1.9,,114,445,,7,43,38,0,,7.60%,16.00%,0.111,0.296,7.40%,,0.257,0.32,0.368,0.688,85,,82.40%,35.70%
Kevin Pillar,- - -,30,,-7.1,1.3,1.5,,161,645,,21,83,88,14,,2.80%,13.80%,0.173,0.27,11.10%,,0.259,0.287,0.432,0.719,85,,83.40%,37.20%
Breyvic Valera,- - -,27,,-0.8,0.4,0.1,,17,52,,1,7,6,0,,7.70%,13.50%,0.149,0.256,5.30%,,0.234,0.308,0.383,0.691,84,,89.30%,35.00%
Didi Gregorius,Yankees,29,,-6.1,3.9,1,,82,344,,16,47,61,2,,4.90%,15.40%,0.204,0.237,13.30%,,0.238,0.276,0.441,0.718,84,,79.40%,34.40%
Jacob Stallings,Pirates,29,,-5.1,11.8,1.3,,71,210,,6,26,13,0,,7.60%,19.00%,0.12,0.303,11.80%,,0.262,0.325,0.382,0.708,82,,76.20%,34.90%
Chad Pinder,Athletics,27,,-7.9,3.4,0.8,,124,371,,13,45,47,0,,5.40%,24.00%,0.175,0.284,17.30%,,0.24,0.289,0.415,0.704,86,,76.70%,40.90%
Jake Lamb,Diamondbacks,28,,-4.6,-2.8,0,,78,226,,6,26,30,1,,14.20%,24.30%,0.16,0.234,11.80%,,0.193,0.323,0.353,0.676,80,,74.90%,53.00%
Addison Russell,Cubs,25,,-5.7,3.2,0.5,,82,241,,9,25,23,2,,8.30%,24.10%,0.153,0.28,16.40%,,0.237,0.308,0.391,0.699,81,,71.60%,31.30%
Jake Marisnick,Astros,28,,-3.4,4.2,1.2,,120,318,,10,46,34,10,,5.30%,29.90%,0.178,0.31,14.30%,,0.233,0.289,0.411,0.7,86,,74.00%,31.50%
Ty France,Padres,24,,-8,1.3,0,,69,201,,7,20,24,0,,4.50%,24.40%,0.168,0.279,14.00%,,0.234,0.294,0.402,0.696,83,,78.80%,41.20%
Jake Bauers,Indians,23,,-11.2,-8.5,-0.5,,117,423,,12,46,43,3,,10.60%,27.20%,0.145,0.29,12.40%,,0.226,0.312,0.371,0.683,78,,78.00%,31.20%
J.P. Crawford,Mariners,24,,-6,5.5,1.3,,93,396,,7,43,46,5,,10.90%,21.00%,0.145,0.275,7.60%,,0.226,0.313,0.371,0.684,86,,81.10%,28.40%
Christian Arroyo,Rays,24,,-1,-0.9,0,,16,57,,2,8,7,0,,8.80%,31.60%,0.16,0.3,22.20%,,0.22,0.304,0.38,0.684,86,,69.90%,27.30%
Manuel Margot,Padres,24,,-5.2,7.3,1.6,,151,441,,12,59,37,20,,8.60%,20.00%,0.153,0.272,9.80%,,0.234,0.304,0.387,0.691,82,,80.20%,33.60%
Adam Engel,White Sox,27,,-3.6,3.6,0.9,,89,248,,6,26,26,3,,5.60%,31.50%,0.141,0.343,12.80%,,0.242,0.304,0.383,0.687,84,,69.60%,28.00%
Scott Heineman,Rangers,26,,-4.2,-0.1,-0.1,,25,85,,2,8,7,1,,10.60%,23.50%,0.16,0.264,11.10%,,0.213,0.306,0.373,0.679,73,,72.30%,32.70%
Russell Martin,Dodgers,36,,-5.2,9.4,1.2,,83,249,,6,29,20,1,,12.00%,24.10%,0.11,0.276,14.00%,,0.22,0.337,0.33,0.667,83,,74.90%,33.10%
Delino DeShields,Rangers,26,,-9.5,2.8,0.7,,118,408,,4,42,32,24,,9.30%,24.50%,0.098,0.333,5.10%,,0.249,0.325,0.347,0.672,72,,79.60%,30.70%
Abraham Toro,Astros,22,,-1.7,1.3,0.3,,25,89,,2,13,9,1,,10.10%,21.30%,0.167,0.259,10.50%,,0.218,0.303,0.385,0.688,85,,83.00%,33.30%
Leury Garcia,White Sox,28,,-7.6,-2,1.2,,140,618,,8,93,40,15,,3.40%,22.50%,0.099,0.353,7.80%,,0.279,0.31,0.378,0.688,83,,77.40%,28.50%
Cam Gallagher,Royals,26,,-6.9,5.4,0.3,,45,142,,3,14,12,0,,7.70%,19.70%,0.127,0.281,7.90%,,0.238,0.312,0.365,0.677,79,,82.50%,32.00%
Josh Phegley,Athletics,31,,-10.8,2.3,0.4,,106,345,,12,45,64,0,,4.60%,18.30%,0.174,0.26,11.70%,,0.241,0.286,0.415,0.7,84,,78.10%,34.20%
Luis Urias,Padres,22,,-8.3,2.3,0.2,,71,249,,4,27,24,0,,10.00%,22.50%,0.102,0.284,8.30%,,0.223,0.329,0.326,0.655,81,,78.50%,36.50%
Rio Ruiz,Orioles,25,,-14.2,2.9,0.3,,127,413,,12,35,46,0,,9.70%,21.30%,0.143,0.272,12.50%,,0.232,0.306,0.376,0.682,79,,77.30%,34.70%
Harrison Bader,Cardinals,25,,-9.6,13.3,1.6,,128,406,,12,54,39,11,,11.30%,28.80%,0.161,0.268,12.10%,,0.205,0.314,0.366,0.68,81,,75.60%,38.20%
Matt Wieters,Cardinals,33,,-5.5,-3.3,-0.3,,67,183,,11,15,27,1,,6.60%,25.70%,0.22,0.223,22.00%,,0.214,0.268,0.435,0.702,81,,77.80%,48.00%
Garrett Hampson,Rockies,24,,-11.8,-0.6,-0.2,,105,327,,8,40,27,15,,7.30%,26.90%,0.137,0.322,10.50%,,0.247,0.302,0.385,0.686,63,,79.00%,30.20%
Billy McKinney,Blue Jays,24,,-7.6,-2.4,0,,84,276,,12,37,28,0,,6.90%,26.40%,0.207,0.25,16.40%,,0.215,0.274,0.422,0.696,80,,76.40%,37.40%
Nick Martini,- - -,29,,-2,-3.8,-0.2,,32,109,,1,8,7,0,,12.80%,23.90%,0.097,0.299,7.70%,,0.226,0.33,0.323,0.653,80,,82.10%,36.80%
Guillermo Heredia,Rays,28,,-4.2,-1,0.3,,89,231,,5,31,20,2,,7.80%,26.00%,0.137,0.293,9.80%,,0.225,0.306,0.363,0.668,82,,74.90%,28.60%
Joey Rickard,- - -,28,,-4.8,-2.3,-0.1,,68,189,,3,14,10,4,,9.50%,26.50%,0.131,0.304,6.70%,,0.226,0.312,0.357,0.669,78,,78.40%,30.50%
Andrelton Simmons,Angels,29,,-12.2,13.9,1.6,,103,424,,7,47,40,10,,5.70%,8.70%,0.101,0.277,6.10%,,0.264,0.309,0.364,0.673,81,,86.70%,34.40%
Tony Wolters,Rockies,27,,-22,3.4,-0.5,,121,411,,1,42,42,0,,8.80%,16.50%,0.067,0.314,1.20%,,0.262,0.337,0.329,0.666,62,,82.40%,30.10%
Roman Quinn,Phillies,26,,-1.8,-0.8,0.1,,44,122,,4,18,11,8,,9.80%,27.90%,0.157,0.271,18.20%,,0.213,0.298,0.37,0.668,75,,71.70%,32.00%
Michael A. Taylor,Nationals,28,,-1.9,-1.2,0,,53,97,,1,10,3,6,,7.20%,35.10%,0.114,0.396,5.90%,,0.25,0.305,0.364,0.669,73,,68.10%,48.20%
Kyle Farmer,Reds,28,,-5.6,-1.6,-0.1,,97,197,,9,22,27,4,,5.10%,29.90%,0.18,0.284,20.50%,,0.23,0.279,0.41,0.689,73,,72.10%,40.80%
Andrew Knizner,Cardinals,24,,-1.9,-2.2,-0.2,,18,58,,2,7,7,2,,6.90%,24.10%,0.151,0.27,14.30%,,0.226,0.293,0.377,0.67,78,,72.40%,35.90%
Harold Castro,Tigers,25,,-10.7,-6,-0.3,,97,374,,5,30,38,4,,2.40%,23.00%,0.092,0.36,8.10%,,0.287,0.301,0.379,0.68,76,,77.60%,39.90%
Willians Astudillo,Twins,27,,-8.6,-1,-0.2,,58,204,,4,28,21,0,,2.50%,3.90%,0.111,0.258,5.60%,,0.268,0.299,0.379,0.678,76,,92.00%,30.10%
Martin Maldonado,- - -,32,,-14.6,9.7,0.8,,105,374,,12,46,27,0,,8.60%,23.00%,0.165,0.25,14.00%,,0.213,0.293,0.378,0.671,76,,77.80%,40.20%
Gerardo Parra,- - -,32,,-11.9,0.6,-0.2,,119,301,,9,38,48,8,,6.30%,19.60%,0.157,0.264,14.10%,,0.234,0.293,0.391,0.684,74,,78.60%,31.70%
Cheslor Cuthbert,Royals,26,,-13.3,-6.9,-0.8,,87,330,,9,24,40,1,,5.80%,20.30%,0.133,0.288,9.50%,,0.246,0.294,0.379,0.673,74,,78.00%,37.20%
Welington Castillo,White Sox,32,,-11.8,-7.4,-1,,72,251,,12,19,41,0,,6.40%,29.50%,0.209,0.247,19.70%,,0.209,0.267,0.417,0.684,78,,73.20%,34.80%
Khris Davis,Athletics,31,,-16.2,-13.5,-1,,133,538,,23,61,73,0,,8.70%,27.30%,0.165,0.261,18.00%,,0.218,0.29,0.383,0.673,79,,67.40%,45.80%
Steve Wilkerson,Orioles,27,,-12.3,-6.3,-0.6,,119,361,,10,41,35,3,,6.10%,29.90%,0.158,0.3,12.50%,,0.225,0.286,0.383,0.669,74,,75.00%,33.00%
Jonathan Lucroy,- - -,33,,-15.6,-1.2,-0.5,,101,328,,8,30,36,0,,8.20%,15.50%,0.123,0.253,9.60%,,0.232,0.305,0.355,0.66,77,,86.60%,35.50%
Tony Kemp,- - -,27,,-9.9,2.7,0.2,,110,279,,8,31,29,4,,8.20%,16.80%,0.167,0.227,9.60%,,0.212,0.291,0.38,0.671,77,,83.50%,35.50%
Zack Collins,White Sox,24,,-2.9,-3.7,-0.3,,27,102,,3,10,12,0,,13.70%,38.20%,0.163,0.295,14.30%,,0.186,0.307,0.349,0.656,77,,65.80%,38.30%
Francisco Cervelli,- - -,33,,-7.3,3.6,0.1,,48,160,,3,15,12,1,,8.10%,25.60%,0.135,0.278,7.50%,,0.213,0.302,0.348,0.649,73,,76.80%,37.60%
Derek Fisher,- - -,25,,-5.1,-0.9,0,,57,167,,7,23,17,5,,12.60%,34.10%,0.185,0.244,24.10%,,0.185,0.287,0.37,0.657,76,,65.10%,38.20%
Kevin Kiermaier,Rays,29,,-10.2,8.5,1.5,,129,480,,14,60,55,19,,5.40%,21.70%,0.17,0.267,14.00%,,0.228,0.278,0.398,0.676,78,,77.00%,33.00%
Joe Panik,- - -,28,,-17.8,4,0.2,,142,491,,5,50,39,4,,8.80%,9.60%,0.091,0.262,3.80%,,0.244,0.315,0.336,0.651,76,,90.20%,36.80%
Kelvin Gutierrez,Royals,24,,-2.6,-0.5,0,,20,79,,1,4,11,1,,6.30%,30.40%,0.096,0.367,12.50%,,0.26,0.304,0.356,0.66,72,,70.10%,32.00%
Ronny Rodriguez,Tigers,27,,-9.1,1.4,0.3,,84,294,,14,29,43,3,,4.40%,27.90%,0.217,0.254,16.90%,,0.221,0.252,0.438,0.69,72,,65.50%,40.70%
Dee Gordon,Mariners,31,,-9.6,-0.8,0.4,,117,421,,3,36,34,22,,4.30%,14.50%,0.084,0.313,3.60%,,0.275,0.304,0.359,0.663,77,,85.30%,22.00%
Andrew Knapp,Phillies,27,,-6,2.7,0.2,,74,160,,2,12,8,0,,11.30%,31.90%,0.11,0.325,6.70%,,0.213,0.318,0.324,0.642,70,,71.80%,37.50%
Jeimer Candelario,Tigers,25,,-14.1,2.5,0.2,,94,391,,8,33,32,3,,11.00%,25.30%,0.133,0.258,8.30%,,0.201,0.304,0.333,0.638,71,,75.80%,37.30%
Maikel Franco,Phillies,26,,-19.9,2.6,-0.3,,123,428,,17,48,56,0,,8.40%,14.30%,0.175,0.236,12.80%,,0.234,0.297,0.409,0.705,70,,80.00%,33.20%
Yolmer Sanchez,White Sox,27,,-16.1,6.9,1,,149,555,,2,59,43,5,,7.90%,21.10%,0.069,0.324,1.50%,,0.252,0.318,0.321,0.638,74,,79.20%,27.30%
Brandon Crawford,Giants,32,,-20.1,5.6,0.4,,147,560,,11,58,59,3,,9.50%,20.90%,0.122,0.274,10.10%,,0.228,0.304,0.35,0.654,74,,74.30%,39.30%
Yairo Munoz,Cardinals,24,,-6.6,-1.5,-0.2,,88,181,,2,20,13,8,,3.90%,20.40%,0.087,0.328,6.30%,,0.267,0.298,0.355,0.653,73,,74.70%,31.60%
Jarrod Dyson,Diamondbacks,34,,-9.5,8.1,1.3,,130,452,,7,65,27,30,,10.40%,19.00%,0.09,0.275,7.20%,,0.23,0.313,0.32,0.633,69,,80.00%,29.30%
Ryan Cordell,White Sox,27,,-8.5,-2.8,-0.2,,97,247,,7,22,24,3,,7.70%,27.90%,0.134,0.287,10.80%,,0.221,0.29,0.355,0.645,73,,70.70%,30.30%
Josh Rojas,Diamondbacks,25,,-7.4,1.8,-0.1,,41,157,,2,17,16,4,,11.50%,26.10%,0.094,0.295,6.30%,,0.217,0.312,0.312,0.624,68,,73.00%,41.20%
Johan Camargo,Braves,25,,-10.2,-3.3,-0.5,,98,248,,7,31,32,1,,6.00%,17.30%,0.151,0.258,10.30%,,0.233,0.279,0.384,0.663,67,,76.80%,32.60%
JB Shuck,Pirates,32,,-2,-0.4,-0.1,,27,57,,0,4,2,1,,14.00%,17.50%,0.043,0.27,0.00%,,0.213,0.339,0.255,0.595,70,,82.40%,15.80%
Ryan O'Hearn,Royals,25,,-16.2,-7.4,-1,,105,370,,14,32,38,0,,10.50%,26.80%,0.174,0.23,16.90%,,0.195,0.281,0.369,0.65,69,,75.80%,42.40%
Mallex Smith,Mariners,26,,-10.5,-9.4,0,,134,566,,6,70,37,46,,7.40%,24.90%,0.108,0.302,5.50%,,0.227,0.3,0.335,0.635,74,,73.70%,26.30%
Hanley Ramirez,Indians,35,,-2.6,-1.6,-0.2,,16,57,,2,4,8,0,,14.00%,29.80%,0.143,0.233,22.20%,,0.184,0.298,0.327,0.625,66,,65.10%,43.80%
Yonder Alonso,- - -,32,,-18,-6.1,-1.2,,121,335,,10,34,37,0,,11.60%,20.90%,0.147,0.224,11.90%,,0.199,0.296,0.346,0.641,67,,76.50%,33.00%
Ian Kinsler,Padres,37,,-14.3,2.9,-0.2,,87,281,,9,28,22,2,,6.80%,19.20%,0.151,0.24,10.60%,,0.217,0.278,0.368,0.646,70,,81.80%,33.20%
Dawel Lugo,Tigers,24,,-13.6,-1.8,-0.5,,77,293,,6,29,28,0,,2.70%,20.10%,0.133,0.295,9.50%,,0.252,0.276,0.385,0.661,68,,80.50%,32.90%
Austin Dean,Marlins,25,,-7.7,-5.4,-0.7,,64,189,,6,17,21,0,,4.80%,24.90%,0.18,0.27,14.60%,,0.225,0.261,0.404,0.665,71,,79.80%,43.60%
John Ryan Murphy,- - -,28,,-2.5,2.4,0.2,,26,70,,4,9,7,0,,8.60%,40.00%,0.238,0.226,28.60%,,0.175,0.246,0.413,0.659,66,,63.90%,36.10%
Jon Jay,White Sox,34,,-6.5,-9,-0.9,,47,182,,0,12,9,0,,4.40%,16.50%,0.048,0.324,0.00%,,0.267,0.311,0.315,0.626,70,,85.70%,21.30%
Curtis Granderson,Marlins,38,,-20.4,-5.7,-1.4,,138,363,,12,44,34,0,,11.30%,27.00%,0.174,0.22,12.10%,,0.183,0.281,0.356,0.637,71,,77.10%,44.30%
Joey Wendle,Rays,29,,-8,4.7,0.6,,75,263,,3,32,19,8,,5.30%,17.90%,0.109,0.272,4.80%,,0.231,0.293,0.34,0.633,72,,81.60%,32.00%
Danny Jansen,Blue Jays,24,,-16.5,17.1,1.4,,107,384,,13,41,43,0,,8.10%,20.60%,0.153,0.23,11.80%,,0.207,0.279,0.36,0.64,68,,81.30%,42.40%
Daniel Robertson,Rays,25,,-11.8,0.1,-0.3,,74,237,,2,23,19,2,,10.10%,24.90%,0.082,0.288,4.90%,,0.213,0.312,0.295,0.607,71,,79.20%,32.40%
Gordon Beckham,Tigers,32,,-10.5,0.7,-0.1,,83,240,,6,29,15,3,,5.40%,28.30%,0.157,0.282,10.20%,,0.215,0.271,0.372,0.643,67,,73.70%,41.90%
Jose Trevino,Rangers,26,,-10.2,4.1,-0.2,,40,126,,2,18,13,0,,2.40%,21.40%,0.125,0.312,6.90%,,0.258,0.272,0.383,0.655,59,,79.40%,37.50%
Greg Allen,Indians,26,,-11.4,2.9,0.1,,89,256,,4,30,27,8,,4.30%,20.70%,0.117,0.28,7.10%,,0.229,0.29,0.346,0.636,64,,76.90%,31.20%
Tyler White,- - -,28,,-11.8,-5.5,-0.7,,83,279,,3,18,23,0,,12.90%,28.00%,0.096,0.29,5.30%,,0.208,0.308,0.304,0.612,71,,78.30%,35.20%
Kevin Plawecki,Indians,28,,-9.6,6.7,0.3,,60,174,,3,13,17,0,,6.90%,17.80%,0.12,0.256,5.90%,,0.222,0.287,0.342,0.629,63,,82.20%,29.70%
Sam Travis,Red Sox,25,,-8.5,-5.4,-0.8,,59,157,,6,17,16,2,,7.00%,22.90%,0.167,0.243,16.70%,,0.215,0.274,0.382,0.656,63,,79.60%,36.70%
Odubel Herrera,Phillies,27,,-6.1,-2.1,-0.4,,39,139,,1,12,16,2,,7.90%,23.70%,0.119,0.29,3.00%,,0.222,0.288,0.341,0.629,64,,73.60%,30.90%
Travis Demeritte,Tigers,24,,-7,-3.5,-0.4,,48,186,,3,24,10,3,,7.50%,33.90%,0.118,0.337,7.10%,,0.225,0.286,0.343,0.63,65,,69.00%,35.20%
Jose Peraza,Reds,25,,-21.8,2.6,-0.6,,141,403,,6,37,33,7,,4.20%,14.40%,0.106,0.268,4.40%,,0.239,0.285,0.346,0.631,62,,85.40%,31.90%
Isiah Kiner-Falefa,Rangers,24,,-11.9,-7.1,-1.1,,65,222,,1,23,21,3,,6.30%,22.10%,0.084,0.307,2.00%,,0.238,0.299,0.322,0.62,57,,81.90%,36.10%
Austin Barnes,Dodgers,29,,-11.2,10.7,0.7,,75,242,,5,28,25,3,,9.50%,23.10%,0.137,0.248,7.60%,,0.203,0.293,0.34,0.633,68,,80.00%,33.50%
Brandon Drury,Blue Jays,26,,-18,-3.7,-0.6,,120,447,,15,43,41,0,,5.60%,25.30%,0.163,0.259,14.30%,,0.218,0.262,0.38,0.642,66,,74.40%,38.30%
Albert Almora Jr.,Cubs,25,,-18.1,-1.2,-0.7,,130,363,,12,41,32,2,,4.40%,17.10%,0.145,0.255,15.40%,,0.236,0.271,0.381,0.651,64,,77.50%,30.60%
Hernan Perez,Brewers,28,,-14.1,3.8,-0.2,,91,246,,8,29,18,5,,4.50%,26.80%,0.151,0.283,15.10%,,0.228,0.262,0.379,0.642,62,,76.10%,39.60%
Kyle Higashioka,Yankees,29,,-1.9,3.6,0.4,,18,57,,3,8,11,0,,0.00%,45.60%,0.25,0.321,21.40%,,0.214,0.211,0.464,0.675,65,,74.20%,45.20%
Willi Castro,Tigers,22,,-6.5,1.2,-0.1,,30,110,,1,10,8,0,,5.50%,30.90%,0.11,0.333,3.80%,,0.23,0.284,0.34,0.624,63,,70.60%,25.00%
Wilmer Difo,Nationals,27,,-8.3,0.6,-0.3,,43,144,,2,15,8,0,,8.30%,20.10%,0.061,0.31,7.40%,,0.252,0.315,0.313,0.628,60,,74.60%,20.40%
Leonys Martin,Indians,31,,-12.8,-2.3,-0.6,,65,264,,9,32,19,4,,8.00%,29.50%,0.144,0.255,13.60%,,0.199,0.276,0.343,0.619,60,,68.80%,30.40%
Nick Dini,Royals,25,,-3,-0.5,-0.1,,20,64,,2,11,6,0,,6.30%,28.10%,0.161,0.243,10.00%,,0.196,0.27,0.357,0.627,62,,76.20%,37.50%
Kristopher Negron,- - -,33,,-1.8,0,0.1,,40,82,,2,12,8,1,,6.10%,31.70%,0.091,0.347,13.30%,,0.247,0.293,0.338,0.63,67,,68.50%,29.40%
Orlando Arcia,Brewers,24,,-27.3,5.4,-0.4,,152,546,,15,51,59,8,,7.90%,20.00%,0.128,0.253,12.60%,,0.223,0.283,0.35,0.633,61,,77.50%,33.10%
Carlos Gomez,Mets,33,,-4.2,-0.4,-0.1,,34,99,,3,10,10,4,,7.10%,30.30%,0.14,0.259,12.00%,,0.198,0.278,0.337,0.616,67,,71.60%,37.30%
Mark Reynolds,Rockies,35,,-12.2,-1.1,-0.8,,78,162,,4,13,20,2,,13.60%,35.20%,0.141,0.247,11.40%,,0.17,0.29,0.311,0.601,47,,63.90%,38.30%
Cory Spangenberg,Brewers,28,,-4.9,2.8,0.1,,32,102,,2,11,10,3,,5.90%,35.30%,0.126,0.351,25.00%,,0.232,0.277,0.358,0.635,60,,67.90%,36.70%
Justin Bour,Angels,31,,-8.9,-1,-0.4,,52,170,,8,18,26,0,,10.00%,30.60%,0.192,0.196,20.00%,,0.172,0.259,0.364,0.623,65,,72.20%,41.00%
Marco Hernandez,Red Sox,26,,-9.8,-1.2,-0.5,,61,155,,2,18,11,1,,1.90%,27.10%,0.088,0.337,8.30%,,0.25,0.279,0.338,0.617,58,,66.40%,26.20%
Steven Duggar,Giants,25,,-14.4,0.4,-0.5,,73,281,,4,26,28,1,,5.70%,27.80%,0.107,0.313,7.70%,,0.234,0.278,0.341,0.619,64,,75.50%,32.80%
Elias Diaz,Pirates,28,,-17.9,-9,-1.6,,101,332,,2,31,28,0,,6.90%,16.90%,0.066,0.286,2.60%,,0.241,0.296,0.307,0.603,61,,78.50%,31.50%
Cole Tucker,Pirates,22,,-7.3,2.5,0,,56,159,,2,16,13,0,,6.30%,25.20%,0.15,0.276,6.90%,,0.211,0.266,0.361,0.626,61,,75.50%,32.40%
Kendrys Morales,- - -,36,,-11.4,-3.9,-0.8,,53,201,,2,16,12,0,,12.90%,12.90%,0.059,0.217,4.90%,,0.194,0.313,0.253,0.566,63,,85.40%,41.40%
Rosell Herrera,Marlins,26,,-4.7,-4.8,-0.6,,63,119,,2,10,11,4,,9.20%,22.70%,0.114,0.25,7.70%,,0.2,0.288,0.314,0.602,63,,68.10%,26.60%
Phil Gosselin,Phillies,30,,-3.3,-1.1,-0.2,,44,68,,0,5,7,0,,4.40%,23.50%,0.046,0.347,0.00%,,0.262,0.294,0.308,0.602,58,,78.30%,46.90%
Chris Davis,Orioles,33,,-18.8,-7.1,-1.3,,105,352,,12,26,36,0,,11.10%,39.50%,0.147,0.27,18.20%,,0.179,0.276,0.326,0.601,58,,62.90%,38.00%
Michael Lorenzen,Reds,27,,-3,0.2,-0.1,,105,53,,1,6,6,5,,9.40%,32.10%,0.104,0.3,16.70%,,0.208,0.283,0.313,0.596,56,,68.00%,41.90%
Josh Fuentes,Rockies,26,,-3.8,-0.5,-0.2,,24,56,,3,8,7,1,,1.80%,35.70%,0.182,0.281,25.00%,,0.218,0.232,0.4,0.632,44,,64.10%,25.70%
Sheldon Neuse,Athletics,24,,-3,2.1,0.1,,25,61,,0,3,7,0,,6.60%,31.10%,0.054,0.368,0.00%,,0.25,0.295,0.304,0.599,63,,70.20%,42.10%
Erik Gonzalez,Pirates,27,,-8.7,3.4,0,,53,156,,1,15,6,4,,5.80%,23.70%,0.063,0.333,4.00%,,0.254,0.301,0.317,0.618,59,,72.10%,27.50%
Pablo Reyes,Pirates,25,,-6.9,-4,-0.6,,71,157,,2,18,19,1,,8.30%,22.90%,0.119,0.257,4.80%,,0.203,0.274,0.322,0.596,58,,79.70%,33.60%
Nicky Lopez,Royals,24,,-23.4,7.1,-0.2,,103,402,,2,44,30,1,,4.50%,12.70%,0.084,0.273,2.80%,,0.24,0.276,0.325,0.601,56,,87.10%,25.40%
John Hicks,Tigers,29,,-21.4,-1.2,-1.1,,95,333,,13,29,35,1,,3.90%,32.70%,0.169,0.273,15.50%,,0.21,0.24,0.379,0.62,56,,66.70%,37.90%
Jared Walsh,Angels,25,,-4.3,-0.4,-0.2,,34,87,,1,6,5,0,,6.90%,40.20%,0.127,0.349,6.70%,,0.203,0.276,0.329,0.605,60,,68.80%,54.60%
Jace Peterson,Orioles,29,,-4.6,-0.7,-0.2,,29,108,,2,14,11,4,,5.60%,22.20%,0.11,0.267,8.00%,,0.22,0.269,0.33,0.599,55,,72.80%,35.10%
Richard Urena,Blue Jays,23,,-5.2,0.7,-0.2,,30,80,,0,4,4,0,,2.50%,28.80%,0.081,0.353,0.00%,,0.243,0.273,0.324,0.597,57,,68.40%,29.60%
Juan Lagares,Mets,30,,-15.5,-1.6,-0.8,,133,285,,5,38,27,4,,7.70%,26.30%,0.112,0.279,7.90%,,0.213,0.279,0.326,0.605,60,,77.60%,23.70%
Jung Ho Kang,Pirates,32,,-11.7,-3.9,-0.9,,65,185,,10,15,24,0,,5.90%,32.40%,0.227,0.184,23.30%,,0.169,0.222,0.395,0.617,55,,67.00%,40.70%
Charlie Tilson,White Sox,26,,-5.4,-1.9,-0.2,,54,157,,1,16,12,4,,6.40%,24.20%,0.056,0.305,3.80%,,0.229,0.293,0.285,0.578,57,,77.60%,32.10%
Carlos Gonzalez,- - -,33,,-11.4,-0.3,-0.6,,45,166,,3,21,10,0,,10.80%,31.30%,0.083,0.283,13.00%,,0.2,0.289,0.283,0.572,51,,66.70%,31.60%
Yu-Cheng Chang,Indians,23,,-6.4,2.3,-0.1,,28,84,,1,8,6,0,,13.10%,26.20%,0.096,0.24,5.90%,,0.178,0.286,0.274,0.56,50,,77.50%,37.30%
Rafael Ortega,Braves,28,,-5,0.6,-0.1,,34,96,,2,7,10,3,,8.30%,22.90%,0.102,0.25,8.00%,,0.205,0.271,0.307,0.578,51,,80.90%,31.80%
Richie Martin Jr.,Orioles,24,,-20.9,-0.1,-1,,120,309,,6,29,23,10,,4.50%,26.90%,0.113,0.272,10.20%,,0.208,0.26,0.322,0.581,51,,74.40%,24.90%
Billy Hamilton,- - -,28,,-16.8,8.8,0.4,,119,353,,0,41,15,22,,9.10%,24.60%,0.057,0.299,0.00%,,0.218,0.289,0.275,0.564,50,,78.50%,23.60%
J.T. Riddle,Marlins,27,,-8.7,-2.2,-0.6,,51,139,,6,15,12,0,,3.60%,30.20%,0.182,0.226,20.00%,,0.189,0.23,0.371,0.601,54,,67.30%,43.30%
Chris Herrmann,Athletics,31,,-5.9,-0.2,-0.3,,30,94,,1,9,8,0,,9.60%,30.90%,0.071,0.296,8.30%,,0.202,0.28,0.274,0.553,54,,71.60%,39.30%
Isan Diaz,Marlins,23,,-15.6,-4.2,-1.3,,49,201,,5,17,23,0,,9.50%,29.40%,0.134,0.224,9.30%,,0.173,0.259,0.307,0.566,53,,73.50%,39.70%
Pat Valaika,Rockies,26,,-7.3,1.2,-0.3,,40,86,,1,11,4,0,,8.10%,39.50%,0.127,0.318,5.00%,,0.19,0.256,0.316,0.572,34,,62.40%,24.40%
Nick Hundley,Athletics,35,,-6.5,1.2,-0.3,,31,73,,2,5,5,0,,2.70%,24.70%,0.157,0.24,8.30%,,0.2,0.233,0.357,0.59,53,,79.10%,34.60%
Travis Shaw,Brewers,29,,-19.2,2.2,-0.8,,86,270,,7,22,16,0,,13.30%,33.00%,0.113,0.216,10.10%,,0.157,0.281,0.27,0.551,47,,70.80%,35.50%
Bubba Starling,Royals,26,,-12,0.2,-0.5,,56,197,,4,26,12,2,,4.60%,28.40%,0.102,0.286,9.30%,,0.215,0.255,0.317,0.572,47,,71.50%,29.00%
Zack Wheeler,Mets,29,,-4,7.9,0.6,,31,64,,1,5,6,0,,3.10%,29.70%,0.088,0.297,14.30%,,0.211,0.262,0.298,0.561,53,,72.10%,12.20%
Jon Lester,Cubs,35,,-3.7,6.5,0.4,,32,53,,1,6,6,0,,9.40%,37.70%,0.104,0.296,14.30%,,0.188,0.264,0.292,0.556,47,,70.90%,39.30%
Lucas Duda,Royals,33,,-10,-3.7,-0.9,,39,119,,4,7,15,0,,9.20%,26.90%,0.152,0.197,10.80%,,0.171,0.252,0.324,0.576,46,,73.50%,41.30%
Jacob deGrom,Mets,31,,-4.5,8.6,0.6,,33,70,,2,4,6,0,,5.70%,27.10%,0.123,0.25,14.30%,,0.2,0.246,0.323,0.569,52,,66.40%,25.50%
Grayson Greiner,Tigers,26,,-16.1,-1.1,-0.9,,58,229,,5,18,19,0,,5.70%,30.60%,0.103,0.281,10.40%,,0.207,0.254,0.31,0.564,46,,69.40%,40.70%
Nicky Delmonico,White Sox,26,,-4.7,-2.8,-0.5,,21,68,,1,6,6,0,,5.90%,36.80%,0.079,0.324,7.10%,,0.206,0.265,0.286,0.55,49,,62.20%,26.30%
Martin Prado,Marlins,35,,-19.4,-1.2,-1.2,,104,260,,2,26,15,0,,4.60%,15.80%,0.061,0.268,3.40%,,0.233,0.265,0.294,0.559,49,,87.50%,35.80%
Austin Hedges,Padres,26,,-24,27.3,1.4,,102,347,,11,28,36,1,,7.80%,31.40%,0.135,0.228,11.80%,,0.176,0.252,0.311,0.563,47,,68.20%,31.60%
German Marquez,Rockies,24,,-5.4,7.1,0.4,,29,58,,0,5,11,0,,0.00%,24.10%,0.125,0.324,0.00%,,0.229,0.229,0.354,0.583,30,,72.00%,22.70%
Jose Rondon,- - -,25,,-11.3,-0.5,-0.6,,56,157,,3,10,9,0,,7.00%,24.20%,0.084,0.245,9.40%,,0.196,0.263,0.28,0.543,48,,76.60%,27.40%
Scooter Gennett,- - -,29,,-10.2,0.9,-0.5,,42,139,,2,15,11,0,,1.40%,29.50%,0.098,0.304,6.70%,,0.226,0.245,0.323,0.568,45,,76.70%,35.50%
Jonathan Davis,Blue Jays,27,,-5.5,0.7,-0.1,,37,95,,2,8,6,3,,5.30%,25.30%,0.084,0.224,9.10%,,0.181,0.266,0.265,0.531,45,,77.40%,21.30%
Sandy Leon,Red Sox,30,,-14.9,5.8,-0.2,,65,191,,5,14,19,0,,6.80%,24.60%,0.105,0.231,8.90%,,0.192,0.251,0.297,0.548,40,,81.60%,25.40%
Daniel Descalso,Cubs,32,,-15.6,1.2,-0.8,,82,194,,2,20,15,2,,11.90%,29.40%,0.077,0.245,5.30%,,0.173,0.271,0.25,0.521,42,,72.50%,31.90%
Meibrys Viloria,Royals,22,,-13.2,-1.5,-0.9,,42,148,,1,7,15,0,,6.80%,29.70%,0.075,0.293,4.30%,,0.211,0.259,0.286,0.544,40,,71.70%,31.90%
Max Fried,Braves,25,,-5.2,8,0.5,,40,65,,0,11,4,0,,7.70%,24.60%,0.071,0.275,0.00%,,0.196,0.262,0.268,0.53,40,,81.60%,34.10%
Yangervis Solarte,Giants,31,,-5.9,0.3,-0.3,,28,78,,1,9,7,0,,5.10%,20.50%,0.11,0.25,10.00%,,0.205,0.247,0.315,0.562,45,,82.10%,22.40%
Tim Federowicz,Rangers,31,,-7,2.4,-0.2,,29,83,,4,6,7,1,,6.00%,37.30%,0.187,0.2,25.00%,,0.16,0.213,0.347,0.559,33,,64.40%,42.60%
Mike Zunino,Rays,28,,-19.8,12.3,0.3,,90,289,,9,30,32,0,,6.90%,33.90%,0.147,0.22,11.70%,,0.165,0.232,0.312,0.544,45,,63.60%,38.70%
Brendan Rodgers,Rockies,22,,-7.6,-1.7,-0.6,,25,81,,0,8,7,0,,4.90%,33.30%,0.026,0.347,0.00%,,0.224,0.272,0.25,0.522,25,,71.40%,30.60%
Eduardo Nunez,Red Sox,32,,-15.4,-1.3,-1,,60,174,,2,13,20,5,,2.30%,15.50%,0.078,0.257,5.10%,,0.228,0.243,0.305,0.548,36,,83.50%,25.90%
Matt Skole,White Sox,29,,-5.9,-2.1,-0.5,,27,80,,0,7,6,0,,8.80%,38.80%,0.028,0.357,0.00%,,0.208,0.275,0.236,0.511,41,,70.40%,14.30%
Kenta Maeda,Dodgers,31,,-4.7,7.5,0.5,,41,61,,0,3,6,0,,0.00%,21.30%,0.042,0.343,0.00%,,0.25,0.25,0.292,0.542,42,,82.00%,12.50%
Jesus Sucre,Orioles,31,,-5.9,1.5,-0.2,,21,67,,0,3,3,0,,6.00%,19.40%,0.032,0.265,0.00%,,0.21,0.269,0.242,0.511,37,,89.70%,30.60%
Mac Williamson,- - -,28,,-11.4,0.9,-0.5,,40,144,,4,13,17,2,,9.70%,30.60%,0.102,0.2,17.40%,,0.156,0.25,0.258,0.508,42,,67.90%,31.00%
Austin Allen,Padres,25,,-5.9,0.7,-0.3,,34,71,,0,4,3,0,,8.50%,29.60%,0.062,0.318,0.00%,,0.215,0.282,0.277,0.559,39,,73.90%,27.30%
Keon Broxton,- - -,29,,-18.2,2.3,-0.8,,100,228,,6,24,16,10,,8.80%,45.60%,0.108,0.292,18.20%,,0.167,0.242,0.275,0.517,38,,57.10%,30.10%
Brett Phillips,Royals,25,,-5.6,5.1,0.2,,30,79,,2,7,6,3,,12.70%,29.10%,0.123,0.167,11.10%,,0.138,0.247,0.262,0.508,35,,73.20%,39.10%
Blake Swihart,- - -,27,,-8.2,0.1,-0.5,,43,99,,4,13,13,0,,6.10%,36.40%,0.141,0.212,21.10%,,0.163,0.222,0.304,0.527,34,,70.10%,28.60%
Tomas Nido,Mets,25,,-13.6,4.6,-0.4,,50,144,,4,9,14,0,,4.90%,25.70%,0.125,0.232,13.80%,,0.191,0.231,0.316,0.547,40,,66.00%,33.00%
Austin Wynns,Orioles,28,,-6.1,0.3,-0.3,,28,74,,1,8,5,0,,4.10%,18.90%,0.057,0.255,7.10%,,0.214,0.247,0.271,0.518,34,,80.20%,33.30%
Jedd Gyorko,- - -,30,,-8.9,-1.3,-0.7,,62,101,,2,6,9,2,,8.90%,23.80%,0.076,0.212,7.40%,,0.174,0.248,0.25,0.498,36,,75.40%,42.70%
Steve Pearce,Red Sox,36,,-9.8,-3,-0.9,,29,99,,1,9,9,0,,7.10%,31.30%,0.079,0.259,4.80%,,0.18,0.245,0.258,0.503,29,,70.50%,27.10%
Scott Schebler,Reds,28,,-10,0.4,-0.6,,30,95,,2,11,7,0,,14.70%,28.40%,0.099,0.154,12.50%,,0.123,0.253,0.222,0.475,30,,73.80%,27.80%
Humberto Arteaga,Royals,25,,-11.5,0,-0.7,,41,135,,0,11,4,1,,5.90%,20.70%,0.033,0.255,0.00%,,0.197,0.258,0.23,0.487,30,,78.80%,26.80%
Yonathan Daza,Rockies,25,,-11.2,0.3,-0.7,,44,105,,0,7,3,1,,6.70%,20.00%,0.031,0.26,0.00%,,0.206,0.257,0.237,0.494,17,,78.70%,24.70%
Yadiel Rivera,Marlins,27,,-4.8,-1.8,-0.4,,34,66,,0,8,3,2,,9.10%,30.30%,0.033,0.275,0.00%,,0.183,0.258,0.217,0.474,33,,62.90%,30.00%
Steven Matz,Mets,28,,-5.4,7.5,0.4,,36,61,,1,4,1,0,,0.00%,27.90%,0.053,0.308,9.10%,,0.228,0.228,0.281,0.509,34,,76.90%,25.00%
Wilfredo Tovar,Angels,27,,-7.2,3.6,0,,31,88,,0,5,5,0,,5.70%,17.00%,0.06,0.235,0.00%,,0.193,0.239,0.253,0.492,31,,87.90%,30.90%
Jake Rogers,Tigers,24,,-13.2,2.5,-0.6,,35,128,,4,11,8,0,,10.20%,39.80%,0.134,0.175,14.80%,,0.125,0.222,0.259,0.481,27,,70.60%,28.60%
Madison Bumgarner,Giants,29,,-7.1,9.3,0.5,,37,76,,2,4,4,0,,11.80%,52.60%,0.095,0.286,20.00%,,0.127,0.236,0.222,0.458,29,,53.50%,44.40%
Kevin Kramer,Pirates,25,,-5.1,-1.2,-0.5,,22,50,,0,5,5,0,,12.00%,34.00%,0.024,0.259,0.00%,,0.167,0.26,0.19,0.45,26,,78.50%,44.40%
Josh Harrison,Tigers,31,,-15.3,3.6,-0.6,,36,147,,1,10,8,4,,4.10%,18.40%,0.088,0.207,2.00%,,0.175,0.218,0.263,0.48,22,,76.10%,27.70%
Matt Kemp,Reds,34,,-6.9,-3.3,-0.8,,20,62,,1,4,5,0,,1.60%,30.60%,0.083,0.268,6.30%,,0.2,0.21,0.283,0.493,20,,60.80%,40.50%
Lewis Brinson,Marlins,25,,-25.7,0.5,-1.7,,75,248,,0,15,15,1,,5.20%,29.80%,0.049,0.255,0.00%,,0.173,0.236,0.221,0.457,25,,69.70%,40.00%
Jack Mayfield,Astros,28,,-5.8,1.3,-0.2,,26,65,,2,8,5,0,,1.50%,24.60%,0.172,0.174,9.10%,,0.156,0.169,0.328,0.497,23,,77.70%,33.30%
Gorkys Hernandez,Red Sox,31,,-5.7,1.1,-0.2,,20,57,,0,5,2,1,,8.80%,24.60%,0.102,0.194,0.00%,,0.143,0.218,0.245,0.463,16,,70.20%,26.30%
Hyun-Jin Ryu,Dodgers,32,,-6.9,8.2,0.3,,30,67,,1,3,3,0,,6.00%,34.30%,0.078,0.259,14.30%,,0.157,0.218,0.235,0.453,23,,78.40%,25.00%
Chris Owings,- - -,27,,-20.9,6.1,-0.8,,67,196,,3,13,14,5,,7.10%,39.80%,0.094,0.222,10.70%,,0.139,0.209,0.233,0.443,13,,67.10%,39.20%
Jack Flaherty,Cardinals,23,,-7.5,8.1,0.3,,38,66,,0,4,4,1,,3.00%,25.80%,0.056,0.263,0.00%,,0.185,0.211,0.241,0.451,17,,75.80%,23.40%
Luke Maile,Blue Jays,28,,-13,4.6,-0.4,,45,129,,2,9,9,1,,6.20%,25.60%,0.084,0.19,6.90%,,0.151,0.205,0.235,0.44,14,,79.40%,28.40%
Nick Williams,Phillies,25,,-12.4,-0.8,-0.9,,67,112,,2,9,5,0,,3.60%,38.40%,0.094,0.23,10.00%,,0.151,0.196,0.245,0.442,12,,73.00%,31.80%
Jeff Mathis,Rangers,36,,-31.3,0.8,-2.1,,88,244,,2,17,12,1,,6.10%,35.70%,0.066,0.243,3.70%,,0.158,0.209,0.224,0.433,2,,67.60%,32.40%
Corban Joseph,- - -,30,,-8.1,-0.6,-0.6,,28,68,,1,5,7,0,,4.40%,17.60%,0.094,0.173,5.00%,,0.156,0.191,0.25,0.441,14,,85.70%,35.90%
Tyler Saladino,Brewers,29,,-8,1.9,-0.4,,28,71,,2,7,8,2,,7.00%,36.60%,0.092,0.162,18.20%,,0.123,0.197,0.215,0.413,7,,66.70%,41.00%
Stephen Strasburg,Nationals,30,,-10,9.8,0.2,,34,80,,1,4,10,0,,3.80%,31.30%,0.056,0.239,16.70%,,0.167,0.2,0.222,0.422,6,,74.80%,25.00%
Joe Musgrove,Pirates,26,,-7.5,7.5,0.2,,46,61,,0,8,3,0,,3.30%,31.10%,0.078,0.25,0.00%,,0.157,0.189,0.235,0.424,7,,66.40%,32.50%
Max Stassi,- - -,28,,-19.2,10.8,-0.3,,51,147,,1,7,5,0,,8.20%,33.30%,0.03,0.202,3.60%,,0.136,0.211,0.167,0.378,5,,69.60%,45.90%
Adam Wainwright,Cardinals,37,,-7.4,7.3,0.2,,31,59,,0,6,2,0,,3.40%,33.90%,0.06,0.258,0.00%,,0.16,0.189,0.22,0.409,5,,66.70%,21.60%
Daniel Palka,White Sox,27,,-12.1,-4.8,-1.3,,30,93,,2,4,4,0,,8.60%,37.60%,0.071,0.149,10.50%,,0.107,0.194,0.179,0.372,2,,65.50%,20.40%
Sonny Gray,Reds,29,,-8.4,7.4,0.1,,34,60,,0,3,3,0,,3.30%,31.70%,0.043,0.259,0.00%,,0.152,0.188,0.196,0.383,-5,,75.00%,30.80%
Erik Kratz,- - -,39,,-7.2,1.7,-0.4,,21,53,,1,1,3,0,,3.80%,26.40%,0.102,0.118,6.30%,,0.102,0.17,0.204,0.374,-1,,74.50%,28.60%
Aaron Nola,Phillies,26,,-9.7,8.6,0.1,,34,70,,0,6,2,0,,8.60%,50.00%,0.034,0.292,0.00%,,0.119,0.2,0.153,0.353,-4,,84.40%,31.00%
Franklin Barreto,Athletics,23,,-6.8,-1,-0.6,,23,58,,2,6,5,1,,1.70%,39.70%,0.14,0.156,16.70%,,0.123,0.138,0.263,0.401,-2,,59.50%,26.50%
Kyle Hendricks,Cubs,29,,-8.9,7.9,0.1,,31,64,,0,1,5,0,,3.10%,45.30%,0.019,0.32,0.00%,,0.148,0.193,0.167,0.36,-6,,65.60%,9.40%
Cedric Mullins II,Orioles,24,,-10.1,-0.3,-0.8,,22,74,,0,7,4,1,,5.40%,18.90%,0.063,0.118,0.00%,,0.094,0.181,0.156,0.337,-12,,76.10%,18.90%
Max Scherzer,Nationals,34,,-8.7,7.5,0.1,,29,61,,0,6,2,2,,0.00%,44.30%,0,0.357,0.00%,,0.182,0.182,0.182,0.364,-13,,66.00%,26.50%
Zach Davies,Brewers,26,,-8.1,6.8,0,,35,55,,0,3,3,0,,1.80%,45.50%,0.038,0.296,0.00%,,0.154,0.17,0.192,0.362,-12,,73.20%,27.60%
Jake Arrieta,Phillies,33,,-7.5,6.1,0,,24,50,,0,2,4,0,,2.00%,38.00%,0.022,0.269,0.00%,,0.156,0.174,0.178,0.352,-13,,62.80%,30.00%
Isaac Galloway,Marlins,29,,-7,0.8,-0.4,,19,54,,0,6,1,2,,0.00%,31.50%,0.019,0.243,0.00%,,0.167,0.167,0.185,0.352,-10,,67.00%,27.00%
Zack Cozart,Angels,33,,-15.5,2.3,-0.9,,38,107,,0,4,7,0,,4.70%,15.00%,0.021,0.143,0.00%,,0.124,0.178,0.144,0.322,-14,,84.60%,31.00%
Anthony Bemboom,- - -,29,,-8.1,4.1,-0.2,,25,56,,1,2,4,0,,1.80%,37.50%,0.074,0.188,6.30%,,0.13,0.145,0.204,0.349,-15,,71.70%,23.50%
Zach Eflin,Phillies,25,,-8.2,6.4,0,,32,52,,0,3,2,0,,0.00%,51.90%,0.02,0.348,0.00%,,0.16,0.16,0.18,0.34,-19,,53.00%,20.00%
Noah Syndergaard,Mets,26,,-10.4,8.5,0,,32,69,,2,6,2,0,,4.30%,68.10%,0.108,0.25,25.00%,,0.092,0.132,0.2,0.332,-14,,45.50%,31.60%
Aaron Altherr,- - -,28,,-10.6,-0.9,-0.9,,49,66,,1,8,3,0,,4.50%,37.90%,0.082,0.111,6.30%,,0.082,0.136,0.164,0.3,-23,,65.70%,24.30%
Walker Buehler,Dodgers,24,,-10.9,8.1,-0.1,,30,66,,1,5,2,0,,6.10%,50.00%,0.051,0.16,16.70%,,0.085,0.143,0.136,0.278,-25,,62.80%,20.70%
Miles Mikolas,Cardinals,30,,-10.6,7.6,-0.1,,32,62,,0,1,2,0,,0.00%,43.50%,0.017,0.25,0.00%,,0.136,0.136,0.153,0.288,-30,,53.70%,28.60%
Braden Bishop,Mariners,25,,-10,1.9,-0.6,,27,60,,0,3,4,0,,5.00%,35.00%,0,0.171,0.00%,,0.107,0.153,0.107,0.26,-30,,71.90%,19.40%
Jeff Samardzija,Giants,34,,-9.8,6.9,-0.1,,32,56,,0,1,1,0,,0.00%,53.60%,0.04,0.3,0.00%,,0.12,0.12,0.16,0.28,-32,,56.20%,26.90%
Mike Soroka,Braves,21,,-11.8,7.7,-0.2,,29,63,,0,2,3,0,,3.20%,34.90%,0,0.133,0.00%,,0.077,0.143,0.077,0.22,-41,,70.80%,8.10%
Patrick Corbin,Nationals,29,,-13.6,8.8,-0.2,,33,72,,0,3,4,0,,4.20%,37.50%,0.015,0.158,0.00%,,0.092,0.132,0.108,0.24,-43,,70.60%,11.90%
Clayton Kershaw,Dodgers,31,,-12,8,-0.2,,29,65,,0,1,1,0,,1.50%,24.60%,0.02,0.152,0.00%,,0.102,0.12,0.122,0.242,-39,,76.10%,20.80%
Sandy Alcantara,Marlins,23,,-11.9,7.7,-0.2,,32,63,,0,2,4,0,,1.60%,73.00%,0.017,0.417,0.00%,,0.086,0.117,0.103,0.22,-43,,39.60%,26.70%
Anibal Sanchez,Nationals,35,,-11.1,6.9,-0.2,,30,56,,0,1,1,0,,0.00%,42.90%,0,0.214,0.00%,,0.115,0.115,0.115,0.231,-50,,62.80%,12.50%
Julio Teheran,Braves,28,,-11.9,7.4,-0.3,,35,60,,0,1,4,0,,0.00%,40.00%,0.018,0.188,0.00%,,0.109,0.107,0.127,0.234,-50,,67.70%,25.00%
Yu Darvish,Cubs,32,,-12.3,7.6,-0.3,,31,62,,0,1,3,0,,3.20%,50.00%,0,0.192,0.00%,,0.089,0.119,0.089,0.208,-50,,69.40%,17.20%
Anthony DeSclafani,Reds,29,,-11.6,7,-0.3,,31,57,,0,0,1,0,,0.00%,49.10%,0,0.222,0.00%,,0.109,0.109,0.109,0.218,-54,,60.20%,31.00%
Jon Gray,Rockies,27,,-13,7.3,-0.4,,27,59,,0,1,1,0,,5.10%,37.30%,0,0.12,0.00%,,0.064,0.12,0.064,0.184,-67,,58.30%,14.70%
Luis Castillo,Reds,26,,-13.7,8.1,-0.3,,32,66,,0,3,0,0,,0.00%,48.50%,0.016,0.2,0.00%,,0.097,0.097,0.113,0.21,-57,,64.20%,2.90%
Jose Quintana,Cubs,30,,-13,7.7,-0.3,,32,63,,0,2,3,0,,0.00%,42.90%,0.019,0.185,0.00%,,0.093,0.093,0.111,0.204,-57,,60.60%,8.30%
Dakota Hudson,Cardinals,24,,-12.3,7.3,-0.3,,33,59,,0,1,2,0,,0.00%,40.70%,0,0.148,0.00%,,0.078,0.096,0.078,0.175,-58,,71.80%,11.80%
Joey Lucchesi,Padres,26,,-11.9,6.6,-0.3,,30,54,,0,0,1,0,,1.90%,66.70%,0,0.25,0.00%,,0.063,0.082,0.063,0.144,-67,,54.80%,17.70%
Robbie Ray,Diamondbacks,27,,-13.7,7.4,-0.4,,34,60,,0,1,3,0,,0.00%,46.70%,0,0.148,0.00%,,0.073,0.073,0.073,0.145,-73,,54.50%,21.90%
Merrill Kelly,Diamondbacks,30,,-14.8,7.4,-0.5,,32,60,,0,3,2,0,,3.30%,41.70%,0,0.037,0.00%,,0.019,0.056,0.019,0.075,-87,,72.20%,18.20%
