Name,BBE,,LA,SwSp%,,EV Max,EV Avg,EV FB/LD,EV GB,,Dist Max,Dist Avg,Dist Avg HR,,95+,95+ %,,Barrels,Barrels / BBE %,Barrels / PA %
Andrew Cashner,437,,9.5,31.6,,120.6,89.3,94.4,85.8,,441,167,407,,178,40.7,,35,8,5.9
Ivan Nova,586,,10.3,34.5,,118.9,88.5,93.8,84.6,,440,161,396,,231,39.6,,45,7.7,6.1
Rogelio Armenteros,52,,14.2,32.7,,118.9,86,91.4,82.7,,398,173,398,,15,28.8,,2,3.8,2.7
Chance Adams,82,,14.7,30.5,,118.7,88.9,91.9,85.5,,411,184,385,,27,32.9,,8,9.8,7
Cole Hamels,395,,10.6,29.9,,118.3,89.2,94.6,85.3,,454,165,410,,160,40.5,,30,7.6,5.1
Domingo German,382,,14.8,37.7,,118.3,89.1,94.1,84.5,,441,190,395,,153,40.1,,34,8.9,6
Mike Morin,151,,13.2,36.4,,118.3,85.1,90.4,80.8,,412,173,387,,39,26.2,,7,4.6,3.8
Alex Cobb,50,,6.4,42,,118.1,94.9,104.1,87.6,,438,184,411,,30,60,,13,26,21.7
Reggie McClain,55,,-2.1,27.3,,117.9,92.3,94.2,91.1,,385,119,357,,26,47.3,,3,5.5,4
Jeff Samardzija,486,,16.2,35,,117.9,89,93.6,84.5,,440,193,405,,181,37.3,,41,8.4,6.2
Scott Barlow,158,,14.9,36.1,,117.9,87.4,92,82.4,,470,198,406,,56,35.4,,11,7,4
Zack Wheeler,520,,10.5,34.4,,117.6,86.5,90.5,83.4,,447,165,405,,171,32.9,,30,5.8,4
Ross Stripling,241,,10.2,23.7,,117.4,88.4,93.9,85.8,,415,155,401,,92,38.2,,17,7.1,4.9
Tyler Chatwood,197,,5.4,36,,117,87.1,89.9,86.8,,418,141,390,,70,35.5,,6,3,1.9
Lucas Giolito,405,,17.2,37,,117,87.7,92.7,84.1,,473,182,406,,140,34.6,,37,9.1,5.4
Tyler Alexander,125,,15.9,32,,116.8,89.7,94.7,85.1,,450,187,399,,46,36.8,,9,7.2,5.4
Adam Kolarek,160,,0.3,23.8,,116.8,86.8,92.2,85.1,,430,117,385,,56,35,,10,6.3,4.5
Heath Fillmyer,64,,14.6,32.8,,116.6,93.2,94.6,94.7,,396,175,375,,31,49.2,,6,9.4,7.5
Taylor Rogers,156,,8,28.8,,116.4,86.6,92.2,82.9,,419,153,400,,44,29.3,,12,7.7,4.8
Clayton Richard,157,,5.3,30.6,,116.4,91.7,94,91.5,,439,141,398,,78,49.7,,15,9.6,7.5
Joe Biagini,191,,9,38.2,,116.3,88.2,92.8,84.3,,448,168,402,,64,33.5,,17,8.9,6.2
Ryne Stanek,184,,17.4,38,,116.3,89.5,94.6,83.7,,442,206,413,,72,39.3,,17,9.2,5.8
Kyle Freeland,335,,9.3,34.3,,116.3,89,93,86.5,,451,168,406,,134,40.1,,31,9.3,6.9
German Marquez,506,,6.3,34.2,,116.3,90.2,93.6,87.6,,469,160,407,,218,43.1,,40,7.9,5.5
Jack Flaherty,422,,15.4,34.4,,116.3,86.4,91.6,83.1,,431,182,399,,135,32,,30,7.1,4.5
Jose Suarez,230,,15,37,,116.2,87.5,93,83.4,,451,185,395,,84,36.5,,20,8.7,6.1
Jon Gray,427,,7.5,31.6,,116.2,88.9,92.9,87,,470,151,407,,186,43.6,,25,5.9,3.9
Alex Colome,147,,9.7,34,,116.1,90.7,93.8,87.9,,408,175,401,,60,40.8,,14,9.5,6.5
Rick Porcello,530,,15.7,35.1,,116.1,88.1,93.7,82.8,,452,186,396,,195,36.8,,53,10,7.5
Adam Plutko,317,,20.1,36.3,,116,88.1,92.3,84.8,,449,200,398,,101,31.9,,22,6.9,5.4
Tyler Webb,131,,15.1,34.4,,116,85.7,90.4,81.9,,414,176,395,,38,29.5,,7,5.3,3.6
Joakim Soria,167,,14.1,36.5,,116,87.4,93.7,82,,467,180,413,,58,35.8,,16,9.6,6.1
Wade Davis,128,,14.8,37.5,,115.9,89.4,91.6,88.6,,449,175,414,,44,34.4,,10,7.8,5.1
Luke Jackson,168,,1.7,27.4,,115.9,87.9,92.6,85.9,,446,131,415,,58,34.5,,13,7.7,4.5
Alex Wood,113,,12,42.5,,115.9,87.8,92.6,82,,463,189,395,,38,33.6,,11,9.7,7.2
Tanner Anderson,79,,8.1,27.8,,115.9,88.6,97.6,84.5,,427,148,400,,34,43,,9,11.4,8.6
Ariel Jurado,405,,9.1,34.3,,115.8,88.9,93.8,85.2,,447,167,404,,173,42.9,,41,10.1,7.8
Jake McGee,125,,15.9,43.2,,115.8,89.3,94.6,84.7,,443,211,403,,50,40,,12,9.6,7.1
Edwin Jackson,219,,10.5,41.1,,115.7,90.7,95.2,86.4,,450,187,393,,95,43.4,,27,12.3,9.2
Jordan Zimmermann,337,,13.1,37.7,,115.6,89.3,94.2,85.6,,458,182,396,,129,38.3,,31,9.2,7.1
Chad Bettis,219,,2.2,26.5,,115.6,89.6,95.9,87.4,,425,123,396,,90,41.1,,12,5.5,4.2
Yu Darvish,397,,12,32.5,,115.5,88.2,93.7,84,,459,174,404,,153,38.5,,31,7.8,4.8
Mychal Givens,125,,14,41.6,,115.5,88.8,94.2,83.2,,458,190,409,,50,40,,12,9.6,5.3
Brad Peacock,242,,14.3,31,,115.5,89.9,93,87.7,,481,183,408,,99,41.3,,18,7.4,4.9
Dylan Covey,194,,10.5,38.7,,115.5,88.5,93.2,84.1,,437,176,394,,73,37.6,,20,10.3,7.7
David Hess,258,,17.7,44.2,,115.4,91.4,95.9,86.4,,443,208,398,,127,49.2,,35,13.6,9.9
Pedro Strop,94,,8.8,30.9,,115.4,89.2,94.9,86.3,,454,153,415,,35,37.6,,9,9.6,5.8
Trent Thornton,422,,16.3,40,,115.4,87.9,92.8,82.1,,463,194,400,,156,37,,31,7.3,5
Hyun-Jin Ryu,478,,6,32.4,,115.3,85.2,90.5,81.4,,438,150,401,,149,31.2,,23,4.8,3.5
John Means,416,,19.6,36.3,,115.3,87.3,90.8,83,,446,198,402,,128,30.8,,27,6.5,4.8
Gerrit Cole,387,,13.2,33.1,,115.2,87.2,92.5,82.4,,443,176,395,,137,35.4,,24,6.2,3.4
Jose Berrios,534,,13.7,33.5,,115.2,86.6,91.5,83,,441,171,404,,173,32.4,,34,6.4,4.5
Chris Martin,139,,7.8,33.1,,115.2,88.3,91.5,86.2,,443,165,405,,54,38.8,,12,8.6,5.9
Nathan Eovaldi,150,,10.7,30.7,,115.2,91.2,93.8,89.5,,438,164,386,,62,41.3,,13,8.7,5.6
Yusei Kikuchi,495,,12.1,31.9,,115.1,88.6,92.9,86.5,,462,166,397,,183,38.1,,39,7.9,5.9
Brett Anderson,568,,4.5,30.5,,115.1,88.9,94.6,85.7,,455,142,417,,228,40.1,,42,7.4,6
Drew VerHagen,146,,9.9,28.8,,115.1,89.4,93.6,88.5,,426,148,389,,58,39.7,,10,6.8,4.7
Gregory Soto,179,,7.7,31.3,,115.1,90.5,93.3,88.4,,441,166,389,,74,42.3,,17,9.5,7
Trevor Cahill,316,,9.6,29.1,,115.1,88.8,93.9,85.7,,438,165,398,,117,38.7,,26,8.2,6
Tanner Roark,457,,14.6,37.9,,115.1,88.5,92.1,85.3,,462,182,405,,161,36.8,,36,7.9,5.4
Sonny Gray,401,,7.9,31.4,,115.1,87.1,92,84.3,,425,151,409,,128,33.2,,27,6.7,4.1
Giovanny Gallegos,144,,19,31.9,,115,88.7,92.6,85.5,,440,192,409,,53,37.1,,13,9,5.3
Patrick Corbin,460,,8.6,32,,115,89.4,95,84.9,,462,171,420,,183,39.8,,43,9.3,5.9
Luke Weaver,169,,13.9,35.5,,115,89.2,94.3,86.5,,446,180,402,,70,41.4,,11,6.5,4.3
Brian Johnson,123,,13.3,32.5,,114.9,88.5,92.8,85.5,,423,188,386,,46,37.4,,10,8.1,6.1
Matthew Boyd,443,,18.5,34.3,,114.9,88.5,92.3,85.7,,446,194,396,,156,35.5,,41,9.3,5.7
Jacob Waguespack,198,,13.4,34.8,,114.9,88.4,92.8,85.8,,436,173,404,,73,36.9,,15,7.6,5.5
Shelby Miller,157,,13.7,34.4,,114.9,89.6,93,86.8,,472,188,423,,61,39.1,,12,7.6,5.5
Tommy Milone,294,,15.2,40.5,,114.8,86.8,92.3,80.5,,458,196,405,,88,31.4,,31,10.5,7.7
Tyler Beede,320,,12,33.4,,114.8,91.1,94.8,88.2,,433,182,407,,141,44.1,,27,8.4,5.8
Blake Parker,147,,13.9,41.5,,114.7,88.5,92.9,85.7,,444,184,405,,60,40.8,,12,8.2,5.2
Scott Oberg,142,,6.9,28.9,,114.7,87.2,92.9,84.2,,439,150,412,,52,36.6,,9,6.3,4
Homer Bailey,444,,12.3,32.2,,114.7,89.9,93.4,88,,436,169,393,,171,38.6,,27,6.1,4.3
Jalen Beeks,318,,10.1,34.9,,114.7,87.8,93.1,83.8,,443,167,408,,114,35.8,,24,7.5,5.3
Dan Straily,179,,21.6,41.3,,114.7,91.4,94.6,89.2,,447,226,404,,87,48.6,,29,16.2,12.3
Adam Warren,86,,7.5,38.4,,114.6,86.4,91.9,79.9,,449,183,395,,30,34.9,,7,8.1,5.6
Dakota Hudson,486,,2.8,31.9,,114.6,88.6,94.6,85.8,,448,136,406,,187,38.5,,33,6.8,4.8
Jimmy Yacabonis,134,,15.6,38.1,,114.6,90.7,95.2,86.9,,455,189,419,,54,40.3,,15,11.2,7.8
Jesse Chavez,238,,12.9,34.5,,114.5,87.7,93.4,83,,433,175,408,,82,34.5,,21,8.8,6.2
A.J. Minter,88,,11.2,38.6,,114.5,87.4,92.5,81.4,,422,193,402,,30,34.1,,5,5.7,3.4
Corbin Burnes,136,,9.8,36.8,,114.4,89,92.7,86.6,,453,169,407,,55,40.7,,17,12.5,7.6
Zack Littell,83,,13.5,42.2,,114.4,92.8,95.3,92,,424,176,406,,43,51.8,,8,9.6,7
Roenis Elias,150,,14.9,41.3,,114.4,88,93.2,81.6,,416,198,392,,53,37.3,,14,9.3,6.5
David Hernandez,124,,19.1,38.7,,114.4,88.1,91.1,84.2,,433,209,399,,43,35.2,,11,8.9,5.5
Jake Odorizzi,397,,17.2,36.5,,114.4,88,92.2,84.5,,462,189,397,,142,35.9,,32,8.1,5.2
Oliver Drake,113,,8.1,28.3,,114.4,88.8,94.3,85.5,,429,157,387,,45,40.2,,9,8,4.9
Spencer Turnbull,379,,9.7,34,,114.4,89.3,93.8,86.5,,444,164,387,,154,40.7,,25,6.6,4.4
Kyle Ryan,151,,5.9,27.8,,114.4,88.6,91.3,88.1,,399,141,372,,64,42.4,,4,2.6,1.8
Jameson Taillon,118,,7,33.1,,114.4,87.7,93.1,84,,397,153,384,,47,39.8,,8,6.8,5.1
Noe Ramirez,160,,16.6,35,,114.4,87.2,93.4,80.4,,443,188,389,,49,31.2,,10,6.3,3.9
Mike Leake,611,,11,31.6,,114.4,90.7,94.4,88.7,,463,171,404,,263,43.3,,53,8.7,7
Dillon Peters,194,,12.8,39.7,,114.4,88.5,93.6,83.3,,443,189,393,,75,38.7,,15,7.7,5.6
Erik Swanson,163,,15.9,35,,114.3,91.2,95.3,87.3,,453,191,402,,70,42.9,,21,12.9,9.5
Taylor Clarke,240,,17,31.3,,114.3,89.5,94.3,86,,458,192,406,,96,40.2,,29,12.1,8.8
Zach Plesac,315,,13.7,35.6,,114.3,89.2,92.5,86.5,,442,186,397,,122,38.7,,27,8.6,6.2
Wade Miley,471,,7.4,28.9,,114.3,87.2,91.1,84.4,,441,150,390,,147,32.9,,23,4.9,3.5
Robbie Ray,387,,12.6,39.5,,114.3,86.7,93,80.8,,448,187,411,,146,37.8,,41,10.6,6.1
CC Sabathia,299,,14.7,36.1,,114.3,86.7,90.6,83.6,,432,184,387,,92,31,,26,8.7,6
T.J. McFarland,185,,0.1,30.8,,114.3,87.3,94.3,83.5,,458,126,427,,73,39.9,,12,6.5,5
Mike Soroka,468,,5,31.2,,114.3,87.5,92.1,85,,455,144,405,,177,37.9,,24,5.1,3.8
Chase Anderson,368,,18.1,33.2,,114.3,86.4,91.3,82.3,,457,185,404,,121,33.1,,25,6.8,4.7
Ryne Harper,150,,14.9,40.7,,114.3,88.3,93.2,83.3,,409,190,388,,55,36.7,,10,6.7,4.8
Drew Smyly,304,,17.2,35.5,,114.2,88.8,93.1,84,,458,208,400,,115,38.2,,31,10.2,6.7
Tony Sipp,64,,17.2,37.5,,114.2,88.1,91,85.4,,419,188,419,,22,34.4,,4,6.3,4.3
Jeurys Familia,140,,9.6,31.4,,114.2,87.4,92.3,84.4,,416,159,393,,52,37.7,,9,6.4,3.7
Jose Quintana,498,,11,34.7,,114.2,88.8,92.9,86.1,,468,174,402,,180,37.6,,29,5.8,4.2
Pablo Lopez,284,,9.5,33.5,,114.2,87.2,91.7,84.7,,420,157,397,,103,36.3,,23,8.1,5.8
Brad Hand,136,,20.2,47.8,,114.1,87.7,92,82.5,,427,205,410,,51,37.5,,9,6.6,3.8
Javy Guerra,191,,16.5,33.5,,114.1,89.1,92.9,86.7,,440,194,399,,71,37.2,,14,7.3,5.4
Antonio Senzatela,391,,4.1,32,,114.1,88.5,93.2,86.2,,466,144,412,,166,42.5,,23,5.9,4.5
Aaron Sanchez,410,,8.9,29.5,,114.1,89.6,94.7,86.4,,476,159,400,,170,41.7,,31,7.6,5.1
Trevor Williams,428,,16,35.7,,114.1,87.3,92.3,83.6,,454,189,400,,154,36,,33,7.7,5.8
Nestor Cortes Jr.,182,,17.9,37.9,,114.1,87.6,91.2,84.1,,433,202,392,,60,33,,16,8.8,5.9
Tyson Ross,118,,7,33.9,,114.1,89.2,95.9,85.1,,419,155,386,,51,43.2,,14,11.9,8.6
Tayron Guerrero,116,,14.6,30.2,,114.1,90.6,93.7,89.1,,422,184,395,,48,41.4,,13,11.2,6.6
Max Fried,442,,3.8,32.4,,114,88.9,92.5,86.6,,451,147,392,,177,40,,20,4.5,3.1
Hunter Strickland,53,,19.3,28.3,,114,88.1,91.8,83.3,,413,193,387,,15,30,,5,9.4,6.8
Jake Arrieta,426,,6.3,33.8,,114,88.7,93.9,85.5,,445,151,402,,159,37.3,,29,6.8,4.9
Luis Garcia,170,,9,33.5,,114,87.5,93.5,84.2,,471,166,398,,61,36.1,,13,7.6,5.1
Zack Greinke,539,,10.5,34.9,,114,86.8,92,82.7,,432,167,398,,176,32.7,,36,6.7,4.9
Rafael Montero,61,,12,34.4,,114,85.9,92,79.9,,442,182,401,,16,26.2,,8,13.1,8.8
Marcus Stroman,491,,5.4,27.3,,113.9,87.7,92.9,85.1,,426,139,384,,178,36.4,,23,4.7,3.4
Andrew Suarez,90,,9.5,37.8,,113.9,90,96.6,86.4,,458,171,417,,34,37.8,,14,15.6,11.6
Kevin Gausman,283,,11.7,41,,113.9,87,92,81.7,,432,181,397,,100,35.3,,23,8.1,5.4
Derek Holland,231,,12.1,30.7,,113.9,89.2,95,83.8,,467,183,411,,97,42.5,,29,12.6,8.2
Shane Greene,150,,12,30.7,,113.9,88.5,92.8,86.9,,462,157,424,,56,37.6,,12,8,5.2
Jesse Biddle,100,,9.8,40,,113.8,89.3,92.8,86.7,,465,173,418,,42,43.8,,11,11,7.2
Zack Godley,289,,11.1,37,,113.8,89,93.4,85.8,,469,173,410,,103,35.6,,24,8.3,5.9
Chris Devenski,185,,20.1,36.2,,113.8,88,93.2,83.1,,447,207,387,,66,35.7,,17,9.2,6.1
Kyle Barraclough,90,,13.4,41.1,,113.8,89.9,93.3,85.6,,422,208,400,,41,45.6,,13,14.4,8.9
Sam Gaviglio,258,,10.2,26.7,,113.8,87.9,93.9,83.8,,456,164,400,,88,34.1,,17,6.6,4.7
Elvis Luciano,90,,13.9,31.1,,113.8,89.7,93.9,86.5,,389,180,370,,37,41.1,,7,7.8,5.1
Zach Davies,474,,12.7,36.9,,113.8,87.5,92.6,83.6,,473,180,401,,161,34.1,,34,7.2,5.5
Ross Detwiler,186,,7.3,31.2,,113.7,89.4,95.3,86.1,,447,162,406,,72,38.7,,19,10.2,7.6
Derek Law,151,,8,33.8,,113.7,88.5,92.6,85.8,,445,163,408,,58,38.4,,7,4.6,2.8
Emilio Pagan,137,,20.8,28.5,,113.7,88.7,93.9,85.2,,461,193,391,,44,32.1,,8,5.8,3.4
Adam Cimber,168,,4.3,27.4,,113.7,87,91.3,85.8,,427,139,383,,56,33.3,,8,4.8,3.5
Michael Wacha,363,,9.5,35,,113.7,87.4,93.4,83.2,,482,163,410,,126,35,,29,8,5.6
Ken Giles,94,,16.5,34,,113.7,88.4,94.6,83.9,,446,187,405,,34,36.2,,8,8.5,4.3
Kyle Wright,54,,12.4,44.4,,113.7,90.8,96.7,83.9,,413,191,390,,26,48.1,,6,11.1,7.3
Martin Perez,482,,8.9,32.8,,113.7,85.1,91.7,80.7,,444,151,384,,142,29.5,,24,5,3.6
Anibal Sanchez,457,,14.9,38.3,,113.7,86.2,91.1,81.1,,436,186,404,,125,27.4,,26,5.7,4.1
Tony Watson,173,,11,34.7,,113.7,86.8,92.7,82.8,,456,172,409,,55,31.8,,11,6.4,4.8
Reyes Moronta,140,,18.1,29.3,,113.7,87.2,92.1,85.5,,451,187,418,,50,35.7,,9,6.4,3.7
Kohl Stewart,79,,6.2,30.4,,113.7,88.7,93.9,85.2,,408,148,387,,31,39.7,,5,6.3,5.4
Vince Velasquez,291,,17.5,34,,113.6,89.6,94.1,85.9,,459,203,391,,119,40.9,,31,10.7,6.8
Glenn Sparkman,430,,13.9,38.6,,113.6,90.4,93.8,87.2,,471,195,405,,176,40.9,,33,7.7,6.1
Adam Wainwright,445,,9.5,31.5,,113.6,88,92.4,85.4,,419,159,390,,165,38.6,,31,7,4.8
Archie Bradley,174,,10.9,37.9,,113.6,88.4,93.2,85.2,,423,165,401,,66,37.9,,9,5.2,3.1
Adrian Sampson,393,,14.7,33.1,,113.6,90.6,93.8,89.3,,453,187,403,,186,47.3,,40,10.2,7.5
Tyler Skaggs,227,,15.5,37,,113.6,88.1,91.9,85.8,,472,185,416,,75,33.2,,14,6.2,4.2
Julio Teheran,454,,14.6,30.6,,113.5,88.1,91.4,85.5,,451,182,410,,158,34.8,,30,6.6,4.3
Lance Lynn,517,,13,34.8,,113.5,87.2,91,84.4,,445,177,407,,166,33.1,,27,5.2,3.4
Matt Grace,159,,6.4,36.5,,113.5,90.2,94.7,86.5,,432,169,407,,74,46.5,,19,11.9,9.2
Carlos Estevez,191,,14.9,36.1,,113.5,90.3,92.1,88.9,,464,195,412,,75,39.3,,19,9.9,6.6
Mike Wright,103,,14.8,37.9,,113.5,91,93.9,88.7,,438,178,388,,48,46.6,,8,7.8,5.4
Joe Kelly,132,,1.8,28,,113.5,89.4,95.2,87.2,,429,129,398,,53,41.1,,8,6.1,3.7
Touki Toussaint,120,,13,34.2,,113.5,87.1,90.2,85,,420,170,398,,39,32.5,,10,8.3,5.1
Tyler Duffey,122,,13.9,37.7,,113.5,87.6,92,82.6,,457,181,405,,43,35.2,,9,7.4,4.3
Corey Kluber,112,,13.3,34.8,,113.4,86,93.5,78.1,,414,167,388,,43,38.4,,10,8.9,6
Shane Bieber,491,,12.2,32.8,,113.4,90.3,94,88,,447,171,390,,199,42.3,,41,8.4,5.3
Paul Fry,149,,2.1,28.9,,113.4,87.4,93.4,84.5,,408,131,385,,55,36.9,,8,5.4,3.5
Stephen Strasburg,484,,7.9,30,,113.4,87.2,92,84.3,,458,153,400,,162,33.5,,29,6,3.8
Matt Koch,78,,15.3,38.5,,113.4,91.3,95.2,89.4,,429,202,406,,38,48.7,,8,10.3,8.3
Dylan Bundy,426,,13.3,32.2,,113.4,87.8,92.9,83.7,,452,174,396,,131,30.8,,26,6.1,4.2
Jandel Gustave,64,,13.4,40.6,,113.4,88.5,91,86.7,,381,181,,,23,35.9,,3,4.7,3.8
James Paxton,356,,16.6,36,,113.4,88.9,91.6,88.7,,433,183,392,,140,39.4,,26,7.3,4.4
Wily Peralta,131,,11.6,29.8,,113.4,89.9,92.8,87.6,,436,169,403,,53,40.5,,14,10.7,8
Chad Green,161,,16.8,42.9,,113.3,92.1,96.1,90.1,,446,200,383,,76,47.2,,20,12.4,7.5
Aaron Nola,485,,9.1,32.8,,113.3,88.8,93.6,85.7,,445,161,398,,192,39.6,,32,6.6,4.1
Reynaldo Lopez,510,,18.1,34.7,,113.3,88.8,93,85.4,,505,194,403,,196,38.4,,40,7.8,5.4
Dinelson Lamet,145,,14.8,36.6,,113.3,86.4,91.5,81.1,,455,184,394,,48,33.1,,10,6.9,4.1
Brandon Woodruff,310,,12.8,38.7,,113.3,85.7,89.9,82.7,,450,169,410,,94,30.3,,13,4.2,2.7
Anthony DeSclafani,426,,13.1,35,,113.3,88.4,93.2,84.8,,474,180,404,,160,38.8,,32,7.5,5.1
Steven Matz,433,,10,32.1,,113.3,88.1,92.9,84.8,,482,164,406,,166,38.7,,38,8.8,6.1
Junior Guerra,205,,13.2,30.7,,113.2,85.8,92.2,82.2,,445,168,401,,56,27.6,,13,6.3,4.1
Madison Bumgarner,533,,17.2,36,,113.2,89.4,92.9,86.2,,456,192,403,,219,41.2,,46,8.6,6
Devin Smeltzer,118,,15.2,31.4,,113.2,89.4,92.9,86.3,,439,185,401,,43,36.4,,10,8.5,6.3
Julio Urias,197,,18.1,35,,113.2,83.3,88.7,81.8,,412,166,397,,51,25.9,,9,4.6,3
Nick Pivetta,285,,10.4,36.1,,113.2,88.5,92.4,85.3,,439,173,387,,99,34.7,,29,10.2,7
Yimi Garcia,152,,22.7,27.6,,113.2,86.5,91.5,79.4,,479,205,404,,41,27,,12,7.9,5.1
Matt Harvey,195,,12.2,34.9,,113.2,90.3,94,87.6,,467,174,410,,74,41.6,,16,8.2,6
Jeff Hoffman,156,,14.2,34,,113.2,88.9,95.4,81.2,,474,197,416,,64,41,,20,12.8,8.6
Jonathan Loaisiga,66,,14.1,33.3,,113.2,89.5,93,87,,411,181,383,,26,39.4,,3,4.5,2.9
David Price,295,,12.4,36.9,,113.2,88,93.3,83.2,,453,180,405,,113,38.3,,24,8.1,5.2
Tommy Kahnle,124,,5.4,31.5,,113.2,87.7,92.3,84.5,,425,150,401,,44,35.5,,7,5.6,3.2
Mike Minor,525,,16.3,31.8,,113.1,86.2,89.7,84.2,,474,173,404,,154,29.4,,35,6.7,4.5
Collin McHugh,201,,14.8,37.8,,113.1,87.8,91.8,84.4,,465,184,403,,60,29.9,,14,7,4.4
Tyler Clippard,141,,20.4,26.2,,113.1,84.5,91.4,78.3,,446,188,403,,40,28.8,,10,7.1,4.5
Anthony Swarzak,135,,10.1,32.6,,113.1,88.6,95.3,83.6,,436,165,404,,62,46.3,,12,8.9,5.9
Andrew Chafin,130,,11.5,37.7,,113.1,86.6,92.1,82.9,,421,165,403,,47,36.4,,10,7.7,4.7
Wander Suero,170,,10.3,35.9,,113.1,88.8,92.3,86.6,,419,171,402,,58,34.1,,11,6.5,4.1
Caleb Smith,340,,21.5,35.6,,113.1,87.9,93,81.3,,471,214,406,,127,37.4,,38,11.2,6.9
Austin Pruitt,137,,5.3,34.3,,113.1,86.9,93.4,82.9,,425,156,403,,47,34.3,,11,8,5.9
Chasen Bradford,54,,9,20.4,,113.1,89,94.4,87.4,,440,136,396,,20,37,,5,9.3,7.2
Jeanmar Gomez,56,,7.1,35.7,,113.1,90.4,93.9,90.5,,424,131,420,,19,33.9,,3,5.4,4.1
Alec Mills,60,,5.8,40,,113.1,88.5,95.1,83.6,,418,153,406,,22,36.7,,5,8.3,5.4
Danny Duffy,340,,15,32.9,,113.1,88.3,92.4,85.4,,466,184,415,,120,35.3,,24,7.1,4.9
Masahiro Tanaka,521,,10.6,33.2,,113,88.8,93.6,86.1,,455,159,405,,194,37.4,,31,6,4.4
Joey Lucchesi,425,,10.2,30.8,,113,87.6,92.4,84.9,,433,162,399,,157,36.9,,29,6.8,4.7
Cory Gearrin,147,,7.9,38.8,,113,88.5,90.5,87.3,,414,164,392,,52,35.9,,8,5.4,3.7
Brandon Brennan,111,,5.2,30.6,,113,87.3,93.5,83.4,,440,144,391,,34,31.5,,8,7.2,4.7
Matt Andriese,173,,8.3,33.5,,113,87.7,92.7,84.4,,459,161,404,,55,31.8,,11,6.4,4.1
Chris Paddack,371,,15.2,32.9,,113,86.9,91.9,83.2,,439,178,399,,119,32.1,,26,7,4.7
Kyle Gibson,448,,6.7,31.7,,113,87.7,92.7,85.2,,465,144,403,,167,37.4,,33,7.4,5.1
Jose Urena,260,,8,33.1,,113,90.4,94.7,87.8,,418,157,385,,102,39.2,,21,8.1,6.2
Steve Cishek,160,,11.2,29.4,,113,84.2,89.4,81,,445,157,409,,41,25.6,,9,5.6,3.6
Miles Mikolas,516,,9.7,34.3,,112.9,87.9,92.2,85.3,,429,160,397,,178,35.8,,33,6.4,4.8
Hector Velazquez,148,,15.5,38.5,,112.9,88.8,93.1,86.8,,429,179,393,,56,38.1,,13,8.8,5.8
Wes Parsons,82,,8.9,35.4,,112.9,89.9,92,88.6,,452,173,426,,34,41.5,,7,8.5,5.8
Jaime Barria,219,,17.9,40.6,,112.9,89,93.4,84.4,,462,204,405,,90,41.1,,24,11,7.8
Sean Reid-Foley,99,,12.3,36.4,,112.9,89.1,91.3,88.1,,434,191,394,,36,36.7,,7,7.1,4.7
Luke Bard,120,,18.4,33.3,,112.9,86.8,89.6,86.5,,425,184,400,,34,29.1,,8,6.7,4.9
Marco Gonzales,596,,15,33.1,,112.9,88,92.9,84.3,,447,175,396,,204,35.6,,32,5.4,4.1
Fernando Rodney,114,,9.5,31.6,,112.8,87.1,90.9,85.1,,450,148,418,,42,38.2,,10,8.8,5.7
Trey Wingenter,105,,16.4,37.1,,112.8,89,91.7,89,,418,187,408,,39,37.1,,8,7.6,4
Shaun Anderson,301,,10.3,38.9,,112.8,86.8,92.1,82.7,,454,167,408,,113,37.8,,20,6.6,5
Hector Santiago,80,,22.9,37.5,,112.8,87.6,92.5,86.5,,423,200,401,,27,34.6,,10,12.5,8.5
Luis Castillo,425,,4.8,26.8,,112.8,86,92,82.6,,442,137,406,,139,32.7,,23,5.4,3.2
Austin Adams,52,,10.7,25,,112.8,90.3,93.8,88.8,,426,156,383,,23,46,,3,5.8,2.6
Framber Valdez,207,,-1.4,24.2,,112.8,89.5,96,87,,423,120,396,,85,41.1,,11,5.3,3.4
Jakob Junis,524,,12.3,34.9,,112.8,90,92.7,88.3,,473,176,408,,215,41.1,,45,8.6,6
Joe Smith,57,,3.2,21.1,,112.8,91.9,93.9,91.3,,399,133,392,,29,50.9,,3,5.3,3.8
Nick Ramirez,216,,11.6,31,,112.8,86.1,92.4,82.4,,436,164,404,,63,29.3,,18,8.3,5.8
Gio Gonzalez,207,,10.3,36.2,,112.7,87.2,92.9,81.6,,449,174,404,,66,34.2,,16,7.7,5.3
Evan Marshall,125,,9.6,26.4,,112.7,86.2,91.8,83.5,,435,156,409,,41,32.8,,8,6.4,4.6
Yoan Lopez,170,,11,36.5,,112.7,91.9,94.6,89.7,,466,178,419,,77,45.3,,16,9.4,7.2
Jordan Lyles,356,,14.5,32,,112.7,88.9,93.4,86,,438,186,402,,145,40.7,,30,8.4,5.6
Felix Hernandez,178,,11.5,32,,112.7,91.6,96,89.4,,450,172,397,,79,44.4,,17,9.6,6.8
Merrill Kelly,510,,12.2,32.9,,112.7,89.3,93.5,85.7,,443,177,406,,204,40,,46,9,6.6
Jose Alvarez,171,,7.3,34.5,,112.7,85.5,89.6,83,,437,151,395,,53,31,,8,4.7,3.5
Tyler Thornburg,53,,20.4,39.6,,112.7,92.4,95.9,88.2,,450,224,420,,30,56.6,,8,15.1,9.3
Wade LeBlanc,401,,13.5,37.9,,112.6,89,93.3,85.4,,447,183,397,,157,39.2,,32,8,6.1
Matt Strahm,319,,14.5,36.4,,112.6,88.2,93.8,82.5,,447,190,402,,131,41.2,,32,10,7
Nick Wittgren,144,,15.4,30.6,,112.6,91.7,94.7,89.8,,437,197,391,,68,47.9,,13,9,6.1
Mike Foltynewicz,301,,14.3,31.2,,112.6,87.7,92.2,83.7,,429,186,393,,117,38.9,,23,7.6,5.4
Eric Lauer,424,,12.6,31.1,,112.6,88.9,94.1,85.5,,436,174,397,,164,38.8,,26,6.1,4.4
Sean Doolittle,166,,23.1,34.9,,112.6,90,93.2,87.3,,456,214,411,,66,40,,13,7.8,5.3
Robbie Erlin,170,,9.5,37.6,,112.6,87.4,92.4,85.2,,424,163,411,,60,35.3,,11,6.5,4.7
Matt Wisler,136,,15.8,32.4,,112.6,87.7,92.8,84,,423,195,399,,48,35.3,,8,5.9,3.8
Adam Ottavino,138,,15.6,31.9,,112.6,84.9,90.4,80,,434,174,404,,38,27.5,,7,5.1,2.7
Daniel Norris,420,,11.4,31.2,,112.6,90.3,94,87.3,,437,178,406,,177,42.1,,39,9.3,6.7
Zac Gallen,181,,13,32.6,,112.6,86.9,92.8,80.8,,403,178,380,,63,34.8,,9,5,2.9
Daniel Mengden,188,,19.1,30.9,,112.6,88.9,92.3,87.8,,417,182,388,,68,36.2,,11,5.9,4.3
Clayton Kershaw,419,,11.7,31.3,,112.5,87.5,92.8,84.5,,442,162,408,,133,33.4,,28,6.7,4.4
Corbin Martin,61,,13.5,32.8,,112.5,90.3,94.4,87.2,,414,181,381,,28,45.9,,5,8.2,5.4
Kyle Hendricks,478,,12.8,33.1,,112.5,85.4,91,81,,438,175,398,,145,30.5,,29,6.1,4.4
Darwinzon Hernandez,57,,9.7,36.8,,112.5,85.9,93,79.7,,382,174,367,,18,31.6,,0,0,0
Victor Alcantara,132,,7.6,28,,112.5,90.5,94.8,88.9,,456,153,411,,56,42.7,,13,9.8,7.7
Brad Keller,507,,9,32.5,,112.5,88.9,93.6,86.3,,453,157,405,,194,38.3,,30,5.9,4.2
Tayler Scott,58,,5.4,36.2,,112.5,90.6,92.9,89.4,,425,157,394,,20,34.5,,4,6.9,4.9
Taylor Cole,137,,6.8,35.8,,112.4,87.1,88.4,85.7,,410,157,394,,53,38.7,,4,2.9,1.9
David Phelps,77,,17.5,33.8,,112.4,89.3,93,88.3,,420,195,398,,29,37.7,,8,10.4,6.7
Kelvin Herrera,147,,15.5,35.4,,112.4,85.9,89,85.1,,416,171,404,,48,32.7,,11,7.5,5.2
Felipe Vazquez,127,,14.3,38.6,,112.4,86.7,89.8,85.5,,467,176,410,,47,37.3,,9,7.1,3.9
Jose Ruiz,121,,18.8,35.5,,112.4,86.8,91.1,82.8,,469,187,412,,37,30.6,,10,8.3,5.6
Craig Stammen,234,,5.3,31.2,,112.4,86.7,91,83.3,,425,155,391,,77,32.9,,11,4.7,3.5
Ranger Suarez,126,,4.7,35.7,,112.4,87.1,90,85.3,,421,152,387,,44,34.9,,7,5.6,4
Mitch Keller,117,,11,39.3,,112.4,88.5,93.2,83.8,,402,168,392,,36,39.6,,9,7.7,5
Clay Buchholz,139,,9.5,33.8,,112.4,86,92.4,81.2,,427,165,406,,49,35.3,,17,12.2,9.9
Ryan Carpenter,157,,13.2,39.5,,112.3,90.4,93.7,88.2,,437,196,389,,71,45.2,,15,9.6,7.6
Taylor Guerrieri,60,,3.1,25,,112.3,89.3,94.4,87,,420,142,395,,21,35,,4,6.7,3.9
Jordan Yamamoto,178,,17.9,29.8,,112.3,89.9,93.3,89.7,,445,189,389,,71,40.1,,12,6.7,4.3
Marcus Walden,193,,6.3,30.6,,112.3,89.3,92.5,89.2,,435,146,419,,67,34.7,,6,3.1,2
Cole Irvin,113,,17,42.5,,112.3,85.6,91.6,78.2,,437,193,401,,34,30.6,,9,8,5.8
Steven Brault,307,,9.3,33.2,,112.2,88.7,92.9,86.1,,441,171,401,,116,38,,16,5.2,3.6
J.A. Happ,439,,13.3,31.9,,112.2,88.8,93.4,86,,447,173,396,,160,36.5,,35,8,5.7
Sean Newcomb,182,,12.3,29.1,,112.2,87.2,90.8,85,,442,169,411,,58,31.9,,8,4.4,3
Jon Lester,483,,11.7,38.1,,112.2,88,91.8,84.9,,457,176,407,,172,35.6,,39,8.1,5.7
Tanner Rainey,82,,5.9,30.5,,112.2,89.8,96.2,86.3,,425,163,401,,40,48.8,,8,9.8,4.4
Jeremy Hellickson,132,,15.3,35.6,,112.2,86,92.2,81.4,,458,181,393,,47,35.6,,12,9.1,6.6
Michael Pineda,427,,16,36.3,,112.2,88.9,92.9,84.3,,454,196,391,,151,36.7,,31,7.3,5.2
Yency Almonte,92,,16.8,40.2,,112.2,89.8,94.8,83.6,,440,215,415,,36,39.1,,12,13,9.7
Trevor Richards,378,,17,35.2,,112.2,87.1,92.2,82.4,,423,188,390,,131,34.7,,25,6.6,4.4
Ryan Weber,126,,7.6,30.2,,112.2,87.4,91.7,84.5,,426,157,391,,37,29.4,,4,3.2,2.5
Jimmy Cordero,71,,4.8,31,,112.2,85.4,91.6,81.4,,424,139,398,,21,29.6,,4,5.6,3.7
Zach Eflin,458,,12,30.1,,112.1,86.8,92.7,81.5,,447,173,399,,155,33.8,,33,7.2,5.3
Geoff Hartlieb,95,,9.3,30.5,,112.1,90.4,92.7,89.1,,439,163,397,,40,42.6,,10,10.5,6.9
Rowan Wick,71,,9.6,23.9,,112.1,86.5,90.6,84,,393,146,,,20,28.2,,5,7,4.4
Ryan Yarbrough,365,,14.3,36.2,,112.1,83.9,88.8,81,,427,167,399,,95,26,,23,6.3,4.6
Pedro Payano,70,,10,38.6,,112.1,86.7,90.9,82.8,,412,158,394,,28,40,,5,7.1,4.9
Felix Pena,266,,13,34.2,,112.1,88.7,93.4,85.5,,429,172,399,,98,36.8,,19,7.1,4.7
Tyler Glasnow,121,,10.4,30.6,,112.1,87,92,83.7,,451,157,415,,38,31.4,,8,6.6,4.2
Jhoulys Chacin,284,,16.1,34.9,,112.1,88.2,94.2,84.6,,463,187,404,,121,42.8,,18,6.3,4.4
Charlie Morton,438,,10.1,34.9,,112.1,86.8,90.7,84.6,,431,159,395,,143,32.6,,21,4.8,2.9
Chris Archer,324,,13.2,40.7,,112.1,88,92.8,83,,436,189,401,,128,39.5,,34,10.5,6.5
Mike Montgomery,245,,6.1,35.5,,112.1,89.6,94.2,85.6,,486,169,408,,106,43.4,,18,7.3,5.4
Sam Dyson,178,,3.6,26.4,,112.1,87.4,92.9,84,,444,138,407,,64,36,,10,5.6,4
Jarlin Garcia,128,,10,26.6,,112.1,88.1,92.7,85.9,,400,156,386,,41,32,,7,5.5,3.9
Connor Sadzeck,63,,13.7,34.9,,112,88.6,96.9,84.2,,418,158,412,,22,34.9,,6,9.5,5.6
Sergio Romo,161,,19.3,37.3,,112,84.8,90.3,79.6,,455,196,402,,38,23.6,,8,5,3.5
Justus Sheffield,67,,6.3,29.9,,112,90.5,91.6,89.9,,434,141,405,,30,44.8,,4,6,3.9
Kenta Maeda,383,,14.5,36,,112,85.5,90.6,80.8,,457,176,402,,111,29,,21,5.5,3.5
Zac Reininger,89,,14.2,42.7,,112,91.1,94.4,88.8,,419,193,389,,38,42.7,,12,13.5,10.7
Brandon Workman,121,,8.5,32.2,,112,87.4,91.2,85.4,,417,152,417,,37,30.6,,1,0.8,0.4
Erick Fedde,240,,5.7,33.8,,112,88.1,92.8,84.9,,438,152,398,,98,40.8,,19,7.9,6.1
Liam Hendriks,167,,21,34.7,,112,88.3,91.8,86.6,,410,203,397,,62,37.8,,10,6,3.3
Carlos Rodon,94,,14,36.2,,111.9,89.3,91.9,88.2,,418,163,396,,37,39.4,,7,7.4,4.4
Hector Rondon,171,,7.2,28.7,,111.9,86.8,91,85.5,,434,149,405,,57,33.7,,11,6.4,4.6
Trevor May,139,,18,38.8,,111.9,87.3,92.1,82,,426,187,402,,46,33.1,,10,7.2,4.3
Evan Phillips,59,,8.7,40.7,,111.9,89.9,95.6,84.6,,420,180,407,,24,40.7,,4,6.8,3.5
Branden Kline,112,,12.4,42.9,,111.9,91.3,95.9,88.8,,444,193,402,,61,54.5,,12,10.7,7.5
John Brebbia,167,,22.8,35.3,,111.9,88,91.9,83.5,,413,213,382,,62,38,,9,5.4,3.3
Trevor Bauer,519,,16,33.7,,111.9,88.3,92.3,85.6,,451,183,396,,195,37.6,,46,8.9,5.4
Wei-Yin Chen,204,,13.8,40.7,,111.9,88.7,92.6,85.5,,454,196,398,,81,39.7,,17,8.3,6
Buck Farmer,163,,9.4,32.5,,111.9,88.8,94.6,84.1,,450,178,421,,66,41,,13,8,5.1
Chris Stratton,228,,11.4,35.1,,111.9,88.3,93.2,84.3,,441,172,402,,72,34.6,,14,6.1,4.3
Josh Tomlin,237,,17.1,32.5,,111.9,88,92.4,82.9,,424,196,398,,78,32.9,,16,6.8,5.5
Eduardo Rodriguez,506,,9,31.2,,111.9,85.7,91.2,82.1,,455,158,404,,143,28.3,,33,6.5,4.4
Gabriel Ynoa,334,,10.4,30.2,,111.8,90.2,94,87.7,,461,171,399,,137,41.4,,32,9.6,7.6
Daniel Hudson,180,,14.8,31.1,,111.8,89.1,94.3,84.8,,427,189,408,,76,42.2,,17,9.4,6.2
Jacob Webb,90,,17.3,35.6,,111.8,88,92.2,84.8,,439,186,406,,30,33.3,,6,6.7,4.6
Ryan Burr,58,,9,29.3,,111.8,90.5,92.2,88.8,,388,171,360,,21,36.2,,3,5.2,3.5
Seth Lugo,169,,14.9,32,,111.8,87.8,92.7,84.2,,437,183,397,,54,32.3,,10,5.9,3.6
Zack Britton,152,,-9,16.4,,111.8,87.4,95.2,85.1,,457,86,442,,53,34.9,,8,5.3,3.4
Nick Kingham,188,,12.9,35.1,,111.8,86.6,92.8,80.9,,456,179,411,,64,34,,15,8,5.8
Brandon Kintzler,153,,7.2,26.8,,111.8,88.9,94.2,86.1,,423,144,405,,64,41.8,,11,7.2,5.1
Marco Estrada,84,,31.3,28.6,,111.8,86.9,92.1,90.1,,440,214,405,,19,29.2,,9,10.7,8.5
Matt Magill,127,,14.1,41.7,,111.8,90.6,94.8,87.7,,474,195,413,,57,44.9,,12,9.4,5.9
Dylan Floro,127,,7.6,26,,111.8,85,89.9,82.9,,413,142,407,,44,35.5,,6,4.7,3.4
Hunter Wood,127,,18.3,33.9,,111.7,86.3,91.4,81.1,,418,191,387,,38,29.9,,6,4.7,3.4
Tyler Mahle,333,,9.4,34.5,,111.7,88.8,92.8,86.1,,442,165,399,,126,38,,26,7.8,5.4
Stefan Crichton,63,,9.5,31.7,,111.7,88,94.1,83.9,,438,165,394,,27,42.9,,3,4.8,3.2
Nick Vincent,112,,16.4,38.4,,111.7,89.7,92.2,88.2,,438,188,405,,43,38.7,,8,7.1,4.9
Max Scherzer,364,,13.4,34.6,,111.7,87.6,91.9,83.9,,445,174,400,,129,35.4,,22,6,3.6
Sandy Alcantara,509,,11.7,29.1,,111.7,86.7,92.1,82.7,,444,164,400,,170,33.4,,32,6.3,4.4
Ryan Helsley,81,,17.6,34.6,,111.7,87.9,90.5,85.3,,432,192,430,,32,39.5,,3,3.7,2.5
Chris Bassitt,391,,14.4,33,,111.7,87,91.9,84.5,,454,174,399,,123,32,,19,4.9,3.3
Dario Agrazal,220,,14.1,35,,111.7,85.9,91.2,82.3,,459,179,397,,61,27.7,,12,5.5,4.3
Jesus Tinoco,90,,10.6,35.6,,111.6,88.2,96.2,81.6,,443,195,415,,34,37.8,,11,12.2,8.3
Matt Barnes,117,,10.4,30.8,,111.6,89.4,92,88.2,,432,165,385,,41,35,,7,6,2.9
Manny Banuelos,145,,14.5,35.9,,111.6,88.2,92.3,84.9,,427,186,407,,56,38.9,,13,9,5.9
Reed Garrett,53,,12.4,34,,111.6,94.7,98.1,92.3,,425,192,396,,26,49.1,,9,17,11.7
Wandy Peralta,111,,7.6,35.1,,111.6,86.2,91.7,80.9,,434,166,400,,42,38.5,,11,9.9,7.1
Jace Fry,125,,5.6,30.4,,111.6,88.9,94.2,86.3,,443,153,417,,52,41.6,,7,5.6,3.1
John Gant,170,,9.1,34.1,,111.6,86.7,88.7,86.2,,414,144,388,,51,30.5,,5,2.9,2
Dominic Leone,100,,15.5,39,,111.6,90.3,94.1,86.4,,440,203,423,,39,39.4,,13,13,8.3
Jacob deGrom,451,,12.5,33,,111.6,86.2,92,81.6,,456,174,404,,140,32.5,,25,5.5,3.4
Carlos Carrasco,202,,13.3,36.6,,111.6,91,96.6,85.7,,427,189,398,,95,47,,28,13.9,9.2
Ryan Brasier,144,,16.7,41,,111.6,88.3,92.9,82.7,,434,201,399,,48,33.3,,14,9.7,6.5
Luis Avilan,86,,8.5,32.6,,111.5,85.1,89.5,80.9,,462,151,424,,19,22.1,,4,4.7,3.1
Shawn Armstrong,150,,19.4,38.7,,111.5,87.6,92.7,82.7,,448,196,407,,55,36.7,,15,10,6.4
Jose Leclerc,139,,16.5,39.6,,111.5,85.3,92.1,78.5,,427,189,390,,39,28.5,,7,5,2.6
Joe Jimenez,133,,21.1,34.6,,111.5,88,92.5,84.4,,422,214,383,,46,34.6,,15,11.3,6.4
Blake Snell,241,,13.4,30.7,,111.5,87.8,91.6,84.9,,436,173,389,,76,31.5,,12,5,2.9
Cam Bedrosian,169,,10.6,33.1,,111.5,88.7,92.4,86.8,,420,169,384,,60,36.1,,11,6.5,4.3
Caleb Ferguson,108,,15,43.5,,111.5,86.4,90.3,82.4,,443,190,403,,38,35.2,,7,6.5,3.8
Joe Musgrove,474,,12,32.5,,111.5,88.6,92.8,86.1,,449,175,404,,187,39.5,,32,6.8,4.9
Aaron Brooks,312,,11.4,33.7,,111.5,89,93,86.4,,474,177,405,,128,41.2,,27,8.7,6.3
Yoshihisa Hirano,135,,10.2,31.9,,111.4,86.8,92.5,82.5,,416,164,398,,38,28.1,,7,5.2,3.3
Tony Gonsolin,93,,13.9,30.1,,111.4,86.6,92.5,81.4,,424,185,395,,34,36.6,,2,2.2,1.5
Greg Holland,87,,11,31,,111.4,89.3,93.8,85.1,,413,189,386,,32,36.8,,5,5.7,3.3
Jorge Lopez,315,,9.5,34.9,,111.4,90.4,94.7,87.1,,437,171,405,,129,41,,35,11.1,7.6
Logan Webb,77,,5.7,41.6,,111.4,86.8,90.4,83.4,,438,156,407,,22,28.6,,3,3.9,2.8
Bryse Wilson,67,,16.9,32.8,,111.4,89.8,92.3,88.5,,404,198,398,,30,44.8,,6,9,6.5
Adalberto Mejia,86,,21.1,38.4,,111.4,91.2,94,89,,409,210,386,,42,48.8,,10,11.6,7.5
Raisel Iglesias,152,,20.7,38.2,,111.4,87.4,93,82.2,,419,199,379,,51,34.2,,12,7.9,4.7
Frankie Montas,249,,8.8,32.5,,111.4,87.2,93.6,83.2,,440,147,398,,87,34.9,,10,4,2.7
Chris Sale,344,,12.5,34.9,,111.4,88.1,92.9,84.4,,448,176,390,,125,36.3,,28,8.1,4.6
Miguel Castro,196,,9.1,25.5,,111.4,86.8,92.5,84,,449,144,393,,64,32.7,,12,6.1,4
Mike Clevinger,218,,11.4,36.2,,111.4,86.4,92.7,80.7,,442,172,408,,76,34.9,,14,6.4,3.6
A.J. Cole,80,,20.1,32.5,,111.3,85.7,88.9,84,,413,213,397,,18,22.5,,4,5,3.4
Jason Vargas,417,,15.7,32.6,,111.3,85.9,92,80.6,,440,182,404,,137,32.9,,30,7.2,5.1
Patrick Sandoval,80,,6.5,32.5,,111.3,86.2,91.5,80.7,,416,154,402,,27,33.8,,5,6.3,3.9
Mike Fiers,526,,15.6,31.9,,111.3,87.3,93.3,82.7,,458,176,400,,193,37.8,,40,7.6,5.7
JD Hammer,56,,16.8,39.3,,111.3,89.5,92.8,87.7,,394,186,385,,19,33.9,,4,7.1,4.9
Hector Neris,144,,11,32.6,,111.3,87.6,93.3,84.9,,432,159,393,,47,32.6,,10,6.9,4
Edwin Diaz,119,,15.8,41.2,,111.3,89.9,92.4,87.6,,439,201,390,,54,45.8,,13,10.9,5.6
Walker Buehler,433,,12.8,34.4,,111.3,88.8,92.5,85.9,,458,185,398,,158,36.5,,24,5.5,3.6
Will Harris,146,,3.9,29.5,,111.3,87.2,90,85.7,,434,143,404,,46,31.9,,9,6.2,4.2
Jairo Diaz,136,,8.9,31.6,,111.3,90.9,92.9,90.4,,431,161,412,,61,44.9,,9,6.6,4.3
Asher Wojciechowski,194,,20.8,34,,111.3,87.6,92.6,82,,443,216,398,,69,35.6,,23,11.9,7.8
Dylan Cease,181,,12.5,32.6,,111.3,88.8,93,86.3,,467,170,399,,72,39.8,,15,8.3,5.3
Kyle Dowdy,74,,8.9,40.5,,111.3,90,93,87.4,,426,170,400,,30,40.5,,6,8.1,5.5
Brett Martin,182,,6.8,28.6,,111.2,90.2,93.3,89.7,,429,142,401,,73,40.1,,10,5.5,4
Wei-Chung Wang,91,,18.2,35.2,,111.2,86.5,91.2,79.8,,403,201,376,,24,26.4,,5,5.5,4.2
Tanner Scott,50,,7.2,40,,111.2,93.1,95.5,90.4,,411,182,394,,23,46,,5,10,5.2
Michel Baez,61,,16.5,32.8,,111.2,87.6,92.1,85,,414,173,396,,24,39.3,,4,6.6,4.3
Colten Brewer,156,,6.6,31.4,,111.2,88.2,91.7,86.1,,426,155,401,,46,29.5,,9,5.8,3.8
Cal Quantrill,300,,11.2,33,,111.2,87,91,83.4,,430,167,399,,99,33,,22,7.3,5.4
Aroldis Chapman,117,,11.8,40.2,,111.2,85.7,90.4,83.3,,397,158,377,,35,29.9,,6,5.1,2.7
Yusmeiro Petit,209,,20.7,30.6,,111.2,86.7,92.5,79.2,,430,193,392,,70,34,,14,6.7,5.1
Jimmy Nelson,51,,11,47.1,,111.1,86.4,88.9,83.4,,446,185,416,,18,35.3,,4,7.8,4.7
Edgar Garcia,91,,14.1,35.2,,111.1,89.3,94.4,83,,438,210,408,,39,42.9,,13,14.3,8.8
Walker Lockett,61,,9.4,34.4,,111.1,87.8,92.2,83.2,,392,167,376,,19,31.1,,4,6.6,4.8
Josh Osich,173,,9.7,33.5,,111.1,88,92.6,82.5,,447,180,404,,64,37,,14,8.1,5.9
Austin Voth,72,,20.1,26.4,,111.1,87.4,92.7,85.6,,443,175,399,,21,29.6,,4,5.6,3.5
Jonathan Holder,122,,16.1,33.6,,111.1,88.2,91.7,86.8,,447,188,397,,41,34.2,,10,8.2,5.5
Chi Chi Gonzalez,163,,9.9,34.4,,111.1,87.6,92.5,83.4,,439,166,407,,66,40.5,,9,5.5,4.2
Josh Taylor,107,,12,35.5,,111,86.6,92.1,82.1,,429,168,398,,31,29,,7,6.5,3.8
Tyler Olson,94,,11.2,30.9,,111,84.5,87.9,82.6,,454,158,417,,23,24.5,,5,5.3,3.6
Drew Pomeranz,259,,13.7,36.3,,111,88.7,93,84.7,,449,183,398,,93,35.9,,23,8.9,5.4
Kevin McCarthy,180,,3.3,26.7,,111,89.3,93.1,87.2,,452,139,413,,74,41.1,,9,5,3.9
Yonny Chirinos,363,,10.8,35.3,,111,87.6,92.1,84.3,,447,173,403,,122,33.7,,32,8.8,6.3
Noah Syndergaard,496,,9.6,29.2,,111,86.4,90.5,84,,447,154,399,,155,31.4,,24,4.8,3.3
Dallas Keuchel,289,,1.7,24.6,,111,87.4,93.3,85,,447,124,413,,104,36,,18,6.2,4.4
Dereck Rodriguez,305,,12.7,33.8,,111,88.6,92.7,86.3,,437,169,393,,108,35.5,,20,6.6,5
Justin Wilson,90,,4.4,34.4,,111,84.3,89,82,,380,140,372,,26,28.9,,4,4.4,2.8
Tim Mayza,143,,6,34.3,,111,86.5,93.3,81.5,,431,163,386,,53,37.1,,10,7,4.4
Juan Nicasio,145,,7.9,37.2,,111,88.7,92.4,85.3,,444,158,409,,58,40,,13,9,6.2
Brian Flynn,97,,9.1,39.2,,110.9,88,92.3,84.5,,399,171,397,,35,36.1,,5,5.2,3.6
Andrew Kittredge,119,,5.9,31.9,,110.9,87.3,92.8,83.4,,429,154,381,,43,36.1,,6,5,3.4
Jared Hughes,179,,0.2,26.3,,110.9,88.8,94.2,85.8,,427,135,388,,61,35.1,,14,7.8,5.7
Odrisamer Despaigne,53,,17.1,47.2,,110.9,89,90.9,90,,430,192,420,,19,35.8,,3,5.7,4.4
Seunghwan Oh,66,,12.6,34.8,,110.9,89.4,90.7,88.3,,442,192,403,,24,36.4,,8,12.1,9.1
Mark Melancon,180,,3,28.3,,110.8,89,91.5,88.3,,419,117,403,,65,36.3,,4,2.2,1.5
Dan Winkler,59,,17.1,47.5,,110.8,89.7,94.2,82.7,,435,215,409,,21,35.6,,6,10.2,6.5
Kyle McGowin,53,,9.8,37.7,,110.8,91,96.2,86.1,,438,189,400,,25,47.2,,6,11.3,7.9
Kolby Allard,103,,10.1,29.1,,110.8,86.7,90.6,84.9,,416,145,416,,35,34,,2,1.9,1.4
Scott Alexander,59,,-2.1,30.5,,110.8,90.3,95.3,87.2,,428,128,382,,22,37.3,,3,5.1,3.9
Ryan Pressly,120,,6.6,32.5,,110.8,87.2,92.5,83.2,,433,154,396,,37,33.3,,8,6.7,4.1
Blaine Hardy,140,,11.2,34.3,,110.8,84.8,91.8,79.9,,445,162,404,,41,29.3,,15,10.7,8.2
Jerad Eickhoff,174,,15.2,36.2,,110.8,87.8,95.3,80.2,,441,205,393,,68,39.1,,19,10.9,7.8
Chaz Roe,122,,11.7,34.4,,110.7,86,88.2,84.9,,441,161,416,,35,28.7,,5,4.1,2.3
Alex Claudio,179,,2.8,29.6,,110.7,84.6,92.8,80.5,,425,131,397,,54,30.2,,8,4.5,3.2
Wilmer Font,203,,18.1,31,,110.7,89.1,94.1,85,,418,188,391,,73,36.9,,19,9.4,6.1
Peter Lambert,290,,6.6,36.6,,110.7,88.8,94.3,84.7,,472,168,408,,116,40,,20,6.9,5.3
Jacob Barnes,90,,7.7,40,,110.7,88.5,93.1,85.1,,425,166,411,,33,36.7,,7,7.8,5.3
Brad Brach,135,,13.6,31.9,,110.7,89,92.4,87.8,,406,175,379,,53,39.3,,6,4.4,2.7
Ryan Buchter,107,,19.1,43.9,,110.7,86.6,90.8,80.2,,424,212,398,,33,31.7,,5,4.7,2.8
Diego Castillo,158,,7.6,21.5,,110.7,86.9,91,85.4,,424,134,413,,50,31.6,,9,5.7,3.5
Nick Margevicius,194,,9.3,35.6,,110.7,87.4,92.1,83.6,,464,169,404,,67,34.5,,14,7.2,5.5
Hansel Robles,177,,15.6,31.1,,110.6,88.2,90.8,86.3,,426,184,412,,54,31.6,,9,5.1,3.5
Matt Albers,162,,6.8,31.5,,110.6,86.1,91.9,83.4,,435,151,400,,52,32.1,,9,5.6,3.6
Dan Otero,102,,3.4,33.3,,110.6,89.1,91.5,87.3,,416,140,384,,35,34.3,,8,7.8,6.7
Griffin Canning,250,,16.1,31.6,,110.6,87,91.8,82.6,,439,189,405,,79,31.6,,18,7.2,4.7
Casey Sadler,132,,9.4,25,,110.6,87.3,92.6,84.2,,421,146,397,,48,36.4,,4,3,2.3
Andrew Miller,106,,15.6,34.9,,110.6,88.2,93.1,84.6,,411,185,390,,34,32.4,,9,8.5,4.5
Jordan Hicks,67,,-2.8,23.9,,110.6,86.9,92.5,84.4,,389,117,380,,18,28.6,,3,4.5,2.7
Robert Dugger,66,,13,36.4,,110.6,91,95,86.8,,397,187,389,,30,45.5,,4,6.1,4.2
Daniel Stumpf,89,,15.7,33.7,,110.5,90.3,93.6,87.2,,438,200,398,,41,46.1,,9,10.1,6.9
Thomas Pannone,199,,19.4,36.7,,110.5,89.4,93.2,86.2,,444,203,401,,78,39.2,,21,10.6,7.1
Jose Cisnero,77,,17.5,31.2,,110.5,87.2,91,85.7,,454,179,398,,27,35.1,,3,3.9,2.3
Tom Eshelman,130,,16.7,36.9,,110.5,90.5,93.2,89.1,,436,194,394,,54,41.5,,12,9.2,7.3
Trevor Gott,138,,12.9,32.6,,110.5,88.2,93,86.1,,434,176,424,,51,37,,9,6.5,4.2
Heath Hembree,101,,26.7,42.6,,110.5,89,91.5,87.8,,440,226,411,,34,33.7,,9,8.9,5.4
Dustin May,88,,7.7,34.1,,110.5,87.1,89.7,86.8,,418,158,404,,32,36.4,,6,6.8,5.2
Richard Rodriguez,179,,15.9,23.5,,110.5,89.6,94.4,88.5,,435,171,392,,68,38.4,,14,7.8,5.5
Josh James,114,,15.7,31.6,,110.4,90,91.5,89.9,,439,190,375,,45,40.2,,6,5.3,2.5
Josh Staumont,51,,15.1,41.2,,110.4,92.9,94.4,92.6,,431,211,385,,22,43.1,,5,9.8,6.8
Bryan Shaw,208,,7.2,32.7,,110.4,90.2,92.2,89.1,,456,162,404,,86,41.3,,15,7.2,5.1
Matt Shoemaker,74,,12.9,27,,110.4,89.2,96.3,85.7,,418,163,404,,29,39.2,,8,10.8,7.4
Andres Munoz,53,,13.4,39.6,,110.4,86.7,90.6,83.6,,417,186,410,,18,34.6,,6,11.3,6.5
Kenley Jansen,141,,18.3,34.8,,110.4,84,89.9,78.8,,435,183,408,,37,26.6,,10,7.1,4.4
Brock Stewart,66,,15.3,30.3,,110.4,88.2,92.5,84.6,,436,191,418,,18,27.3,,6,9.1,7
Juan Minaya,85,,20.8,32.9,,110.4,89.6,93.6,87.7,,453,196,401,,35,42.2,,4,4.7,3.2
Adrian Houser,263,,4.2,30,,110.4,86.2,92.7,83.2,,448,146,400,,94,35.7,,13,4.9,3.3
Blake Treinen,165,,11.6,31.5,,110.3,87.2,92.3,84,,474,159,410,,57,35,,13,7.9,5.1
Lou Trivino,175,,14.9,28,,110.3,85.8,89.7,84.1,,432,161,399,,55,32,,7,4,2.7
Andrew Heaney,211,,18,32.7,,110.3,88.8,92.4,86,,438,203,403,,81,38.4,,18,8.5,5.3
Aaron Bummer,151,,-2.6,19.2,,110.3,88.5,92.5,87.5,,413,108,391,,56,37.1,,3,2,1.3
Jeff Brigham,80,,19.2,32.5,,110.3,89.3,92.5,87,,440,198,399,,33,41.3,,9,11.3,7.1
Kyle Zimmer,51,,10.7,43.1,,110.2,85.2,90,81.4,,390,168,374,,19,37.3,,4,7.8,4.9
Cody Allen,66,,25,39.4,,110.2,94.3,96.6,92.8,,448,251,408,,36,54.5,,10,15.2,8.6
Adam Conley,185,,17.3,32.4,,110.2,87.6,91.8,84.6,,455,179,413,,69,37.3,,13,7,4.9
Ervin Santana,53,,19,34,,110.2,89.2,95.5,84.7,,423,212,408,,21,39.6,,11,20.8,17.2
Tyler Kinley,125,,15.3,35.2,,110.2,87.6,91.8,85,,400,173,387,,42,33.6,,6,4.8,3
Pedro Baez,162,,20.7,27.2,,110.2,87.1,91.5,83.6,,402,193,385,,44,27.7,,5,3.1,2
Chad Sobotka,70,,11.7,31.4,,110.1,90.1,92.6,89.6,,419,175,408,,22,31.4,,5,7.1,3.9
Francisco Liriano,187,,10.1,29.9,,110.1,85.1,91,80.6,,454,154,398,,56,30.1,,10,5.3,3.5
Tyler Anderson,72,,10.2,43.1,,110.1,87.6,91.7,83.1,,442,193,424,,26,36.1,,10,13.9,9.4
Jeffrey Springs,85,,20.9,45.9,,110,88.2,90,85.8,,404,223,385,,32,37.6,,4,4.7,3
Joe Ross,175,,8.8,37.1,,110,87.3,93.1,82.6,,435,170,409,,65,37.1,,13,7.4,5.1
Elieser Hernandez,224,,19.8,30.4,,110,85.8,92.6,78.9,,424,193,394,,72,32.1,,21,9.4,6.3
Carson Fulmer,72,,13.8,36.1,,110,88.3,92.8,85.1,,439,172,395,,29,40.3,,4,5.6,3.4
Michael Feliz,124,,17,30.6,,110,86.6,90.3,83.9,,415,174,398,,41,33.1,,12,9.7,5.5
Richard Bleier,162,,2.4,30.2,,110,88.8,93.3,86.9,,427,127,400,,65,40.1,,5,3.1,2.6
Josh Hader,110,,27.4,34.5,,110,90.6,94,90.3,,432,227,406,,44,42.3,,14,12.7,5.5
Montana DuRapau,57,,16,45.6,,110,91.4,92.9,90,,408,194,400,,22,39.3,,4,7,4.4
Mike Mayers,55,,22.9,45.5,,109.9,90.2,92.9,89.6,,408,214,391,,22,43.1,,5,9.1,6.2
Tyler Bashlor,64,,17.8,32.8,,109.9,89.7,94.6,83.8,,419,213,406,,25,43.1,,6,9.4,6.3
Ian Kennedy,163,,12.4,30.7,,109.9,87.4,92.6,84.3,,423,166,395,,56,34.6,,10,6.1,4.1
Jose Alvarado,80,,3.7,33.8,,109.8,87.4,94.7,81.4,,412,169,405,,27,33.8,,4,5,2.7
Justin Anderson,106,,17.5,33,,109.8,87.2,92.9,82.4,,432,187,396,,33,32,,9,8.5,4.7
Justin Verlander,449,,18.8,31.4,,109.8,87.4,92.1,83.2,,436,194,390,,141,33.4,,36,8,4.8
Roberto Osuna,149,,14.4,39.6,,109.8,86.2,91.6,80.4,,417,189,395,,43,30.1,,10,6.7,4.5
Zach Duke,68,,6.2,33.8,,109.8,88.3,95.2,84.3,,406,166,397,,27,42.2,,4,5.9,3.8
Luis Perdomo,189,,4.8,27,,109.8,90.3,93.8,88,,430,149,402,,85,45,,7,3.7,2.7
Robert Stephenson,136,,17.3,33.8,,109.8,86.5,91.3,81.3,,420,189,391,,36,26.7,,8,5.9,3.4
Mike Dunn,54,,16.3,31.5,,109.7,86.2,93.5,78,,459,191,415,,19,35.2,,5,9.3,6.7
Alex McRae,69,,15.8,42,,109.7,89.2,95.9,83.2,,436,203,397,,27,44.3,,8,11.6,8.2
Brendan McKay,111,,16.5,36,,109.7,89.5,92.9,87.9,,414,195,385,,46,41.4,,13,11.7,7.6
Drew Gagnon,86,,16.3,33.7,,109.7,87.7,95.2,83.4,,421,184,395,,29,35.8,,11,12.8,9.9
Freddy Peralta,218,,17.7,38.1,,109.7,89.1,94.6,83.8,,462,194,398,,87,39.9,,22,10.1,6.1
Seranthony Dominguez,68,,5.6,32.4,,109.7,84.7,89.7,82.3,,400,147,391,,21,30.9,,3,4.4,2.7
Ty Buttrey,178,,14.3,36.5,,109.6,89.7,91.4,89.5,,446,171,410,,69,39.4,,9,5.1,3.2
Jeremy Jeffress,157,,7.6,33.8,,109.6,86.2,90.2,83.5,,439,157,418,,56,36.4,,9,5.7,4
Nick Anderson,121,,21.4,41.3,,109.6,90.2,93.7,89.7,,428,221,394,,52,43,,11,9.1,4.6
JT Chargois,53,,6,34,,109.6,89.1,93.3,85.9,,406,177,400,,19,35.8,,5,9.4,5.7
Ty Blach,102,,15.4,46.1,,109.5,90.2,93.3,87.7,,438,199,403,,43,42.6,,7,6.9,5
Jose Quijada,62,,17.5,40.3,,109.5,89.5,95.3,87.7,,430,204,387,,32,51.6,,9,14.5,7
Kirby Yates,117,,10.2,31.6,,109.5,86.6,91.7,82.1,,433,164,403,,42,35.9,,5,4.3,2.1
Hector Noesi,74,,18.6,32.4,,109.4,89.2,92.9,86.3,,427,207,397,,31,41.9,,7,9.5,6.6
Logan Allen,95,,2.7,35.8,,109.4,91.6,96.6,87.2,,440,154,409,,49,52.1,,6,6.3,4.7
Yefry Ramirez,58,,7.5,34.5,,109.4,87.6,92.5,83.8,,412,159,385,,19,32.8,,4,6.9,4.4
Oliver Perez,101,,9.9,34.7,,109.4,86.3,90.6,82.5,,429,173,380,,30,29.7,,4,4,2.5
Justin Shafer,95,,17.8,34.7,,109.4,88.7,94.9,83.3,,432,187,390,,33,34.7,,6,6.3,4
Jose Urquidy,94,,13.7,37.2,,109.3,86.5,93.4,79.4,,423,196,392,,29,30.9,,12,12.8,9
Aaron Civale,133,,15.8,32.3,,109.3,86.3,89,85,,401,169,396,,41,30.8,,1,0.8,0.5
Josh A. Smith,93,,14.6,44.1,,109.2,88.5,94.4,80.8,,455,204,407,,36,38.7,,10,10.8,7.7
Aaron Wilkerson,60,,18.1,30,,109.2,86.4,92.3,81.7,,415,185,381,,17,28.3,,1,1.7,1.3
Brock Burke,73,,4.7,28.8,,109.2,84.2,93,79.5,,435,147,418,,20,27.4,,4,5.5,4.2
Clay Holmes,124,,0.4,29.8,,109.2,87.9,93.9,84.5,,422,137,414,,47,39.2,,7,5.6,3.3
Daniel Ponce de Leon,116,,14.7,25,,109.1,88,91.1,87.4,,422,163,406,,32,27.8,,7,6,3.7
Jefry Rodriguez,139,,8.8,32.4,,109.1,90.2,94.5,87.8,,429,166,393,,61,43.9,,10,7.2,5.3
Alex Young,189,,11.1,27.5,,109.1,86.9,91.3,84,,429,160,407,,60,31.7,,12,6.3,4.5
Luis Cessa,220,,11,30.9,,109.1,88,91.2,85.9,,425,161,383,,74,33.8,,11,5,3.5
Amir Garrett,120,,5.2,26.7,,109,87.1,91.9,83.9,,408,150,378,,38,32.2,,6,5,2.6
Parker Markel,53,,17.4,39.6,,109,89.9,95.2,83.6,,444,206,402,,19,35.8,,5,9.4,6
Trevor Hildenberger,53,,12.4,43.4,,109,90.9,91.8,91.6,,384,179,363,,23,43.4,,2,3.8,2.7
Neil Ramirez,73,,28.1,31.5,,108.9,88.2,91.1,87.7,,438,225,406,,22,30.1,,7,9.6,6.3
Travis Lakins,59,,11.2,39,,108.9,89.3,92.7,85.6,,405,187,405,,25,42.4,,7,11.9,8.4
Matt Bowman,77,,7.5,28.6,,108.9,84.6,85.8,84.5,,382,137,378,,21,28,,1,1.3,0.9
Stephen Tarpley,59,,13.1,42.4,,108.7,90.1,94.8,84.8,,409,174,371,,27,45.8,,6,10.2,6.1
Kyle Crick,123,,13.6,25.2,,108.7,85.6,92.2,79.9,,433,173,398,,36,29.3,,8,6.5,3.5
Brad Wieck,75,,18.7,42.7,,108.6,91.5,93.6,91.3,,423,214,392,,34,45.3,,7,9.3,5.7
Josh Rogers,54,,22.2,37,,108.5,92.6,94.9,90,,422,244,384,,27,50,,8,14.8,11.6
Robert Gsellman,188,,11.8,29.8,,108.4,85.3,89.8,81.9,,424,153,391,,58,31.2,,7,3.7,2.5
Jake Jewell,57,,-0.3,24.6,,108.4,88.9,97.6,84.9,,430,133,405,,24,42.1,,8,14,9.2
Austin Brice,128,,13.6,34.4,,108.4,88,91.9,86.3,,412,168,384,,46,35.9,,7,5.5,3.5
Jake Diekman,136,,7.9,34.6,,108.3,87.6,93.2,84.9,,423,145,417,,45,33.3,,6,4.4,2.3
David Hale,124,,9.1,29.8,,108.3,86.2,90.3,83.6,,418,146,409,,33,26.6,,3,2.4,2
Austin Adams,53,,16,32.1,,108.3,91.7,97.1,87.7,,441,198,402,,25,47.2,,5,9.4,6.3
Sam Coonrod,61,,8.4,23,,108.2,87.4,92.4,86.3,,430,123,430,,20,33.9,,3,4.9,3.3
Pat Neshek,68,,14.4,30.9,,108.1,87.1,92.1,81.5,,410,177,399,,23,33.8,,6,8.8,7.7
Tim Hill,84,,0.7,26.2,,108.1,86.3,93.9,83.8,,425,134,404,,29,34.5,,5,6,3.9
Will Smith,131,,13.3,32.8,,108,88.7,91.3,87.2,,467,168,406,,52,39.7,,9,6.9,3.8
Michael Lorenzen,212,,10.1,33,,108,84.8,89.6,81.2,,426,167,383,,64,31.1,,7,3.3,2.2
Anthony Bass,113,,5.4,26.5,,107.9,87.8,92.1,85.4,,432,139,399,,41,36.6,,6,5.3,3.6
DJ Johnson,50,,12.7,36,,107.9,90.9,94.8,88.5,,426,157,,,21,42,,3,6,3.4
Shawn Kelley,131,,17.8,42.7,,107.9,87.4,92.5,80.4,,453,213,405,,44,33.6,,14,10.7,7.8
Colin Poche,94,,28.6,33,,107.8,88.8,92.5,86.2,,416,236,394,,32,34.4,,7,7.4,3.9
Jerry Blevins,73,,17.3,45.2,,107.8,87.4,92,80.1,,401,212,394,,29,39.7,,8,11,6.5
Cody Stashak,62,,22.1,45.2,,107.7,88.5,92.4,82.7,,406,227,384,,21,33.9,,8,12.9,10.3
Tim Melville,56,,15.9,33.9,,107.6,88.6,93.7,84.7,,426,199,393,,17,30.9,,5,8.9,5.9
Phil Maton,111,,10.5,36.9,,107.4,85.8,89.9,82.3,,400,161,379,,32,28.8,,6,5.4,3.9
Adam Morgan,78,,14.7,34.6,,107.3,88,93.1,85.2,,399,186,378,,25,32.1,,3,3.8,2.5
J.B. Wendelken,74,,21.7,25.7,,107.3,86.1,91.4,79.4,,413,188,399,,23,32.9,,2,2.7,1.8
Brad Boxberger,77,,14.6,35.1,,107.2,85.3,88.6,81.8,,404,179,382,,26,33.8,,6,7.8,4.9
Matt Festa,65,,15.4,32.3,,107.2,87.2,92.5,83.8,,415,177,409,,23,39,,7,10.8,6.9
Lewis Thorpe,54,,14.6,46.3,,107.2,87.2,91.2,83.7,,403,186,403,,16,29.6,,3,5.6,3.8
Travis Bergen,57,,15.5,35.1,,107.1,90.9,94.7,87.4,,406,195,375,,26,45.6,,7,12.3,8.2
Nick Goody,92,,26.6,28.3,,107.1,85.8,89.9,83.4,,398,198,380,,28,30.4,,2,2.2,1.3
Jon Duplantier,85,,12.4,34.1,,107.1,88.6,93.5,84.3,,412,177,384,,33,38.8,,7,8.2,5.2
Lucas Sims,77,,25,40.3,,106.9,87.2,92.7,79.3,,421,219,400,,23,29.9,,5,6.5,3.5
Keone Kela,61,,20.6,34.4,,106.9,88.5,94.4,82.4,,425,198,397,,18,29.5,,5,8.2,5.1
Cy Sneed,65,,8.9,36.9,,106.8,87.8,92.1,84.3,,455,165,406,,23,35.4,,5,7.7,5.4
Jake Newberry,82,,17.5,36.6,,106.8,91,92.9,89.5,,434,211,396,,34,42,,8,9.8,6.7
Carlos Martinez,106,,5.9,23.6,,106.5,86.2,89.7,84.3,,419,132,388,,34,32.4,,7,6.6,4.1
Genesis Cabrera,50,,13.3,36,,106.3,86,90.7,80.4,,425,188,416,,16,32,,4,8,5.6
David McKay,50,,20.7,40,,106.3,89.7,91.1,88.6,,425,217,406,,17,34,,5,10,5.7
Rich Hill,142,,9,28.9,,106.2,84.2,91.7,79.1,,425,156,388,,38,26.8,,7,4.9,3.2
Jay Jackson,58,,16.2,39.7,,106.2,88.4,93,84.9,,429,199,412,,22,37.9,,7,12.1,6.4
Richard Lovelady,70,,8.1,34.3,,105.9,86.9,91.9,83.3,,382,158,366,,23,32.9,,1,1.4,1
