last_name, first_name,player_id,attempts,avg_hit_angle,anglesweetspotpercent,max_hit_speed,avg_hit_speed,fbld,gb,max_distance,avg_distance,avg_hr_distance,ev95plus,ev95percent,barrels,brl_percent,brl_pa
Guerrero Jr., Vladimir,665489,314,6.7,31.8,118.9,89.7,93.9,87.7,451,160,418,128,40.8,27,8.6,6.3
Aquino, Aristides,606157,80,20.2,38.8,118.3,87.1,95.2,80.7,452,197,406,31,38.8,14,17.5,11.7
Alonso, Pete,624413,352,14.0,37.8,118.3,90.7,96.2,85.7,474,188,413,144,41.6,55,15.6,9.5
Sanchez, Gary,596142,258,19.3,34.1,118.3,91.2,95.9,86.4,481,209,417,107,41.5,49,19.0,11.9
Judge, Aaron,592450,194,10.6,39.2,118.1,96.4,99.6,92.9,467,192,399,114,58.8,39,20.1,10.9
Yelich, Christian,592885,356,10.7,32.3,117.9,93.2,97.0,90.4,462,182,407,172,48.7,55,15.4,10.1
Schwarber, Kyle,656941,316,15.6,33.2,117.6,92.3,97.0,89.1,473,196,406,157,50.0,42,13.3,8.3
Cruz, Nelson,443558,265,14.3,39.2,117.0,94.0,99.2,89.7,473,203,411,139,52.5,56,21.1,13.1
Trout, Mike,545361,344,22.0,44.2,116.6,90.7,94.9,84.4,473,233,417,149,44.1,64,18.6,10.9
Marte, Ketel,606466,439,11.5,33.9,116.3,89.9,93.2,87.7,482,172,408,176,40.1,38,8.7,6.7
Garcia, Avisail,541645,316,10.4,33.5,116.2,89.8,94.7,87.8,471,164,414,129,40.8,37,11.7,8.0
Bell, Josh,605137,391,12.2,35.0,116.2,92.6,96.2,90.1,474,185,412,181,47.0,51,13.0,8.9
Zunino, Mike,572287,153,18.9,28.1,116.1,88.6,97.2,83.6,455,176,428,59,38.6,18,11.8,6.7
Tatis Jr., Fernando,665487,227,6.9,33.5,115.9,89.6,95.8,84.3,468,164,405,100,44.1,30,13.2,8.1
Cron, C.J.,543068,316,13.0,35.4,115.9,91.1,96.2,87.4,453,189,405,141,45.0,49,15.5,11.1
Acuna Jr., Ronald,660670,397,13.6,38.3,115.9,90.2,95.2,84.9,466,185,419,180,45.3,57,14.4,9.0
Moncada, Yoan,660162,286,12.7,38.5,115.8,92.7,96.0,90.6,462,188,403,135,47.2,37,12.9,8.2
Soler, Jorge,624585,351,15.2,31.9,115.6,92.5,97.2,89.0,465,194,412,172,49.0,57,16.2,9.9
Gomez, Carlos,460576,59,16.4,30.5,115.6,83.6,91.4,77.1,408,168,399,19,33.3,7,11.9,7.1
Harper, Bryce,547180,335,12.3,37.9,115.5,91.4,97.3,85.2,466,191,412,156,46.6,49,14.6,8.4
Gallo, Joey,608336,129,20.3,36.4,115.4,93.0,101.2,78.3,467,231,419,67,52.3,34,26.4,11.4
Meadows, Austin,640457,330,17.1,36.7,115.4,90.6,95.0,86.3,447,205,400,142,43.0,39,11.8,8.0
Ozuna, Marcell,542303,299,14.1,33.1,115.3,92.4,97.3,88.3,455,184,403,150,51.7,40,13.4,9.2
Tellez, Rowdy,642133,211,14.0,37.0,115.2,89.7,94.1,85.3,449,188,404,80,38.1,25,11.8,7.6
Naylor, Josh,647304,145,2.3,28.3,115.1,88.9,93.0,87.5,448,134,402,48,33.1,10,6.9,4.9
Dozier, Hunter,641531,323,16.6,36.5,115.1,91.8,94.5,90.0,453,207,401,141,43.7,35,10.8,7.2
Ohtani, Shohei,660271,262,5.9,32.4,115.1,92.6,96.7,89.0,447,160,407,121,46.2,32,12.2,8.2
Devers, Rafael,646240,457,9.5,34.4,115.0,92.6,96.8,89.5,458,178,403,221,48.5,43,9.4,7.2
Bour, Justin,571506,97,10.4,28.9,115.0,89.1,95.4,85.3,435,166,407,41,43.2,11,11.3,6.8
Reyes, Franmil,614177,295,10.6,33.2,115.0,92.6,97.4,88.0,457,186,408,142,48.1,44,14.9,9.5
Schoop, Jonathan,570731,272,11.8,36.4,114.9,87.6,93.4,84.0,467,172,408,105,38.7,26,9.6,6.5
Nunez, Renato,600524,352,19.7,31.3,114.8,90.2,94.7,88.4,450,194,411,147,41.9,40,11.4,7.7
Alfaro, Jorge,595751,229,3.7,34.1,114.7,90.8,96.5,86.2,456,152,397,103,45.0,24,10.5,6.3
Sandoval, Pablo,467055,210,10.1,37.6,114.7,89.3,95.2,85.7,444,166,400,93,44.7,24,11.4,8.1
Markakis, Nick,455976,318,7.5,33.6,114.7,91.0,92.1,91.1,418,156,392,139,43.7,10,3.1,2.4
Davis, J.D.,605204,260,10.6,36.9,114.7,91.7,95.2,89.4,449,169,406,123,48.2,31,11.9,8.2
Mazara, Nomar,608577,311,10.7,34.4,114.6,89.1,94.2,86.1,505,173,422,123,40.1,34,10.9,7.7
Kang, Jung Ho,628356,113,13.7,32.7,114.5,92.2,97.1,87.9,457,180,409,52,46.0,13,11.5,7.0
Anderson, Brian,605119,348,11.1,31.3,114.4,89.9,94.6,86.7,446,172,397,159,45.7,31,8.9,6.0
Camargo, Johan,622666,183,10.4,32.8,114.4,86.2,88.7,85.9,416,156,391,55,30.1,4,2.2,1.7
Chapman, Matt,656305,381,15.8,25.5,114.4,92.2,96.9,90.1,453,181,406,179,48.0,47,12.3,8.3
Naquin, Tyler,571980,212,12.3,32.5,114.4,90.2,92.4,91.1,433,168,412,81,38.4,19,9.0,6.5
Lowe, Nate,663993,76,17.6,43.4,114.3,91.9,95.4,89.9,442,203,411,35,46.1,10,13.2,8.4
Hosmer, Eric,543333,409,2.3,29.3,114.3,90.3,94.0,88.3,431,138,401,183,44.7,29,7.1,5.1
Lowe, Brandon,664040,176,18.9,38.6,114.3,90.7,95.7,83.8,455,214,401,79,44.9,26,14.8,8.5
Diaz, Yandy,650490,248,5.6,33.9,114.3,91.6,96.9,89.2,428,162,389,110,44.4,26,10.5,7.6
Smith Jr, Dwight,596105,251,6.8,31.1,114.3,89.0,92.1,87.6,442,157,404,100,39.8,11,4.4,3.2
Donaldson, Josh,518626,340,13.3,33.2,114.2,92.8,98.4,88.7,441,184,406,173,50.9,54,15.9,9.5
Springer, George,543807,318,10.0,34.9,114.2,90.0,94.8,86.2,467,175,409,138,45.2,42,13.2,8.8
Sano, Miguel,593934,182,16.3,35.7,114.2,94.4,99.9,88.9,457,205,412,105,57.7,38,20.9,10.6
Franco, Maikel,596748,292,14.4,22.9,114.1,89.6,94.0,88.8,433,161,411,115,39.4,21,7.2,5.6
Renfroe, Hunter,592669,272,19.0,33.1,114.1,90.1,94.6,86.4,470,203,413,109,40.1,33,12.1,7.3
Alvarez, Yordan,670541,169,14.6,39.1,114.1,92.7,96.6,87.6,474,201,408,83,49.7,30,17.8,10.8
Baez, Javier,595879,377,7.6,36.3,114.1,91.0,96.1,86.5,460,172,404,163,43.6,48,12.7,8.6
Jimenez, Eloy,650391,265,8.8,30.6,114.1,90.1,96.1,86.4,471,161,417,117,44.2,27,10.2,6.7
Moreland, Mitch,519048,172,10.6,33.1,114.0,90.6,95.7,86.2,436,178,391,80,46.5,21,12.2,8.2
Gonzalez, Carlos,471865,95,1.7,28.4,114.0,87.1,92.0,84.6,404,134,382,33,34.7,6,6.3,3.6
Mancini, Trey,641820,386,7.4,34.7,113.9,89.9,96.2,84.6,438,170,403,162,42.0,38,9.8,6.7
Candelario, Jeimer,600869,191,15.8,30.9,113.9,87.4,91.4,85.4,449,186,392,63,33.0,12,6.3,3.9
Diaz, Elias,553869,219,8.9,29.2,113.9,87.8,88.7,89.6,398,145,398,75,34.2,5,2.3,1.7
Fisher, Derek,605233,75,7.3,37.3,113.8,92.3,96.8,91.4,447,160,416,36,48.6,10,13.3,7.8
Chavis, Michael,656308,220,12.0,32.3,113.8,88.7,93.7,86.5,459,173,419,75,34.2,25,11.4,6.5
Bote, David,623520,192,7.8,34.9,113.8,90.4,93.5,88.7,469,162,407,74,38.5,11,5.7,3.5
Polanco, Gregory,570256,104,18.6,31.7,113.7,89.5,93.6,88.2,436,195,407,31,30.4,10,9.6,6.0
Abreu, Jose,547989,421,10.7,34.9,113.7,92.0,96.1,89.8,442,165,402,206,48.9,53,12.6,9.1
Pederson, Joc,592626,292,16.3,30.1,113.7,91.0,96.0,88.1,454,180,395,123,42.9,28,9.6,6.3
Buxton, Byron,621439,206,19.5,33.0,113.6,89.3,95.0,84.1,454,199,408,79,38.7,17,8.3,5.8
Caratini, Victor,605170,141,6.4,31.9,113.6,91.4,94.2,89.4,439,160,404,58,42.3,14,9.9,6.6
Cooper, Garrett,643265,238,3.7,32.8,113.5,89.2,94.2,86.2,447,144,416,98,41.2,21,8.8,5.5
Lindor, Francisco,596019,419,10.8,30.5,113.5,91.0,93.9,89.9,437,173,395,174,41.7,32,7.6,5.9
Turner, Trea,607208,322,9.7,30.7,113.5,90.0,93.1,89.0,453,157,412,133,41.3,22,6.8,4.9
Miller, Brad,543543,72,14.1,22.2,113.4,92.3,94.7,92.0,434,171,403,35,48.6,7,9.7,5.9
Rizzo, Anthony,519203,374,12.8,35.8,113.4,89.1,92.7,86.9,472,180,402,137,36.8,28,7.5,5.2
Urshela, Gio,570482,316,13.8,38.3,113.3,90.7,94.2,88.2,461,184,407,129,41.1,23,7.3,5.6
Castro, Starlin,516770,447,10.0,29.3,113.3,88.8,91.6,87.6,438,156,399,173,38.8,25,5.6,4.4
Hernandez, Enrique,571771,279,19.9,35.1,113.3,88.4,91.9,86.4,432,193,398,97,35.0,19,6.8,4.7
Dixon, Brandon,641525,226,16.4,38.5,113.3,90.0,93.6,87.1,454,192,399,96,42.5,26,11.5,7.1
Puig, Yasiel,624577,364,14.7,31.9,113.3,89.7,94.0,87.9,455,184,410,138,39.2,36,9.9,6.9
Pham, Tommy,502054,377,4.5,30.2,113.3,90.8,95.3,88.2,458,149,407,170,45.2,33,8.8,5.9
Iannetta, Chris,455104,91,8.7,36.3,113.2,92.1,97.2,84.9,476,193,405,47,51.6,13,14.3,7.9
Peralta, David,444482,296,6.4,29.1,113.2,90.1,94.5,88.0,448,149,409,121,40.9,16,5.4,3.8
Odor, Rougned,596059,288,15.6,29.5,113.1,89.1,95.6,83.5,471,197,406,127,44.4,35,12.2,7.2
d'Arnaud, Travis,518595,219,13.2,33.8,113.1,90.0,93.8,87.6,453,173,403,89,40.6,18,8.2,5.7
Segura, Jean,516416,432,7.2,30.3,113.1,88.2,91.6,87.2,427,151,390,145,33.6,16,3.7,3.0
Vogelbach, Daniel,596129,285,17.7,40.0,113.1,89.0,93.9,83.3,448,207,399,107,37.8,33,11.6,6.7
Contreras, Willson,575929,212,8.2,31.1,113.1,88.3,94.5,83.7,460,174,404,88,41.5,24,11.3,7.1
Pence, Hunter,452254,219,10.1,36.1,113.1,91.4,95.4,89.0,456,182,410,92,42.6,20,9.1,6.3
Dean, Austin,621573,79,9.2,27.8,113.1,87.9,90.1,86.9,406,146,388,28,35.4,4,5.1,3.5
Encarnacion, Edwin,429665,291,22.6,35.1,113.0,90.0,94.5,87.3,442,203,401,119,41.8,35,12.0,7.8
Ramirez, Harold,623912,265,2.7,27.5,113.0,89.4,93.1,88.0,433,130,390,97,36.6,16,6.0,4.5
Shaw, Travis,543768,127,23.5,34.6,113.0,88.3,92.5,85.1,465,199,426,45,35.4,8,6.3,3.4
Realmuto, J.T.,592663,369,14.2,36.3,112.9,90.3,94.1,87.7,456,187,395,153,41.5,33,8.9,6.3
Moustakas, Mike,519058,381,16.7,33.1,112.9,89.4,94.0,86.3,459,192,401,157,41.5,40,10.5,7.8
McMahon, Ryan,641857,271,9.8,36.5,112.9,91.3,95.7,88.4,479,167,421,127,47.0,25,9.2,5.5
Dickerson, Alex,543105,110,13.9,40.0,112.9,90.0,95.0,87.2,458,175,414,49,44.5,10,9.1,6.3
Correa, Carlos,621043,203,12.2,37.4,112.8,89.0,96.0,83.1,474,192,402,81,41.8,26,12.8,8.4
Herrera, Odubel,546318,94,11.0,36.2,112.8,88.0,89.4,87.5,393,176,393,29,30.9,4,4.3,2.9
Gonzalez, Erik,570481,66,-0.3,22.7,112.8,82.4,89.2,80.4,362,105,,15,23.1,2,3.0,2.1
Soto, Juan,665742,356,12.0,37.4,112.8,91.1,96.7,84.6,443,192,404,168,47.2,46,12.9,8.4
Santander, Anthony,623993,243,14.6,32.9,112.8,89.7,92.4,89.3,429,191,408,90,37.0,19,7.8,5.9
Perez, Roberto,547379,228,4.3,32.9,112.8,88.2,95.4,82.5,447,165,401,93,41.2,26,11.4,6.8
Santana, Carlos,467793,395,11.0,29.6,112.8,92.1,93.8,92.0,426,173,398,181,46.1,42,10.6,7.2
Jones, JaCoby,592444,206,13.7,35.0,112.8,91.3,94.7,89.4,447,186,408,94,45.9,22,10.7,6.6
Happ, Ian,664023,60,15.5,18.3,112.7,89.2,96.2,86.7,474,162,402,22,36.7,7,11.7,7.4
Grichuk, Randal,545341,357,15.5,31.1,112.6,89.1,93.0,87.9,469,173,403,138,38.7,26,7.3,4.8
Voit, Luke,572228,240,12.3,41.3,112.6,89.5,95.3,82.1,470,183,406,93,38.9,32,13.3,7.5
Martinez, J.D.,502110,391,12.9,42.7,112.6,91.6,95.3,87.5,434,196,402,185,47.4,50,12.8,8.8
Hicks, John,543308,190,15.4,35.8,112.5,87.5,94.0,82.6,447,171,393,59,31.1,12,6.3,4.0
Kepler, Max,596146,407,18.4,31.4,112.5,89.8,93.1,88.7,438,197,392,167,41.5,38,9.3,6.8
Drury, Brandon,592273,274,14.5,37.2,112.5,87.2,93.6,83.5,426,170,391,104,38.0,26,9.5,6.6
Desmond, Ian,435622,287,7.3,31.7,112.5,90.8,93.7,89.4,486,159,424,121,42.2,28,9.8,6.6
Hiura, Keston,669374,177,16.6,37.3,112.4,91.5,94.9,88.7,442,194,401,85,48.6,25,14.1,8.5
Walker, Christian,572233,319,14.9,36.1,112.4,91.3,95.6,88.0,447,184,407,156,48.9,42,13.2,8.2
Kendrick, Howie,435062,238,9.6,35.3,112.4,92.0,94.8,90.6,435,171,413,119,50.0,28,11.8,9.1
Bogaerts, Xander,593428,423,14.0,35.5,112.4,90.8,94.0,89.1,451,187,399,186,44.1,40,9.5,6.7
Suarez, Eugenio,553993,343,17.6,38.8,112.3,89.2,93.0,85.6,457,193,400,137,40.4,43,12.5,7.6
Pujols, Albert,405395,357,11.6,25.8,112.3,88.4,92.4,87.4,436,164,400,130,37.1,21,5.9,4.6
Conforto, Michael,624424,349,16.3,35.5,112.2,87.9,93.2,80.6,452,196,398,128,37.1,41,11.7,7.5
Aguilar, Jesus,542583,222,13.9,33.8,112.2,89.3,93.3,87.1,446,173,403,84,38.0,16,7.2,4.7
Villar, Jonathan,542340,390,5.9,30.5,112.2,87.7,92.6,85.3,456,153,411,144,36.9,25,6.4,4.2
Cano, Robinson,429664,268,7.9,32.1,112.1,90.4,93.1,89.3,429,160,403,119,44.4,19,7.1,5.5
Bradley Jr., Jackie,598265,294,8.6,28.9,112.1,89.2,94.6,85.8,478,160,396,120,40.8,25,8.5,5.2
Adams, Matt,571431,181,19.1,39.8,112.1,89.8,95.5,83.1,438,210,405,82,45.3,28,15.5,9.2
Brinson, Lewis,621446,117,8.9,28.2,112.1,86.1,90.2,84.0,425,149,,38,32.5,6,5.1,3.3
Hernandez, Teoscar,606192,225,15.5,29.3,112.1,90.4,95.9,85.7,450,186,402,93,41.3,25,11.1,6.5
Ramirez, Jose,608070,406,20.0,32.8,112.1,89.0,91.8,87.2,431,200,399,143,35.2,25,6.2,4.7
Freeman, Freddie,518692,420,14.9,40.0,112.0,90.1,94.2,85.3,446,196,404,180,43.0,56,13.3,9.2
Machado, Manny,592518,400,13.2,31.5,112.0,91.0,94.8,90.8,455,180,402,170,42.5,33,8.3,5.8
McCann, James,543510,263,10.9,37.6,112.0,89.7,94.0,86.2,446,169,406,111,42.5,23,8.7,5.6
Calhoun, Willie,641432,180,18.2,35.6,111.9,89.8,92.8,90.4,424,194,391,74,41.1,11,6.1,4.7
Olson, Matt,621566,281,17.8,36.7,111.9,91.5,96.8,86.4,434,202,401,138,50.5,41,14.6,9.3
Berti, Jon,542932,124,4.0,31.5,111.9,88.2,95.2,84.1,451,133,400,53,42.7,7,5.6,3.6
Perez, Hernan,541650,135,8.8,27.4,111.8,88.7,92.3,88.1,399,148,385,48,36.6,5,3.7,2.5
Choo, Shin-Soo,425783,345,8.6,31.3,111.8,91.3,96.8,87.4,439,162,407,172,50.0,29,8.4,5.2
Heyward, Jason,518792,351,10.8,31.9,111.8,88.8,91.6,87.7,420,165,390,126,36.2,20,5.7,4.0
Story, Trevor,596115,367,17.3,36.2,111.8,90.9,94.2,89.8,459,198,418,167,45.5,33,9.0,5.9
O'Neill, Tyler,641933,85,18.9,30.6,111.8,89.1,94.2,86.1,433,173,411,31,37.3,6,7.1,4.2
Murphy, Tom,608596,135,19.7,35.6,111.7,91.0,95.4,84.7,430,213,389,64,47.4,17,12.6,7.6
Dietrich, Derek,518618,166,20.4,36.7,111.7,87.8,94.4,82.5,436,191,393,50,31.3,21,12.7,7.2
DeJong, Paul,657557,376,18.4,34.0,111.7,86.9,92.4,81.8,462,191,406,125,34.2,31,8.2,5.5
Almora Jr., Albert,546991,272,8.3,31.3,111.7,85.2,91.0,83.3,445,149,408,76,27.9,13,4.8,3.8
Pillar, Kevin,607680,439,14.9,34.6,111.7,86.8,91.0,83.7,432,174,398,138,31.5,24,5.5,4.5
Riley, Austin,663586,147,21.3,42.2,111.7,90.1,94.3,83.8,438,224,405,69,46.9,21,14.3,8.2
Stewart, DJ,621466,52,9.3,28.8,111.7,87.0,95.9,83.0,390,150,,20,38.5,2,3.8,2.6
Braun, Ryan,460075,312,6.7,34.0,111.7,91.1,95.4,88.6,443,162,404,138,44.7,30,9.6,6.8
Laureano, Ramon,657656,274,14.8,40.1,111.6,89.7,93.3,86.5,438,184,406,107,40.1,26,9.5,6.2
Marisnick, Jake,545350,174,9.1,29.3,111.6,84.8,91.5,79.8,427,157,388,56,32.4,7,4.0,2.5
Ervin, Phillip,640447,119,13.6,36.1,111.6,85.3,90.7,81.5,436,170,403,41,35.0,7,5.9,4.1
Upton, Justin,457708,129,19.2,34.9,111.6,87.1,93.4,83.1,432,193,402,48,37.2,14,10.9,6.1
Marte, Starling,516782,442,7.4,32.4,111.6,87.6,94.0,83.3,455,160,404,170,39.3,37,8.4,6.5
Cave, Jake,595909,93,6.3,37.6,111.5,90.5,96.7,85.4,437,154,406,41,44.1,10,10.8,5.8
Santana, Danny,542454,279,12.3,38.0,111.5,91.2,94.8,87.9,448,189,404,121,43.4,27,9.7,6.4
Goldschmidt, Paul,502671,370,14.7,36.5,111.5,90.0,94.5,85.9,464,196,411,151,41.5,41,11.1,7.2
Reyes, Pablo,622569,62,13.2,25.8,111.4,87.4,90.1,88.0,417,169,412,20,32.8,2,3.2,2.2
Duda, Lucas,446263,75,22.5,32.0,111.4,91.5,96.4,88.0,435,196,408,34,45.3,9,12.0,7.6
Kiermaier, Kevin,595281,312,6.6,27.6,111.4,88.6,93.5,87.2,437,146,412,115,37.0,17,5.4,4.0
Romine, Austin,519222,149,10.2,28.9,111.4,88.7,91.6,88.5,446,158,395,62,41.6,9,6.0,4.6
Goodwin, Brian,571718,238,16.8,40.8,111.4,87.8,91.8,82.2,453,203,402,78,33.6,17,7.1,4.6
Cabrera, Miguel,408234,337,12.5,37.7,111.4,90.5,92.0,90.1,453,171,405,151,45.1,21,6.2,4.4
Kingery, Scott,664068,256,17.5,39.1,111.4,88.5,93.8,83.8,437,192,392,100,39.1,21,8.2,5.1
Jansen, Danny,643376,244,15.4,33.2,111.4,88.6,92.4,87.2,430,181,408,99,40.6,15,6.1,4.3
White, Tyler,643603,165,12.6,32.1,111.4,86.1,89.3,83.3,418,173,386,49,30.4,6,3.6,2.2
Cuthbert, Cheslor,596144,220,14.1,31.4,111.4,88.6,91.4,89.6,446,163,402,82,37.3,10,4.5,3.4
Bryant, Kris,592178,363,19.2,34.2,111.4,87.4,92.4,83.4,445,186,408,122,34.0,33,9.1,5.9
Grandal, Yasmani,518735,322,13.4,37.6,111.3,90.2,94.5,87.0,441,187,395,130,40.8,33,10.2,6.3
Verdugo, Alex,657077,300,8.8,33.7,111.3,89.4,93.1,87.9,459,162,400,116,39.3,17,5.7,4.5
Castellanos, Nicholas,592206,401,14.2,39.2,111.2,88.8,93.6,83.3,436,195,391,162,40.8,40,10.0,7.1
Morales, Kendrys,434778,145,9.5,29.0,111.2,91.3,94.3,89.4,417,154,408,65,44.8,10,6.9,5.0
Beaty, Matt,607461,175,10.9,29.7,111.2,89.8,92.5,89.4,420,166,393,75,43.1,8,4.6,3.7
Piscotty, Stephen,572039,274,12.6,32.1,111.2,89.1,92.7,85.8,418,173,395,110,41.0,22,8.0,5.7
Bader, Harrison,664056,182,13.4,29.1,111.2,86.5,94.2,80.6,432,191,403,64,35.6,16,8.8,5.2
O'Hearn, Ryan,656811,196,12.5,27.0,111.2,90.3,95.4,88.5,439,167,398,81,41.3,14,7.1,4.5
Austin, Tyler,592122,74,12.5,28.4,111.1,90.7,95.5,84.9,441,200,412,34,45.9,12,16.2,7.8
Fowler, Dexter,451594,292,14.1,41.4,111.1,85.3,90.1,80.0,418,181,389,83,29.0,22,7.5,4.7
Rodriguez, Ronny,500135,166,14.4,28.9,111.1,87.2,94.3,81.2,454,189,398,67,40.9,14,8.4,5.8
LeMahieu, DJ,518934,439,7.3,37.1,111.1,91.9,95.3,89.6,446,162,387,211,48.2,34,7.7,6.1
Gamel, Ben,592325,178,8.5,36.5,111.1,89.1,91.7,86.6,421,170,398,71,40.3,8,4.5,2.7
Hicks, Aaron,543305,152,14.7,30.3,111.0,89.8,94.4,86.9,439,164,392,52,34.2,15,9.9,5.9
Severino, Pedro,600474,203,13.0,35.5,111.0,87.4,91.9,84.2,429,171,399,70,34.5,16,7.9,5.4
Hoskins, Rhys,656555,339,25.0,31.0,111.0,89.3,93.5,85.7,429,212,385,126,37.2,31,9.1,5.2
Ramos, Wilson,467092,354,1.4,27.4,111.0,90.6,93.7,89.5,427,124,390,154,43.8,18,5.1,4.0
Rondon, Jose,602922,106,7.6,33.0,110.9,86.9,90.4,85.1,385,148,378,34,32.1,3,2.8,1.9
Martinez, Jose,500874,244,6.7,36.5,110.8,88.6,93.5,84.6,440,159,412,94,38.8,17,7.0,4.8
Smoak, Justin,475253,276,16.6,38.4,110.8,90.3,93.5,87.6,438,204,401,109,39.5,32,11.6,7.1
McKinney, Billy,641856,159,13.6,30.2,110.8,85.5,92.2,80.8,405,161,380,50,31.4,9,5.7,3.9
Albies, Ozzie,645277,453,16.3,36.6,110.8,88.9,91.9,85.4,444,194,397,150,33.2,32,7.1,5.3
Winker, Jesse,608385,278,7.4,33.8,110.8,89.0,93.7,85.7,415,159,381,110,40.7,14,5.0,3.6
Castillo, Welington,456078,128,11.9,31.3,110.7,89.2,96.2,84.6,428,177,402,55,43.0,13,10.2,6.2
Eaton, Adam,594809,405,13.1,32.6,110.7,86.4,90.9,83.3,421,177,386,133,32.9,15,3.7,2.7
Bellinger, Cody,641355,392,17.8,42.1,110.6,91.2,95.3,85.6,442,211,405,185,47.7,54,13.8,9.5
Zimmerman, Ryan,475582,96,11.1,28.1,110.6,91.2,95.9,89.0,437,162,381,49,51.0,6,6.3,4.4
Gutierrez, Kelvin,642721,50,-2.2,28.0,110.6,89.8,92.7,89.2,398,121,352,20,40.0,2,4.0,2.5
Reynolds, Bryan,668804,312,10.0,37.5,110.6,90.1,92.9,88.4,421,172,402,134,43.6,20,6.4,4.3
Blackmon, Charlie,453568,411,13.6,35.8,110.6,88.6,93.2,84.8,464,183,412,165,40.1,37,9.0,6.8
Williamson, Mac,607776,84,8.5,28.6,110.6,85.3,89.7,84.0,444,143,401,28,33.7,3,3.6,2.1
Grossman, Robbie,543257,298,12.6,36.9,110.6,87.7,89.9,86.5,423,175,389,94,32.0,7,2.3,1.6
Gordon, Alex,460086,410,9.0,32.7,110.6,88.2,92.8,84.1,454,170,399,154,37.8,23,5.6,4.1
Gurriel, Yuli,493329,450,15.2,36.2,110.6,89.4,91.6,90.5,450,179,389,164,37.4,18,4.0,3.3
Engel, Adam,641553,103,7.9,32.0,110.5,82.1,88.7,77.7,412,147,405,28,27.2,4,3.9,2.4
Castro, Jason,488771,135,14.6,41.5,110.5,91.3,96.6,84.7,443,206,415,62,45.9,25,18.5,10.5
Myers, Wil,571976,220,11.7,33.6,110.5,88.7,96.6,82.7,468,177,407,88,40.2,22,10.0,5.4
Thames, Eric,519346,208,18.8,37.0,110.5,90.8,93.1,88.2,432,206,393,88,42.5,19,9.1,5.1
Robles, Victor,645302,346,14.8,34.1,110.5,80.9,88.6,73.1,446,167,401,79,22.8,17,4.9,3.3
Puello, Cesar,527049,88,-3.9,28.4,110.4,85.8,93.2,81.7,432,120,400,23,26.1,6,6.8,4.1
Lamb, Jake,571875,103,15.2,33.0,110.4,89.2,93.2,85.1,421,202,388,39,37.9,8,7.8,4.5
Travis, Sam,607752,90,9.2,30.0,110.4,88.6,93.0,88.3,443,153,425,36,40.0,8,8.9,6.3
Rosario, Amed,642708,415,8.6,35.4,110.3,89.5,91.6,88.4,428,160,395,165,40.2,17,4.1,3.1
Mullins, Cedric,656775,53,14.1,18.9,110.3,82.2,88.0,79.5,396,132,,9,17.0,1,1.9,1.4
McCutchen, Andrew,457705,164,12.7,32.9,110.3,90.6,93.3,89.6,431,174,399,67,40.9,12,7.3,4.6
Longoria, Evan,446334,285,14.6,35.8,110.3,90.3,93.5,87.5,438,189,404,117,41.1,23,8.1,5.6
Andrus, Elvis,462101,436,6.5,32.6,110.2,88.5,90.9,87.8,447,150,401,152,35.1,15,3.4,2.7
Cabrera, Melky,466320,299,8.5,32.4,110.2,88.3,90.1,88.4,433,149,394,101,34.0,7,2.3,2.0
Demeritte, Travis,641513,63,15.3,34.9,110.2,90.9,93.3,91.7,434,178,387,30,47.6,3,4.8,2.7
Osuna, Jose,591741,136,12.4,32.4,110.2,90.2,94.2,87.4,445,183,409,52,39.1,9,6.6,4.9
Muncy, Max,571970,312,13.7,40.4,110.1,89.8,94.6,84.3,464,193,405,136,44.0,39,12.5,7.3
Choi, Ji-Man,596847,267,12.3,36.0,110.1,90.6,94.1,87.7,445,177,401,107,40.1,26,9.7,6.4
Maldonado, Martin,455117,221,10.5,26.2,110.1,86.9,92.9,83.3,425,154,385,67,30.9,15,6.8,4.6
Smith, Kevan,607345,111,4.5,35.1,110.1,89.0,91.5,87.2,405,142,391,41,37.6,6,5.4,3.8
Martin, Leonys,547982,161,14.3,27.3,110.1,84.7,91.9,79.2,436,164,403,44,27.3,10,6.2,3.8
Moran, Colin,592567,306,11.9,38.9,110.1,88.3,93.4,84.4,422,170,393,107,35.5,23,7.5,5.3
Edman, Tommy,669242,185,14.1,32.4,110.1,86.7,90.5,84.7,408,165,387,57,31.0,6,3.2,2.5
Calhoun, Kole,594777,339,14.5,36.9,110.1,89.3,94.9,83.4,440,189,401,142,42.8,38,11.2,7.1
Ford, Mike,645801,90,17.5,36.7,110.0,91.9,93.3,91.5,430,212,390,39,43.8,9,10.0,7.2
Pinder, Chad,640461,220,7.9,32.7,110.0,90.0,95.4,86.7,437,164,406,88,41.7,15,6.8,4.8
Cain, Lorenzo,456715,397,6.3,31.0,110.0,89.0,91.5,88.4,425,146,398,161,41.0,17,4.3,3.1
Freese, David,501896,103,10.8,36.9,110.0,90.8,92.8,90.6,428,171,391,49,48.0,17,16.5,10.3
Stewart, Christin,621514,212,19.6,37.7,109.9,86.6,91.3,80.5,419,197,407,68,32.4,16,7.5,4.9
Davis, Khris,501981,284,13.1,31.0,109.9,90.0,94.9,85.5,426,180,392,108,39.3,29,10.2,6.5
Williams, Nick,608384,62,10.7,40.3,109.9,86.7,88.8,84.9,435,177,427,19,30.6,4,6.5,3.7
Diaz, Aledmys,649557,132,10.6,25.8,109.9,88.2,92.3,86.3,424,155,375,42,32.8,9,6.8,5.3
Flowers, Tyler,452095,150,11.1,28.7,109.9,89.8,94.6,87.0,441,161,407,59,39.3,16,10.7,6.0
Arenado, Nolan,571448,445,17.3,34.6,109.9,89.4,92.8,87.8,435,192,405,167,37.5,33,7.4,5.7
Healy, Ryon,592387,133,16.7,36.1,109.9,89.7,92.8,88.0,416,184,392,49,39.2,13,9.8,7.0
Arcia, Orlando,606115,337,6.0,27.3,109.9,87.6,91.3,85.7,434,147,392,103,30.8,18,5.3,3.8
Solarte, Yangervis,500208,58,6.1,37.9,109.9,82.2,84.3,82.5,371,130,350,13,22.4,2,3.4,2.6
Nimmo, Brandon,607043,84,11.8,31.0,109.9,86.3,92.0,79.6,405,172,384,26,31.0,5,6.0,3.1
Tauchman, Mike,643565,175,11.3,37.7,109.8,88.8,92.1,88.1,414,176,382,69,39.7,12,6.9,4.3
Gardner, Brett,458731,329,13.2,29.5,109.7,87.4,92.0,85.3,430,160,380,103,31.4,13,4.0,2.8
Seager, Corey,608369,325,14.1,34.8,109.7,88.5,93.0,83.6,441,189,404,123,38.4,21,6.5,4.6
Garver, Mitch,641598,191,15.2,34.0,109.7,91.0,97.3,84.7,443,196,400,93,48.7,29,15.2,9.7
Torres, Gleyber,650402,373,17.1,38.9,109.6,88.8,92.4,85.9,438,189,396,133,35.8,39,10.5,7.4
Peterson, Jace,607054,77,10.3,37.7,109.6,88.4,90.8,85.8,429,178,403,19,24.7,3,3.9,2.8
Gurriel Jr., Lourdes,666971,218,13.0,33.5,109.6,90.1,95.8,86.3,452,183,409,97,44.5,24,11.0,7.5
Mejia, Francisco,642336,157,19.6,30.6,109.6,88.3,92.2,87.3,422,185,391,48,30.6,8,5.1,3.6
Nunez, Eduardo,456488,143,6.4,23.8,109.6,87.8,93.1,87.9,410,125,409,46,32.2,2,1.4,1.1
Vogt, Stephen,519390,154,22.3,36.4,109.6,89.8,92.0,86.8,442,215,406,62,40.5,17,11.0,7.7
Solano, Donovan,456781,152,15.4,48.0,109.6,87.0,90.6,82.9,445,183,418,64,42.1,7,4.6,3.4
Lugo, Dawel,608475,145,5.6,35.9,109.6,86.7,88.6,85.1,391,146,383,46,31.9,6,4.1,3.1
Maybin, Cameron,457727,137,12.4,34.3,109.6,89.6,93.4,87.7,436,176,400,59,43.1,14,10.2,6.4
Pina, Manny,444489,100,15.9,46.0,109.5,88.4,91.9,84.6,416,205,403,35,35.0,9,9.0,5.6
Santana, Domingo,570267,284,11.8,41.5,109.5,89.0,94.7,82.1,425,180,399,117,42.5,36,12.7,7.3
Bauers, Jake,641343,246,14.3,32.1,109.5,87.7,91.4,86.2,450,174,397,83,33.7,13,5.3,3.4
Mercado, Oscar,640458,287,12.6,33.1,109.5,86.6,91.1,82.5,400,178,380,95,33.3,12,4.2,3.2
Votto, Joey,458015,348,15.4,41.1,109.5,88.9,91.4,85.6,425,198,399,130,38.1,24,6.9,4.6
Broxton, Keon,542979,103,8.2,28.2,109.4,85.4,93.2,80.4,474,156,407,31,30.1,6,5.8,2.7
Plawecki, Kevin,608700,112,15.3,25.9,109.4,85.8,91.4,82.7,407,163,396,36,32.1,6,5.4,3.9
Goodrum, Niko,592348,287,13.2,38.0,109.4,89.3,92.5,86.8,419,176,381,119,41.5,18,6.3,3.8
Beckham, Gordon,493596,144,14.4,37.5,109.4,86.7,90.3,83.8,418,180,390,54,37.8,14,9.7,6.2
Betts, Mookie,605141,450,19.0,38.0,109.3,90.8,94.3,87.2,424,205,393,206,45.9,47,10.4,7.4
Dickerson, Corey,572816,181,16.7,43.6,109.3,86.9,92.5,82.8,463,190,401,63,34.8,15,8.3,6.3
Guzman, Ronald,608597,136,15.4,34.6,109.3,84.4,91.4,76.9,438,179,407,46,34.8,14,10.3,6.1
Altuve, Jose,514888,349,7.8,28.7,109.3,85.6,92.6,81.5,448,143,393,115,34.0,25,7.2,5.5
Gonzalez, Marwin,503556,309,11.3,35.6,109.2,90.3,94.4,87.1,437,175,403,134,43.5,21,6.8,4.8
Cordell, Ryan,641477,137,15.5,24.8,109.2,86.1,94.6,79.9,450,179,404,43,31.4,9,6.6,4.1
Rojas, Miguel,500743,337,9.5,30.9,109.2,86.9,89.1,85.6,411,154,395,92,27.3,9,2.7,2.1
Bruce, Jay,457803,214,22.3,36.4,109.2,89.7,95.4,83.2,437,221,397,89,43.4,30,14.0,9.7
Kelly, Carson,608348,205,15.0,40.5,109.1,89.7,93.0,86.5,428,194,399,86,42.2,19,9.3,6.1
Frazier, Clint,640449,137,13.2,38.7,109.1,88.4,92.4,84.8,429,190,395,47,34.8,15,10.9,7.1
Slater, Austin,596103,82,5.2,39.0,109.1,89.2,97.2,82.8,418,168,382,43,53.1,10,12.2,6.8
Reynolds, Mark,448602,81,17.5,33.3,109.1,88.9,92.6,85.0,439,191,415,30,37.0,5,6.2,3.1
Adames, Willy,642715,326,9.6,35.6,109.1,87.7,93.7,82.3,427,164,388,120,37.0,27,8.3,5.3
Reyes, Victor,622682,133,6.9,37.6,109.1,85.4,87.6,83.9,392,153,362,33,24.8,3,2.3,1.6
Haniger, Mitch,571745,167,18.7,32.9,109.0,88.4,93.3,85.1,428,188,403,65,40.9,20,12.0,7.1
Barnes, Austin,605131,155,16.0,27.7,108.9,86.8,91.2,84.5,403,176,393,45,29.0,7,4.5,3.0
Carpenter, Matt,572761,255,18.2,37.3,108.9,87.0,91.9,79.2,442,202,406,79,31.9,18,7.1,4.2
Brantley, Michael,488726,447,10.6,37.6,108.9,88.7,92.2,87.2,438,163,394,161,37.1,25,5.6,4.5
Duvall, Adam,594807,55,25.0,25.5,108.9,89.2,96.5,82.7,440,205,417,13,23.6,7,12.7,7.8
Luplow, Jordan,656669,140,14.9,34.3,108.8,88.8,93.0,85.6,425,180,402,53,37.9,16,11.4,7.4
Margot, Manuel,622534,267,14.5,29.2,108.8,85.9,90.5,84.6,417,154,391,89,33.5,9,3.4,2.4
Simmons, Andrelton,592743,285,8.9,17.9,108.8,88.2,90.0,89.3,410,134,383,98,35.3,5,1.8,1.5
Hedges, Austin,595978,175,20.9,34.3,108.7,85.8,92.0,79.1,449,200,401,58,33.1,16,9.1,5.5
Lagares, Juan,501571,163,9.3,32.5,108.6,86.2,90.0,84.5,388,154,386,54,33.8,4,2.5,1.6
Beckham, Tim,542921,202,10.8,35.1,108.6,87.5,93.3,82.3,434,170,401,65,33.5,18,8.9,5.5
Hundley, Nick,460026,52,15.4,26.9,108.6,84.7,88.9,81.2,373,165,364,14,28.6,1,1.9,1.4
Rosario, Eddie,592696,404,16.5,32.9,108.6,88.8,93.4,84.7,421,186,388,138,34.5,33,8.2,6.7
Crawford, J.P.,641487,230,12.9,35.7,108.6,85.1,87.7,83.7,427,164,389,62,27.3,8,3.5,2.4
Rengifo, Luis,650859,249,9.9,31.7,108.6,87.1,91.0,84.8,427,154,414,75,30.6,15,6.0,4.1
Leon, Sandy,506702,113,20.2,32.7,108.6,83.4,89.4,76.7,406,173,382,27,23.9,2,1.8,1.2
Smith, Dominic,642086,132,14.8,37.1,108.5,87.9,91.9,85.0,435,178,400,45,34.6,10,7.6,5.1
Gregorius, Didi,544369,211,16.4,29.4,108.5,87.6,91.6,86.5,413,183,391,68,32.7,13,6.2,4.9
Alonso, Yonder,475174,211,13.9,33.2,108.5,88.0,92.0,86.1,422,169,394,85,40.3,12,5.7,3.8
Yastrzemski, Mike,573262,208,18.1,35.6,108.5,88.7,94.5,83.1,472,203,404,88,42.3,24,11.5,7.7
Jones, Adam,430945,350,12.9,31.7,108.5,86.3,90.5,84.4,441,165,406,107,30.6,25,7.1,5.3
Garcia, Leury,544725,396,4.1,30.3,108.5,86.8,90.8,84.1,431,140,412,116,29.4,15,3.8,2.7
Frazier, Todd,453943,295,16.6,32.2,108.4,88.2,91.9,85.9,437,181,391,108,37.2,22,7.5,5.1
Davis, Chris,448801,155,13.8,39.4,108.4,88.7,93.0,83.6,417,191,390,59,38.1,16,10.3,5.1
Swanson, Dansby,621020,314,14.5,36.6,108.4,90.2,93.4,87.2,424,188,402,134,42.7,34,10.8,7.5
Mondesi, Adalberto,609275,247,8.3,30.0,108.4,87.5,92.4,84.2,443,165,407,79,32.2,21,8.5,5.8
Cabrera, Asdrubal,452678,291,15.2,35.4,108.4,88.6,92.3,85.6,416,188,386,94,32.3,14,4.8,3.2
Schebler, Scott,594988,54,6.8,20.4,108.4,86.5,91.6,84.8,403,133,384,13,26.5,2,3.7,2.1
Hernandez, Cesar,514917,430,8.8,32.6,108.4,85.7,88.2,85.1,405,146,385,119,27.7,9,2.1,1.6
Lucroy, Jonathan,518960,232,12.6,31.9,108.3,86.8,90.1,85.5,434,163,415,72,32.1,8,3.4,2.6
Garcia, Greg,594824,185,2.8,29.2,108.3,85.5,88.6,83.3,421,129,389,52,28.3,5,2.7,1.7
Heredia, Guillermo,628338,133,10.7,32.3,108.3,85.7,88.2,85.4,433,153,390,47,35.6,3,2.3,1.4
Tovar, Wilfredo,541600,68,6.9,36.8,108.3,86.6,90.9,86.2,375,140,,20,29.4,0,0.0,0.0
Taylor, Chris,621035,216,12.6,38.4,108.3,84.6,89.5,78.5,426,173,396,63,29.9,10,4.6,2.9
Ahmed, Nick,605113,389,8.2,37.8,108.3,87.6,92.2,83.5,443,167,411,136,35.0,27,6.9,5.1
Profar, Jurickson,595777,328,13.7,29.3,108.2,86.5,92.2,83.1,425,168,388,99,31.2,20,6.1,4.5
Semien, Marcus,543760,469,14.3,34.1,108.2,88.4,92.9,85.1,438,177,399,168,36.5,36,7.7,5.7
Polanco, Jorge,593871,453,18.5,41.1,108.2,87.1,91.7,81.0,424,208,392,149,33.3,31,6.8,5.1
France, Ty,664034,101,15.7,26.7,108.2,88.4,91.5,87.9,424,158,385,43,42.6,6,5.9,4.1
McCann, Brian,435263,202,11.9,32.2,108.2,88.5,92.4,86.4,426,170,395,70,34.7,12,5.9,4.3
Herrera, Rosell,594011,79,11.2,26.6,108.2,86.7,87.5,86.9,430,151,409,22,27.8,2,2.5,1.7
Wendle, Joey,621563,133,10.8,28.6,108.2,87.3,88.5,87.1,388,164,358,45,33.8,2,1.5,1.1
Pollock, A.J.,572041,184,13.1,27.7,108.1,90.4,93.1,89.3,423,166,385,75,40.8,11,6.0,4.2
Canha, Mark,592192,245,15.8,33.1,108.1,88.7,93.9,85.8,436,182,399,96,39.7,26,10.6,6.6
Bichette, Bo,666182,100,8.5,42.0,108.0,91.2,94.3,90.1,441,161,408,50,50.0,10,10.0,6.9
Tilson, Charlie,605508,106,4.9,29.2,107.9,86.9,89.8,85.6,404,140,404,33,31.1,3,2.8,1.9
Avila, Alex,488671,82,7.1,39.0,107.9,90.7,96.6,86.5,448,166,395,38,46.3,15,18.3,9.2
Chirinos, Robinson,455139,221,16.2,35.3,107.8,86.1,93.0,78.1,431,179,394,81,37.5,17,7.7,4.3
Anderson, Tim,641313,315,7.6,35.9,107.8,88.9,91.4,87.2,440,162,400,123,39.0,16,5.1,3.8
Ruiz, Rio,547004,223,12.4,33.6,107.8,88.0,92.6,84.7,427,163,392,82,36.8,5,2.2,1.5
Wong, Kolten,543939,349,12.1,28.9,107.7,84.2,89.1,81.1,424,169,392,90,26.1,9,2.6,1.9
Turner, Justin,457759,377,18.1,39.5,107.7,90.3,93.1,87.8,433,205,400,161,43.3,30,8.0,5.7
Robertson, Daniel,621002,126,4.3,21.4,107.7,87.1,91.2,85.1,391,134,376,46,36.5,2,1.6,1.0
Iglesias, Jose,578428,376,7.8,30.9,107.7,84.1,87.5,83.0,423,139,384,91,24.8,9,2.4,2.0
Rendon, Anthony,543685,393,19.3,39.9,107.7,90.7,93.9,88.5,431,209,398,188,47.8,51,13.0,9.5
Benintendi, Andrew,643217,359,18.1,39.6,107.7,88.5,92.0,85.7,436,196,390,134,37.3,30,8.4,5.5
Reddick, Josh,502210,397,14.8,35.3,107.7,86.1,89.3,85.1,409,170,383,115,30.0,11,2.8,2.3
Culberson, Charlie,518586,88,12.0,39.8,107.7,87.5,92.8,83.3,431,177,381,26,29.5,6,6.8,4.4
Locastro, Tim,641796,147,12.1,28.6,107.6,83.4,87.7,82.0,399,148,390,27,18.4,2,1.4,0.9
Posey, Buster,457763,293,9.9,33.4,107.6,89.1,93.1,85.8,435,164,401,108,36.9,15,5.1,3.9
Gomes, Yan,543228,183,18.4,30.6,107.6,87.2,91.3,84.3,447,189,402,65,35.7,9,4.9,3.2
Nola, Austin,543592,124,17.2,31.5,107.6,87.4,91.0,86.3,407,180,376,48,38.7,3,2.4,1.7
Senzel, Nick,669222,271,10.7,32.5,107.6,87.7,92.0,85.0,422,163,390,100,37.5,22,8.1,5.4
Sanchez, Yolmer,570560,322,12.4,32.3,107.5,85.3,88.3,83.7,392,161,354,84,26.2,3,0.9,0.7
Mercer, Jordy,474568,162,12.8,37.0,107.5,87.1,92.0,85.4,421,173,399,59,36.4,11,6.8,5.1
Rodriguez, Sean,446481,58,10.0,22.4,107.5,83.7,92.2,78.0,414,162,380,20,34.5,3,5.2,2.8
Martin, Russell,431145,137,9.8,27.0,107.5,88.1,92.3,86.9,445,143,423,43,32.3,7,5.1,3.1
Bregman, Alex,608324,410,19.4,36.3,107.4,89.0,92.1,87.7,440,199,379,146,36.7,22,5.4,3.7
Sisco, Chance,642082,95,15.4,40.0,107.4,88.7,93.6,82.2,441,203,388,37,38.9,10,10.5,6.0
Astudillo, Willians,553902,134,14.7,39.6,107.4,86.4,89.7,85.4,420,177,395,43,33.1,5,3.7,3.4
Greiner, Grayson,606988,98,12.5,26.5,107.4,84.7,90.0,82.4,399,144,378,27,27.6,4,4.1,2.4
Pearce, Steve,456665,59,12.8,35.6,107.3,88.5,93.6,84.0,399,174,399,20,33.9,3,5.1,3.0
Vazquez, Christian,543877,333,12.4,38.4,107.3,88.9,93.0,85.0,443,185,387,129,38.7,20,6.0,4.5
Vargas, Ildemaro,545121,157,3.0,25.5,107.3,86.5,88.9,85.3,426,132,397,44,28.0,5,3.2,2.7
Swihart, Blake,596119,56,12.2,33.9,107.3,85.7,88.3,83.2,415,179,399,15,26.8,3,5.4,3.0
Suzuki, Kurt,435559,230,17.8,39.6,107.3,85.9,90.3,80.3,423,184,387,75,32.6,14,6.1,4.9
Russell, Addison,608365,139,7.6,32.4,107.2,86.2,90.8,82.9,414,164,394,37,26.6,9,6.5,4.3
McNeil, Jeff,643446,359,13.7,34.3,107.2,88.7,92.3,86.4,415,171,391,133,37.4,16,4.5,3.4
Kipnis, Jason,543401,350,12.9,33.4,107.1,86.8,91.3,82.3,449,178,392,122,35.2,20,5.7,4.2
Seager, Kyle,572122,236,19.8,38.1,107.1,89.8,93.3,85.5,420,204,386,97,41.8,21,8.9,6.1
Dahl, David,621311,271,10.8,41.0,107.1,88.2,93.8,81.4,447,189,405,105,38.7,28,10.3,6.8
Newman, Kevin,621028,355,7.5,32.7,107.1,84.7,87.7,82.8,426,147,400,91,25.9,8,2.3,1.8
Forsythe, Logan,523253,212,12.1,41.0,107.1,89.2,93.0,84.9,432,184,399,81,38.6,12,5.7,3.4
Martin, Richie,621006,184,7.0,27.7,107.1,80.8,88.4,78.0,403,128,383,47,25.5,3,1.6,1.1
Gyorko, Jedd,576397,54,15.4,29.6,107.0,85.0,92.1,81.2,435,168,424,15,27.8,3,5.6,3.6
Grisham, Trent,663757,54,20.1,37.0,107.0,89.9,94.2,84.8,403,204,396,23,42.6,4,7.4,4.7
Riddle, JT,595375,90,9.9,30.0,107.0,88.9,92.0,86.9,399,168,384,27,30.0,8,8.9,5.8
Granderson, Curtis,434158,206,18.2,39.8,107.0,88.0,93.1,80.4,439,197,391,73,35.4,15,7.3,4.4
Peraza, Jose,606299,262,17.5,33.2,106.9,84.7,87.9,84.4,432,176,384,66,25.9,1,0.4,0.3
Owings, Chris,572008,87,11.1,26.4,106.9,86.6,92.2,83.6,408,151,378,26,29.9,5,5.7,3.1
VanMeter, Josh,642165,132,15.8,43.2,106.9,90.5,93.3,88.1,463,197,404,50,38.5,5,3.8,2.6
Starling, Bubba,605490,95,10.2,32.6,106.9,80.1,88.4,73.1,406,166,374,19,20.0,3,3.2,2.0
Escobar, Eduardo,500871,436,18.6,39.9,106.9,88.1,91.2,84.4,433,218,394,141,32.3,35,8.0,5.9
Adrianza, Ehire,501303,157,13.6,36.9,106.9,86.0,90.2,82.0,414,161,401,43,27.4,4,2.5,1.8
Duggar, Steven,621453,186,8.0,35.5,106.8,84.7,90.5,80.6,408,151,400,61,32.8,8,4.3,2.8
Cervelli, Francisco,465041,87,10.8,36.8,106.8,86.4,90.2,82.5,399,171,373,26,29.9,4,4.6,3.0
Quinn, Roman,596451,75,5.5,22.7,106.7,80.2,94.8,74.1,439,140,414,27,36.0,4,5.3,3.3
Joyce, Matt,459964,114,17.6,40.4,106.7,88.3,92.0,83.4,406,198,388,37,32.5,8,7.0,4.6
Crawford, Brandon,543063,333,8.4,36.9,106.7,87.2,92.8,83.0,443,158,400,115,34.5,18,5.4,3.8
Nido, Tomas,621512,87,6.0,26.4,106.7,86.0,93.2,82.3,428,151,409,25,29.8,4,4.6,3.3
Farmer, Kyle,571657,110,17.4,30.9,106.7,85.4,90.8,83.1,414,171,384,32,29.9,7,6.4,4.1
Dozier, Brian,572821,286,19.0,32.5,106.6,88.6,93.2,84.3,435,192,394,101,35.3,19,6.6,4.3
Belt, Brandon,474832,344,21.3,42.4,106.6,86.9,91.5,80.4,434,217,392,125,36.4,30,8.7,5.7
Wieters, Matt,446308,114,13.8,32.5,106.4,88.9,92.1,85.1,428,196,386,40,35.1,9,7.9,5.2
Munoz, Yairo,622168,131,6.8,28.2,106.4,84.4,87.4,83.2,404,130,384,32,24.4,2,1.5,1.2
Viloria, Meibrys,650619,66,-0.1,15.2,106.4,84.2,89.8,81.9,383,126,343,17,25.8,1,1.5,1.0
Stassi, Max,545358,83,11.9,24.1,106.4,89.6,93.3,89.3,378,140,366,33,40.7,2,2.4,1.4
Murphy, Daniel,502517,319,15.2,36.7,106.4,86.3,89.4,84.1,427,181,388,88,27.7,8,2.5,1.9
Tapia, Raimel,606132,290,7.3,36.9,106.3,87.7,90.3,85.9,440,159,405,96,33.1,11,3.8,2.8
Flores, Wilmer,527038,181,15.8,37.6,106.3,87.1,89.2,85.7,422,180,394,53,29.3,10,5.5,4.6
Phegley, Josh,572033,234,17.5,34.2,106.3,83.8,89.2,78.1,413,187,384,58,25.2,7,3.0,2.3
Brosseau, Michael,670712,92,14.9,32.6,106.2,86.0,92.6,79.9,413,186,389,33,35.9,4,4.3,3.0
Walker, Neil,435522,223,12.2,41.3,106.2,86.2,88.8,83.9,428,178,409,70,31.4,15,6.7,4.7
Panik, Joe,605412,372,12.4,33.3,106.2,86.2,89.6,84.0,414,170,392,94,25.5,7,1.9,1.5
Narvaez, Omar,553882,297,18.6,41.1,106.1,85.6,89.3,82.0,420,196,386,82,28.4,16,5.4,3.8
Stallings, Jacob,607732,113,11.9,28.3,106.1,88.6,92.7,85.6,408,170,392,41,37.6,7,6.2,4.4
Moore, Dylan,664238,123,17.9,31.7,106.1,88.2,92.1,84.8,432,179,406,47,38.5,8,6.5,3.5
Frazier, Adam,624428,412,12.0,37.6,106.1,86.3,89.2,84.0,423,172,394,112,27.5,8,1.9,1.6
Garneau, Dustin,572863,64,20.7,20.3,106.0,84.5,86.8,85.3,413,167,399,16,25.0,3,4.7,3.0
Hernandez, Marco,593523,71,6.1,19.7,106.0,84.5,87.0,84.6,395,142,371,16,22.5,1,1.4,1.1
Tucker, Cole,657061,80,7.7,28.8,105.9,87.6,92.7,84.4,431,156,412,33,43.4,4,5.0,3.3
Hechavarria, Adeiny,588751,138,10.3,31.2,105.9,87.5,92.1,84.4,422,167,385,37,27.4,7,5.1,3.6
La Stella, Tommy,600303,256,13.4,34.4,105.9,87.9,92.1,85.4,433,170,396,78,30.6,14,5.5,4.5
Allen, Greg,656185,148,6.4,29.7,105.9,85.8,91.0,82.1,439,150,394,52,35.6,5,3.4,2.4
Smith, Mallex,605480,333,7.6,30.3,105.7,84.7,88.7,82.3,398,148,378,68,20.6,8,2.4,1.6
Freeman, Mike,502273,95,6.3,37.9,105.7,82.1,89.9,76.3,403,149,382,28,29.5,3,3.2,2.0
Descalso, Daniel,518614,110,10.4,30.0,105.7,87.6,93.2,83.8,421,168,407,34,30.9,4,3.6,2.2
Haseley, Adam,656514,102,5.1,30.4,105.6,86.7,90.5,85.1,411,121,404,25,24.5,3,2.9,2.0
Galvis, Freddy,520471,390,13.6,31.5,105.6,88.1,91.2,85.7,434,175,388,139,35.6,21,5.4,3.8
Urias, Luis,649966,101,10.6,30.7,105.5,86.1,90.4,83.0,396,157,354,32,31.7,4,4.0,2.5
Dyson, Jarrod,502481,284,9.1,29.9,105.5,82.2,88.1,78.7,403,140,389,64,22.5,5,1.8,1.3
Goins, Ryan,572365,89,7.1,29.2,105.5,87.7,91.9,84.6,416,151,388,30,33.7,1,1.1,0.7
Mathis, Jeff,425772,139,17.3,29.5,105.5,85.7,89.9,83.4,412,178,399,35,25.5,2,1.4,0.9
Lopez, Nicky,670032,292,1.8,22.6,105.4,83.7,86.2,83.0,398,116,393,55,18.9,4,1.4,1.1
Parra, Gerardo,467827,193,10.8,36.3,105.3,84.7,89.2,81.2,413,157,388,37,19.2,7,3.6,2.6
Gallagher, Cam,595956,100,11.1,38.0,105.3,84.4,88.7,80.4,378,173,364,24,24.0,2,2.0,1.4
Smith, Will,669257,80,25.4,42.5,105.3,89.2,92.7,82.3,449,239,396,34,43.0,11,13.8,8.5
Knapp, Andrew,595284,66,13.6,33.3,105.2,86.5,94.5,79.9,398,177,398,27,40.9,3,4.5,2.5
Hampson, Garrett,641658,149,12.1,30.2,105.2,82.8,88.1,79.6,425,148,389,36,24.3,3,2.0,1.3
Maile, Luke,571912,83,11.3,33.7,105.2,83.3,91.6,77.6,403,155,380,24,28.9,4,4.8,3.3
Thaiss, Matt,642136,71,14.3,31.0,105.2,87.6,92.5,83.8,394,179,378,28,39.4,2,2.8,1.7
Zobrist, Ben,450314,73,3.7,30.1,105.1,86.3,90.6,83.7,383,137,,19,26.0,1,1.4,1.0
Barnhart, Tucker,571466,189,11.1,34.9,105.1,86.8,90.9,84.3,415,171,385,54,29.7,7,3.7,2.3
Duffy, Matt,622110,85,3.9,28.2,105.0,86.4,89.6,83.8,393,129,,26,30.6,2,2.4,1.7
Castro, Harold,605612,204,8.2,36.3,105.0,86.4,91.0,82.3,408,147,390,56,27.6,8,3.9,2.8
Harrison, Josh,543281,112,19.5,30.4,105.0,85.3,89.4,83.1,417,180,417,32,29.1,5,4.5,3.4
Herrmann, Chris,543302,55,7.1,27.3,105.0,87.6,91.5,86.0,410,134,407,17,30.9,4,7.3,4.3
Kiner-Falefa, Isiah,643396,123,5.8,29.3,104.9,86.2,89.1,85.3,397,138,397,40,32.5,2,1.6,1.1
Wilkerson, Stevie,592859,194,10.0,33.0,104.9,85.9,91.4,82.6,423,163,392,60,30.9,8,4.1,2.5
Holaday, Bryan,592407,79,9.7,34.2,104.8,87.8,92.8,85.2,387,148,379,26,32.9,1,1.3,0.9
Merrifield, Whit,593160,480,14.7,41.9,104.8,86.6,91.1,81.4,434,182,392,142,29.6,23,4.8,3.7
Biggio, Cavan,624415,182,19.2,43.4,104.6,88.9,91.7,83.9,429,220,394,73,40.1,17,9.3,5.1
Fletcher, David,664058,448,8.9,38.6,104.5,84.2,87.5,82.3,413,160,383,80,18.1,2,0.4,0.4
Molina, Yadier,425877,289,13.6,41.9,104.4,86.7,91.4,82.7,426,173,398,91,32.6,12,4.2,3.4
Cozart, Zack,446359,84,21.6,31.0,104.2,85.9,88.8,84.9,382,186,,18,21.4,1,1.2,0.9
Casali, Curt,592200,122,16.7,46.7,104.1,86.9,89.5,82.2,420,209,391,34,28.6,8,6.6,4.2
DeShields, Delino,592261,213,10.6,34.7,104.0,82.4,91.6,74.3,398,164,380,52,24.4,5,2.3,1.5
Arteaga, Humberto,600858,86,7.5,27.9,103.7,83.0,86.5,80.1,384,143,,19,22.1,0,0.0,0.0
Diaz, Isan,656371,56,21.4,19.6,103.7,86.6,90.8,85.0,422,184,391,17,30.4,2,3.6,2.1
Lopes, Tim,621005,56,7.2,37.5,103.7,85.3,90.6,81.9,397,161,397,12,21.4,1,1.8,1.2
Prado, Martin,445988,175,6.7,31.4,103.6,86.7,88.8,86.0,381,148,381,47,26.9,0,0.0,0.0
Alberto, Hanser,593643,396,11.0,34.3,103.6,82.9,86.4,81.0,418,157,393,73,18.4,12,3.0,2.7
Kinsler, Ian,435079,205,16.8,33.2,103.5,83.6,87.7,81.5,408,161,375,48,23.5,3,1.5,1.1
Jay, Jon,445055,141,5.3,36.2,103.5,80.6,86.4,76.6,410,146,,18,12.8,2,1.4,1.1
Wolters, Tony,547172,267,9.8,39.7,103.4,84.6,88.1,81.4,413,168,361,54,20.2,0,0.0,0.0
Rickard, Joey,572073,104,17.0,31.7,103.4,84.6,89.2,80.7,427,172,371,22,21.2,4,3.8,2.5
Inciarte, Ender,542255,159,9.3,35.2,103.3,81.8,86.1,78.6,414,146,375,28,17.6,3,1.9,1.3
Holt, Brock,571788,154,10.5,33.8,103.0,88.3,89.8,87.5,406,162,388,55,35.7,2,1.3,0.9
Sogard, Eric,519299,325,18.6,41.2,102.9,85.1,88.4,81.5,414,190,378,68,20.9,7,2.2,1.6
Straw, Myles,664702,65,8.5,43.1,102.6,84.0,87.7,81.2,380,152,,10,15.4,1,1.5,1.0
Gordon, Dee,543829,296,5.6,28.4,102.5,82.8,87.0,80.5,368,131,361,55,19.2,0,0.0,0.0
Daza, Yonathan,602074,59,4.4,22.0,102.5,83.1,86.3,81.5,415,123,,12,20.3,1,1.7,1.3
Gennett, Scooter,571697,94,12.6,40.4,102.3,85.8,89.4,81.9,413,180,405,23,24.5,2,2.1,1.4
Arraez, Luis,650333,218,12.3,45.0,102.2,86.4,89.1,83.6,401,175,384,44,20.4,6,2.8,2.2
Difo, Wilmer,594694,95,8.4,32.6,102.2,81.7,86.7,79.2,380,147,375,19,20.0,0,0.0,0.0
Kemp, Tony,643393,176,13.5,29.5,101.4,84.2,89.6,78.2,397,179,356,28,16.4,3,1.7,1.3
Hamilton, Billy,571740,220,11.9,32.7,99.9,78.4,83.7,75.4,374,152,,17,7.8,0,0.0,0.0