last_name, first_name,player_id,year,pa,bip,ba,est_ba,est_ba_minus_ba_diff,slg,est_slg,est_slg_minus_slg_diff,woba,est_woba,est_woba_minus_woba_diff
Betts, Mookie,605141,2019,639,450,.287,.289,-.002,.507,.522,-.015,.376,.391,-.015
Acuna Jr., Ronald,660670,2019,633,397,.284,.275,.009,.516,.538,-.022,.374,.381,-.007
Semien, Marcus,543760,2019,632,469,.272,.257,.015,.488,.441,.047,.359,.340,.019
Merrifield, Whit,593160,2019,628,480,.299,.288,.011,.471,.433,.038,.347,.334,.013
Freeman, Freddie,518692,2019,611,420,.301,.287,.014,.580,.563,.017,.405,.398,.007
Polanco, Jorge,593871,2019,607,453,.302,.280,.022,.497,.464,.033,.366,.349,.017
Albies, Ozzie,645277,2019,602,453,.288,.281,.007,.485,.466,.019,.351,.346,.005
Bogaerts, Xander,593428,2019,598,423,.312,.277,.035,.580,.476,.104,.404,.361,.043
Devers, Rafael,646240,2019,595,457,.321,.302,.019,.577,.523,.054,.394,.372,.022
Escobar, Eduardo,500871,2019,594,436,.271,.253,.018,.533,.459,.074,.354,.330,.024
Hoskins, Rhys,656555,2019,592,339,.239,.219,.020,.476,.404,.072,.367,.345,.022
Villar, Jonathan,542340,2019,592,390,.278,.247,.031,.462,.390,.072,.346,.313,.033
Bregman, Alex,608324,2019,589,410,.290,.263,.027,.565,.438,.127,.410,.368,.042
Trout, Mike,545361,2019,585,344,.293,.305,-.012,.642,.641,.001,.442,.454,-.012
Abreu, Jose,547989,2019,583,421,.284,.283,.001,.499,.506,-.007,.346,.359,-.013
Santana, Carlos,467793,2019,582,395,.290,.268,.022,.544,.485,.059,.400,.377,.023
Harper, Bryce,547180,2019,580,335,.257,.272,-.015,.501,.525,-.024,.368,.386,-.018
Alonso, Pete,624413,2019,579,352,.265,.259,.006,.589,.522,.067,.397,.381,.016
Soler, Jorge,624585,2019,576,351,.251,.260,-.009,.533,.549,-.016,.367,.382,-.015
Arenado, Nolan,571448,2019,575,445,.311,.271,.040,.575,.462,.113,.389,.339,.050
Bell, Josh,605137,2019,574,391,.280,.280,.000,.579,.541,.038,.387,.383,.004
Hosmer, Eric,543333,2019,571,409,.285,.268,.017,.456,.423,.033,.333,.320,.013
Bellinger, Cody,641355,2019,571,392,.309,.326,-.017,.651,.634,.017,.430,.440,-.010
Donaldson, Josh,518626,2019,570,340,.259,.263,-.004,.527,.517,.010,.383,.385,-.002
Goldschmidt, Paul,502671,2019,570,370,.256,.265,-.009,.459,.507,-.048,.337,.362,-.025
Marte, Starling,516782,2019,570,442,.295,.307,-.012,.505,.505,.000,.358,.368,-.010
Marte, Ketel,606466,2019,569,439,.320,.293,.027,.571,.485,.086,.399,.362,.037
Suarez, Eugenio,553993,2019,568,343,.261,.237,.024,.546,.463,.083,.369,.341,.028
Martinez, J.D.,502110,2019,568,391,.317,.315,.002,.590,.590,.000,.408,.416,-.008
Machado, Manny,592518,2019,567,400,.267,.262,.005,.479,.447,.032,.346,.337,.009
Chapman, Matt,656305,2019,565,381,.259,.252,.007,.523,.488,.035,.366,.357,.009
Castellanos, Nicholas,592206,2019,565,401,.287,.270,.017,.513,.497,.016,.358,.352,.006
Bryant, Kris,592178,2019,564,363,.282,.244,.038,.516,.445,.071,.381,.347,.034
Mancini, Trey,641820,2019,563,386,.275,.269,.006,.517,.476,.041,.365,.353,.012
Castro, Starlin,516770,2019,563,447,.267,.269,-.002,.407,.410,-.003,.295,.306,-.011
Eaton, Adam,594809,2019,562,405,.288,.274,.014,.436,.401,.035,.353,.339,.014
Choo, Shin-Soo,425783,2019,561,345,.263,.257,.006,.453,.455,-.002,.355,.357,-.002
Pham, Tommy,502054,2019,561,377,.274,.277,-.003,.463,.464,-.001,.359,.365,-.006
Baez, Javier,595879,2019,560,377,.281,.267,.014,.532,.486,.046,.353,.335,.018
Story, Trevor,596115,2019,560,367,.296,.266,.030,.555,.462,.093,.383,.343,.040
Kepler, Max,596146,2019,559,407,.256,.259,-.003,.539,.449,.090,.367,.344,.023
DeJong, Paul,657557,2019,559,376,.243,.242,.001,.451,.426,.025,.331,.329,.002
LeMahieu, DJ,518934,2019,558,439,.335,.319,.016,.538,.514,.024,.389,.381,.008
Rosario, Amed,642708,2019,556,415,.286,.281,.005,.432,.398,.034,.321,.313,.008
Gordon, Alex,460086,2019,555,410,.259,.253,.006,.398,.417,-.019,.317,.329,-.012
Brantley, Michael,488726,2019,555,447,.329,.298,.031,.529,.458,.071,.388,.357,.031
Galvis, Freddy,520471,2019,550,390,.268,.231,.037,.449,.364,.085,.316,.272,.044
Soto, Juan,665742,2019,550,356,.298,.291,.007,.578,.571,.007,.411,.412,-.001
Hernandez, Cesar,514917,2019,549,430,.284,.273,.011,.397,.361,.036,.315,.302,.013
Andrus, Elvis,462101,2019,546,436,.275,.268,.007,.401,.386,.015,.306,.308,-.002
Fletcher, David,664058,2019,546,448,.285,.294,-.009,.391,.373,.018,.319,.322,-.003
Yelich, Christian,592885,2019,546,356,.328,.311,.017,.670,.603,.067,.444,.421,.023
Garcia, Leury,544725,2019,546,396,.273,.244,.029,.375,.345,.030,.293,.274,.019
Conforto, Michael,624424,2019,546,349,.261,.253,.008,.499,.481,.018,.365,.364,.001
Benintendi, Andrew,643217,2019,545,359,.281,.252,.029,.456,.432,.024,.348,.331,.017
Gurriel, Yuli,493329,2019,544,450,.309,.289,.020,.555,.419,.136,.378,.328,.050
Cain, Lorenzo,456715,2019,542,397,.251,.285,-.034,.353,.399,-.046,.296,.333,-.037
Blackmon, Charlie,453568,2019,541,411,.317,.289,.028,.580,.502,.078,.393,.358,.035
Lindor, Francisco,596019,2019,540,419,.296,.276,.020,.531,.451,.080,.365,.336,.029
Pillar, Kevin,607680,2019,539,439,.260,.255,.005,.454,.396,.058,.309,.294,.015
Rizzo, Anthony,519203,2019,538,374,.291,.290,.001,.524,.485,.039,.395,.387,.008
Calhoun, Kole,594777,2019,538,339,.239,.241,-.002,.480,.457,.023,.341,.338,.003
Grichuk, Randal,545341,2019,537,357,.233,.228,.005,.432,.387,.045,.306,.291,.015
Rendon, Anthony,543685,2019,535,393,.337,.321,.016,.639,.592,.047,.434,.422,.012
Muncy, Max,571970,2019,534,312,.253,.270,-.017,.525,.512,.013,.380,.388,-.008
Ahmed, Nick,605113,2019,533,389,.264,.261,.003,.452,.423,.029,.328,.326,.002
Ramirez, Jose,608070,2019,532,406,.254,.268,-.014,.463,.441,.022,.332,.341,-.009
Segura, Jean,516416,2019,531,432,.287,.269,.018,.435,.395,.040,.330,.312,.018
Torres, Gleyber,650402,2019,527,373,.285,.265,.020,.539,.485,.054,.370,.350,.020
Belt, Brandon,474832,2019,527,344,.233,.243,-.010,.401,.440,-.039,.325,.349,-.024
Grandal, Yasmani,518735,2019,523,322,.246,.234,.012,.452,.442,.010,.357,.355,.002
Realmuto, J.T.,592663,2019,523,369,.274,.280,-.006,.476,.459,.017,.338,.346,-.008
Turner, Justin,457759,2019,522,377,.293,.284,.009,.516,.498,.018,.376,.374,.002
Anderson, Brian,605119,2019,520,348,.261,.257,.004,.468,.443,.025,.346,.343,.003
Nunez, Renato,600524,2019,519,352,.247,.249,-.002,.473,.460,.013,.333,.335,-.002
Votto, Joey,458015,2019,518,348,.261,.252,.009,.409,.428,-.019,.330,.338,-.008
Puig, Yasiel,624577,2019,518,364,.252,.259,-.007,.458,.452,.006,.324,.329,-.005
Robles, Victor,645302,2019,518,346,.250,.225,.025,.425,.355,.070,.321,.290,.031
Moustakas, Mike,519058,2019,516,381,.262,.257,.005,.527,.483,.044,.360,.347,.013
Frazier, Adam,624428,2019,515,412,.274,.277,-.003,.406,.393,.013,.317,.318,-.001
Walker, Christian,572233,2019,511,319,.263,.266,-.003,.477,.502,-.025,.351,.365,-.014
Heyward, Jason,518792,2019,506,351,.253,.261,-.008,.428,.392,.036,.328,.323,.005
Schwarber, Kyle,656941,2019,506,316,.230,.254,-.024,.499,.509,-.010,.343,.363,-.020
Adames, Willy,642715,2019,505,326,.250,.241,.009,.409,.408,.001,.311,.311,.000
Smith, Mallex,605480,2019,503,333,.242,.225,.017,.363,.301,.062,.295,.272,.023
Santana, Domingo,570267,2019,496,284,.256,.255,.001,.449,.477,-.028,.334,.349,-.015
Vogelbach, Daniel,596129,2019,494,285,.218,.226,-.008,.469,.443,.026,.350,.350,.000
Rosario, Eddie,592696,2019,492,404,.282,.265,.017,.502,.470,.032,.337,.325,.012
Meadows, Austin,640457,2019,490,330,.276,.267,.009,.526,.497,.029,.363,.353,.010
Dozier, Hunter,641531,2019,489,323,.280,.272,.008,.542,.488,.054,.375,.359,.016
Odor, Rougned,596059,2019,487,288,.194,.216,-.022,.397,.420,-.023,.286,.307,-.021
Reddick, Josh,502210,2019,487,397,.264,.268,-.004,.381,.373,.008,.296,.305,-.009
Springer, George,543807,2019,479,318,.294,.285,.009,.567,.539,.028,.399,.394,.005
Cabrera, Miguel,408234,2019,478,337,.281,.268,.013,.390,.417,-.027,.318,.327,-.009
Crawford, Brandon,543063,2019,478,333,.232,.239,-.007,.362,.387,-.025,.287,.304,-.017
Bradley Jr., Jackie,598265,2019,477,294,.220,.235,-.015,.409,.405,.004,.313,.323,-.010
Wong, Kolten,543939,2019,477,349,.288,.249,.039,.431,.356,.075,.345,.308,.037
Kipnis, Jason,543401,2019,472,350,.247,.256,-.009,.416,.405,.011,.308,.317,-.009
Goodrum, Niko,592348,2019,472,287,.248,.237,.011,.421,.376,.045,.319,.304,.015
Jones, Adam,430945,2019,471,350,.270,.261,.009,.433,.426,.007,.321,.319,.002
Arcia, Orlando,606115,2019,470,337,.222,.229,-.007,.355,.359,-.004,.275,.286,-.011
McNeil, Jeff,643446,2019,470,359,.323,.293,.030,.519,.454,.065,.387,.356,.031
Fowler, Dexter,451594,2019,465,292,.249,.258,-.009,.428,.420,.008,.338,.344,-.006
Garcia, Avisail,541645,2019,464,316,.275,.271,.004,.451,.481,-.030,.333,.344,-.011
Panik, Joe,605412,2019,462,372,.240,.241,-.001,.320,.350,-.030,.279,.297,-.018
Reyes, Franmil,614177,2019,461,295,.248,.260,-.012,.517,.528,-.011,.343,.363,-.020
Sanchez, Yolmer,570560,2019,461,322,.258,.235,.023,.330,.306,.024,.288,.273,.015
Gardner, Brett,458731,2019,460,329,.249,.244,.005,.478,.356,.122,.341,.302,.039
Reynolds, Bryan,668804,2019,460,312,.335,.295,.040,.531,.458,.073,.397,.360,.037
Altuve, Jose,514888,2019,457,349,.302,.273,.029,.548,.454,.094,.382,.343,.039
McMahon, Ryan,641857,2019,457,271,.260,.245,.015,.457,.421,.036,.341,.326,.015
Iglesias, Jose,578428,2019,457,376,.294,.270,.024,.411,.356,.055,.313,.286,.027
Pujols, Albert,405395,2019,454,357,.252,.245,.007,.444,.410,.034,.321,.313,.008
Seager, Corey,608369,2019,453,325,.267,.247,.020,.452,.424,.028,.335,.321,.014
Alberto, Hanser,593643,2019,452,396,.323,.293,.030,.448,.394,.054,.338,.308,.030
Swanson, Dansby,621020,2019,452,314,.258,.277,-.019,.454,.481,-.027,.331,.356,-.025
Encarnacion, Edwin,429665,2019,451,291,.240,.233,.007,.518,.474,.044,.364,.355,.009
Moncada, Yoan,660162,2019,451,286,.288,.275,.013,.518,.503,.015,.362,.356,.006
Ramos, Wilson,467092,2019,451,354,.298,.272,.026,.428,.413,.015,.338,.324,.014
Turner, Trea,607208,2019,451,322,.293,.277,.016,.479,.436,.043,.354,.337,.017
Renfroe, Hunter,592669,2019,450,272,.225,.222,.003,.507,.446,.061,.331,.314,.017
Smoak, Justin,475253,2019,448,276,.215,.251,-.036,.413,.488,-.075,.336,.377,-.041
Dozier, Brian,572821,2019,447,286,.236,.226,.010,.434,.404,.030,.334,.324,.010
Vazquez, Christian,543877,2019,446,333,.274,.246,.028,.471,.424,.047,.328,.306,.022
Pederson, Joc,592626,2019,445,292,.236,.243,-.007,.497,.432,.065,.349,.333,.016
Mazara, Nomar,608577,2019,444,311,.268,.271,-.003,.464,.474,-.010,.330,.341,-.011
Cron, C.J.,543068,2019,443,316,.262,.277,-.015,.496,.551,-.055,.343,.376,-.033
Davis, Khris,501981,2019,443,284,.224,.235,-.011,.389,.426,-.037,.294,.318,-.024
Profar, Jurickson,595777,2019,441,328,.214,.239,-.025,.410,.401,.009,.302,.314,-.012
Braun, Ryan,460075,2019,440,312,.288,.271,.017,.498,.463,.035,.355,.342,.013
Olson, Matt,621566,2019,439,281,.269,.280,-.011,.537,.566,-.029,.372,.392,-.020
Gonzalez, Marwin,503556,2019,437,309,.263,.254,.009,.420,.423,-.003,.319,.320,-.001
Moran, Colin,592567,2019,436,306,.291,.264,.027,.458,.435,.023,.336,.320,.016
Ozuna, Marcell,542303,2019,436,299,.262,.290,-.028,.504,.548,-.044,.356,.388,-.032
Newman, Kevin,621028,2019,433,355,.313,.295,.018,.448,.390,.058,.345,.320,.025
Grossman, Robbie,543257,2019,433,298,.251,.263,-.012,.361,.372,-.011,.314,.329,-.015
Cabrera, Asdrubal,452678,2019,433,291,.248,.217,.031,.414,.348,.066,.320,.291,.029
Frazier, Todd,453943,2019,431,295,.236,.228,.008,.423,.376,.047,.316,.299,.017
Guerrero Jr., Vladimir,665489,2019,430,314,.278,.270,.008,.460,.449,.011,.348,.346,.002
Cruz, Nelson,443558,2019,429,265,.309,.297,.012,.643,.642,.001,.426,.429,-.003
Voit, Luke,572228,2019,428,240,.276,.247,.029,.485,.482,.003,.376,.367,.009
Carpenter, Matt,572761,2019,428,255,.215,.219,-.004,.366,.388,-.022,.304,.317,-.013
Desmond, Ian,435622,2019,427,287,.257,.266,-.009,.468,.445,.023,.332,.332,.000
Sogard, Eric,519299,2019,425,325,.303,.270,.033,.476,.367,.109,.358,.311,.047
Kiermaier, Kevin,595281,2019,425,312,.241,.247,-.006,.420,.387,.033,.298,.295,.003
Peralta, David,444482,2019,423,296,.275,.249,.026,.461,.370,.091,.342,.303,.039
Rojas, Miguel,500743,2019,423,337,.286,.274,.012,.380,.367,.013,.312,.310,.002
Santana, Danny,542454,2019,423,279,.288,.270,.018,.550,.479,.071,.358,.332,.026
Narvaez, Omar,553882,2019,422,297,.282,.249,.033,.461,.409,.052,.351,.324,.027
Laureano, Ramon,657656,2019,419,274,.284,.266,.018,.518,.453,.065,.357,.334,.023
Anderson, Tim,641313,2019,417,315,.328,.286,.042,.498,.441,.057,.360,.324,.036
Markakis, Nick,455976,2019,416,318,.284,.294,-.010,.429,.418,.011,.339,.348,-.009
Murphy, Daniel,502517,2019,415,319,.280,.244,.036,.460,.355,.105,.337,.289,.048
Urshela, Gio,570482,2019,414,316,.331,.306,.025,.555,.506,.049,.388,.365,.023
Dahl, David,621311,2019,413,271,.302,.260,.042,.524,.461,.063,.368,.336,.032
Sanchez, Gary,596142,2019,411,258,.233,.246,-.013,.526,.543,-.017,.347,.366,-.019
McCann, James,543510,2019,410,263,.274,.258,.016,.456,.440,.016,.335,.326,.009
Myers, Wil,571976,2019,409,220,.224,.237,-.013,.395,.408,-.013,.308,.321,-.013
Longoria, Evan,446334,2019,409,285,.266,.279,-.013,.472,.504,-.032,.341,.364,-.023
Kingery, Scott,664068,2019,408,257,.276,.245,.031,.496,.420,.076,.351,.317,.034
Senzel, Nick,669222,2019,407,271,.255,.239,.016,.429,.392,.037,.320,.303,.017
Choi, Ji-Man,596847,2019,406,267,.263,.255,.008,.428,.441,-.013,.340,.348,-.008
Hernandez, Enrique,571771,2019,403,279,.244,.242,.002,.439,.407,.032,.320,.314,.006
Jimenez, Eloy,650391,2019,401,265,.245,.246,-.001,.454,.450,.004,.317,.322,-.005
Schoop, Jonathan,570731,2019,397,272,.261,.254,.007,.488,.438,.050,.335,.318,.017
Canha, Mark,592192,2019,396,245,.273,.246,.027,.539,.460,.079,.392,.361,.031
Dyson, Jarrod,502481,2019,395,284,.245,.235,.010,.344,.306,.038,.293,.278,.015
Drury, Brandon,592273,2019,394,274,.222,.244,-.022,.389,.423,-.034,.277,.308,-.031
Tapia, Raimel,606132,2019,393,290,.290,.267,.023,.440,.383,.057,.327,.300,.027
Ohtani, Shohei,660271,2019,392,262,.289,.285,.004,.496,.482,.014,.356,.357,-.001
Chirinos, Robinson,455139,2019,391,221,.234,.207,.027,.432,.373,.059,.332,.307,.025
Piscotty, Stephen,572039,2019,389,274,.252,.249,.003,.416,.429,-.013,.313,.323,-.010
Posey, Buster,457763,2019,389,293,.251,.252,-.001,.370,.414,-.044,.300,.322,-.022
Hernandez, Teoscar,606192,2019,387,225,.222,.209,.013,.452,.419,.033,.319,.306,.013
Bauers, Jake,641343,2019,387,246,.234,.229,.005,.382,.355,.027,.300,.293,.007
Winker, Jesse,608385,2019,384,278,.269,.279,-.010,.473,.441,.032,.355,.353,.002
Alfaro, Jorge,595751,2019,384,229,.268,.245,.023,.420,.421,-.001,.310,.305,.005
Chavis, Michael,656308,2019,382,220,.254,.220,.034,.444,.400,.044,.327,.301,.026
Perez, Roberto,547379,2019,381,228,.220,.218,.002,.442,.436,.006,.318,.322,-.004
Cooper, Garrett,643265,2019,379,238,.271,.262,.009,.421,.426,-.005,.328,.332,-.004
Davis, J.D.,605204,2019,379,260,.297,.311,-.014,.509,.538,-.029,.369,.391,-.022
Verdugo, Alex,657077,2019,377,300,.294,.285,.009,.475,.441,.034,.345,.334,.011
Franco, Maikel,596748,2019,375,292,.233,.245,-.012,.407,.413,-.006,.285,.298,-.013
Mercado, Oscar,640458,2019,375,287,.268,.263,.005,.423,.386,.037,.317,.309,.008
Thames, Eric,519346,2019,374,208,.258,.222,.036,.506,.405,.101,.362,.320,.042
Margot, Manuel,622534,2019,373,267,.242,.232,.010,.403,.324,.079,.311,.282,.029
Tatis Jr., Fernando,665487,2019,372,227,.317,.255,.062,.590,.473,.117,.404,.345,.059
Goodwin, Brian,571718,2019,371,238,.287,.250,.037,.515,.425,.090,.362,.322,.040
Rengifo, Luis,650859,2019,369,249,.245,.240,.005,.375,.369,.006,.308,.312,-.004
Dixon, Brandon,641525,2019,366,226,.251,.239,.012,.447,.438,.009,.312,.309,.003
Mondesi, Adalberto,609275,2019,365,247,.274,.239,.035,.438,.373,.065,.311,.285,.026
Gordon, Dee,543829,2019,360,296,.276,.252,.024,.362,.306,.056,.286,.262,.024
Ramirez, Harold,623912,2019,359,265,.270,.261,.009,.405,.379,.026,.303,.295,.008
Sano, Miguel,593934,2019,358,182,.235,.230,.005,.548,.520,.028,.369,.362,.007
Lopez, Nicky,670032,2019,358,292,.231,.226,.005,.305,.281,.024,.250,.242,.008
Judge, Aaron,592450,2019,358,194,.278,.287,-.009,.517,.564,-.047,.382,.408,-.026
Wolters, Tony,547172,2019,358,267,.279,.254,.025,.349,.326,.023,.302,.287,.015
Forsythe, Logan,523253,2019,354,212,.226,.237,-.011,.354,.392,-.038,.302,.323,-.021
Martinez, Jose,500874,2019,353,244,.267,.276,-.009,.400,.464,-.064,.323,.353,-.030
Cabrera, Melky,466320,2019,351,299,.278,.278,.000,.404,.374,.030,.306,.298,.008
Molina, Yadier,425877,2019,348,289,.277,.266,.011,.412,.415,-.003,.311,.313,-.002
Jansen, Danny,643376,2019,348,244,.210,.248,-.038,.369,.411,-.042,.283,.319,-.036
Cano, Robinson,429664,2019,346,268,.252,.268,-.016,.415,.429,-.014,.300,.318,-.018
Smith Jr, Dwight,596105,2019,345,251,.235,.242,-.007,.410,.378,.032,.298,.297,.001
Almora Jr., Albert,546991,2019,345,272,.241,.256,-.015,.393,.377,.016,.282,.286,-.004
Diaz, Yandy,650490,2019,344,248,.270,.276,-.006,.480,.469,.011,.348,.355,-.007
Seager, Kyle,572122,2019,343,236,.250,.261,-.011,.500,.477,.023,.350,.354,-.004
Taylor, Chris,621035,2019,342,216,.265,.232,.033,.460,.357,.103,.335,.291,.044
Granderson, Curtis,434158,2019,341,206,.185,.212,-.027,.359,.366,-.007,.279,.300,-.021
Contreras, Willson,575929,2019,340,212,.275,.246,.029,.525,.461,.064,.375,.346,.029
Aguilar, Jesus,542583,2019,339,222,.238,.246,-.008,.383,.429,-.046,.310,.334,-.024
Crawford, J.P.,641487,2019,338,230,.241,.243,-.002,.397,.343,.054,.311,.301,.010
DeShields, Delino,592261,2019,336,213,.250,.223,.027,.347,.311,.036,.303,.283,.020
Peraza, Jose,606299,2019,335,262,.237,.257,-.020,.346,.345,.001,.274,.288,-.014
Biggio, Cavan,624415,2019,334,182,.214,.237,-.023,.388,.415,-.027,.324,.346,-.022
Simmons, Andrelton,592743,2019,334,285,.268,.228,.040,.377,.309,.068,.300,.260,.040
Jones, JaCoby,592444,2019,333,206,.235,.244,-.009,.430,.421,.009,.315,.321,-.006
Ruiz, Rio,547004,2019,332,223,.235,.225,.010,.356,.332,.024,.290,.282,.008
Tellez, Rowdy,642133,2019,331,211,.218,.241,-.023,.413,.437,-.024,.291,.318,-.027
Beckham, Tim,542921,2019,328,202,.237,.223,.014,.461,.415,.046,.319,.302,.017
Stewart, Christin,621514,2019,327,212,.239,.238,.001,.393,.414,-.021,.306,.319,-.013
Hamilton, Billy,571740,2019,326,220,.218,.230,-.012,.276,.265,.011,.252,.257,-.005
Maldonado, Martin,455117,2019,326,221,.212,.213,-.001,.358,.357,.001,.279,.285,-.006
Santander, Anthony,623993,2019,322,243,.293,.274,.019,.523,.461,.062,.358,.331,.027
Gurriel Jr., Lourdes,666971,2019,321,218,.279,.252,.027,.548,.484,.064,.367,.340,.027
Walker, Neil,435522,2019,320,223,.260,.274,-.014,.382,.429,-.047,.316,.343,-.027
d'Arnaud, Travis,518595,2019,317,219,.258,.262,-.004,.459,.453,.006,.333,.343,-.010
Alonso, Yonder,475174,2019,317,211,.196,.234,-.038,.341,.377,-.036,.278,.313,-.035
Davis, Chris,448801,2019,316,155,.173,.195,-.022,.310,.347,-.037,.255,.282,-.027
Pence, Hunter,452254,2019,316,219,.297,.281,.016,.552,.491,.061,.382,.358,.024
Bote, David,623520,2019,315,192,.262,.256,.006,.435,.383,.052,.341,.326,.015
Wilkerson, Stevie,592859,2019,314,194,.216,.194,.022,.378,.300,.078,.277,.242,.035
Pinder, Chad,640461,2019,313,220,.237,.243,-.006,.415,.410,.005,.300,.307,-.007
O'Hearn, Ryan,656811,2019,313,196,.185,.219,-.034,.335,.368,-.033,.271,.302,-.031
La Stella, Tommy,600303,2019,312,256,.300,.293,.007,.495,.463,.032,.362,.352,.010
Yastrzemski, Mike,573262,2019,311,208,.265,.243,.022,.530,.483,.047,.353,.332,.021
Correa, Carlos,621043,2019,310,203,.279,.286,-.007,.558,.526,.032,.381,.388,-.007
Bruce, Jay,457803,2019,309,214,.227,.238,-.011,.538,.517,.021,.335,.340,-.005
Lucroy, Jonathan,518960,2019,309,232,.238,.241,-.003,.357,.366,-.009,.290,.300,-.010
Kelly, Carson,608348,2019,309,205,.259,.250,.009,.526,.464,.062,.364,.343,.021
Bader, Harrison,664056,2019,308,182,.215,.223,-.008,.365,.387,-.022,.305,.322,-.017
Candelario, Jeimer,600869,2019,308,191,.198,.207,-.009,.326,.329,-.003,.273,.280,-.007
Kendrick, Howie,435062,2019,308,238,.329,.314,.015,.560,.577,-.017,.393,.406,-.013
Lowe, Brandon,664040,2019,307,176,.276,.237,.039,.523,.474,.049,.363,.338,.025
Phegley, Josh,572033,2019,304,234,.248,.247,.001,.417,.361,.056,.301,.286,.015
Adams, Matt,571431,2019,303,181,.235,.230,.005,.498,.482,.016,.328,.330,-.002
Gamel, Ben,592325,2019,300,178,.254,.238,.016,.390,.353,.037,.316,.305,.011
Garver, Mitch,641598,2019,300,191,.272,.244,.028,.619,.524,.095,.402,.363,.039
Barnhart, Tucker,571466,2019,299,189,.233,.221,.012,.384,.322,.062,.306,.284,.022
Hicks, John,543308,2019,299,190,.213,.202,.011,.378,.339,.039,.264,.249,.015
Severino, Pedro,600474,2019,298,203,.255,.263,-.008,.423,.412,.011,.322,.328,-.006
Gallo, Joey,608336,2019,297,129,.253,.224,.029,.598,.581,.017,.406,.396,.010
Sandoval, Pablo,467055,2019,296,210,.268,.271,-.003,.507,.469,.038,.341,.337,.004
Cuthbert, Cheslor,596144,2019,295,220,.247,.248,-.001,.380,.367,.013,.287,.286,.001
Hiura, Keston,669374,2019,295,177,.301,.263,.038,.571,.510,.061,.394,.362,.032
Buxton, Byron,621439,2019,295,206,.262,.247,.015,.513,.421,.092,.345,.310,.035
Naquin, Tyler,571980,2019,294,212,.288,.274,.014,.467,.458,.009,.334,.328,.006
Hedges, Austin,595978,2019,292,175,.196,.203,-.007,.351,.357,-.006,.265,.273,-.008
Dietrich, Derek,518618,2019,292,166,.198,.217,-.019,.489,.437,.052,.355,.353,.002
Garcia, Greg,594824,2019,290,185,.253,.222,.031,.373,.300,.073,.319,.287,.032
Diaz, Elias,553869,2019,290,219,.251,.239,.012,.311,.314,-.003,.272,.273,-.001
Suzuki, Kurt,435559,2019,288,230,.264,.274,-.010,.475,.429,.046,.337,.332,.005
Haniger, Mitch,571745,2019,283,167,.220,.219,.001,.463,.433,.030,.330,.324,.006
Castro, Harold,605612,2019,282,204,.279,.254,.025,.375,.360,.015,.285,.276,.009
Martin, Richie,621006,2019,281,184,.195,.205,-.010,.288,.272,.016,.237,.239,-.002
Duggar, Steven,621453,2019,281,186,.234,.239,-.005,.341,.344,-.003,.268,.278,-.010
Kinsler, Ian,435079,2019,281,205,.217,.200,.017,.368,.289,.079,.280,.247,.033
Gomes, Yan,543228,2019,281,183,.217,.212,.005,.348,.360,-.012,.293,.297,-.004
White, Tyler,643603,2019,279,165,.208,.199,.009,.304,.295,.009,.276,.273,.003
Alvarez, Yordan,670541,2019,279,169,.318,.291,.027,.665,.596,.069,.442,.417,.025
Marisnick, Jake,545350,2019,278,174,.239,.201,.038,.424,.321,.103,.307,.257,.050
McCann, Brian,435263,2019,277,202,.260,.242,.018,.417,.392,.025,.321,.316,.005
Tauchman, Mike,643565,2019,277,175,.275,.235,.040,.500,.390,.110,.364,.313,.051
Arraez, Luis,650333,2019,268,218,.333,.294,.039,.430,.401,.029,.360,.339,.021
Zunino, Mike,572287,2019,267,153,.172,.197,-.025,.320,.381,-.061,.247,.281,-.034
Flowers, Tyler,452095,2019,267,150,.236,.195,.041,.426,.368,.058,.316,.283,.033
Parra, Gerardo,467827,2019,266,193,.226,.242,-.016,.370,.359,.011,.282,.291,-.009
Pollock, A.J.,572041,2019,265,184,.266,.256,.010,.451,.403,.048,.331,.320,.011
Martin, Leonys,547982,2019,264,161,.199,.190,.009,.343,.330,.013,.272,.266,.006
Gregorius, Didi,544369,2019,263,211,.253,.245,.008,.458,.394,.064,.313,.293,.020
McCutchen, Andrew,457705,2019,262,164,.256,.250,.006,.457,.427,.030,.362,.354,.008
Hicks, Aaron,543305,2019,255,152,.235,.208,.027,.443,.374,.069,.329,.299,.030
Moreland, Mitch,519048,2019,255,172,.244,.252,-.008,.498,.476,.022,.347,.350,-.003
Riley, Austin,663586,2019,255,147,.242,.237,.005,.504,.476,.028,.331,.325,.006
Lagares, Juan,501571,2019,251,163,.203,.204,-.001,.286,.279,.007,.242,.245,-.003
Rodriguez, Ronny,500135,2019,241,166,.229,.217,.012,.480,.425,.055,.301,.287,.014
Kemp, Tony,643393,2019,240,176,.212,.205,.007,.373,.286,.087,.282,.257,.025
Dickerson, Corey,572816,2019,239,181,.312,.269,.043,.566,.471,.095,.376,.330,.046
Edman, Tommy,669242,2019,239,185,.281,.267,.014,.421,.386,.035,.315,.298,.017
Castro, Jason,488771,2019,238,135,.237,.248,-.011,.454,.517,-.063,.336,.368,-.032
Camargo, Johan,622666,2019,237,183,.225,.241,-.016,.351,.333,.018,.266,.270,-.004
Barnes, Austin,605131,2019,236,155,.198,.191,.007,.333,.291,.042,.270,.254,.016
Shaw, Travis,543768,2019,236,127,.163,.184,-.021,.276,.323,-.047,.250,.277,-.027
Hampson, Garrett,641658,2019,236,149,.214,.212,.002,.316,.273,.043,.254,.244,.010
Mathis, Jeff,425772,2019,234,139,.161,.162,-.001,.225,.220,.005,.195,.197,-.002
Calhoun, Willie,641432,2019,232,180,.275,.265,.010,.550,.431,.119,.361,.321,.040
McKinney, Billy,641856,2019,231,159,.216,.224,-.008,.413,.354,.059,.289,.275,.014
Inciarte, Ender,542255,2019,230,159,.246,.232,.014,.397,.312,.085,.321,.292,.029
Guzman, Ronald,608597,2019,228,136,.193,.229,-.036,.396,.421,-.025,.290,.325,-.035
Upton, Justin,457708,2019,228,129,.211,.208,.003,.402,.382,.020,.305,.302,.003
Moore, Dylan,664238,2019,227,123,.210,.200,.010,.395,.339,.056,.313,.293,.020
Beckham, Gordon,493596,2019,226,144,.220,.224,-.004,.373,.377,-.004,.282,.290,-.008
Broxton, Keon,542979,2019,224,103,.169,.165,.004,.279,.275,.004,.232,.232,.000
Murphy, Tom,608596,2019,223,135,.284,.212,.072,.592,.434,.158,.377,.293,.084
Martin, Russell,431145,2019,223,137,.215,.223,-.008,.317,.344,-.027,.293,.309,-.016
Vogt, Stephen,519390,2019,222,154,.272,.246,.026,.515,.472,.043,.350,.331,.019
Mejia, Francisco,642336,2019,222,157,.263,.230,.033,.439,.376,.063,.321,.289,.032
Maybin, Cameron,457727,2019,220,137,.291,.254,.037,.490,.438,.052,.367,.338,.029
Holt, Brock,571788,2019,220,154,.321,.282,.039,.453,.387,.066,.366,.338,.028
Adrianza, Ehire,501303,2019,219,157,.278,.269,.009,.412,.379,.033,.335,.330,.005
Prado, Martin,445988,2019,219,175,.237,.249,-.012,.290,.311,-.021,.242,.262,-.020
Cordell, Ryan,641477,2019,218,137,.226,.209,.017,.354,.335,.019,.276,.264,.012
Flores, Wilmer,527038,2019,218,181,.322,.284,.038,.495,.434,.061,.368,.332,.036
Mercer, Jordy,474568,2019,217,162,.267,.266,.001,.427,.441,-.014,.311,.320,-.009
Beaty, Matt,607461,2019,216,175,.289,.286,.003,.488,.428,.060,.347,.331,.016
Luplow, Jordan,656669,2019,216,140,.271,.244,.027,.510,.432,.078,.363,.329,.034
Locastro, Tim,641796,2019,213,147,.256,.239,.017,.344,.301,.043,.320,.303,.017
Caratini, Victor,605170,2019,213,141,.274,.273,.001,.468,.455,.013,.356,.360,-.004
Frazier, Clint,640449,2019,212,137,.280,.255,.025,.508,.454,.054,.350,.326,.024
Castillo, Welington,456078,2019,210,128,.203,.215,-.012,.375,.405,-.030,.277,.298,-.021
Russell, Addison,608365,2019,208,139,.239,.217,.022,.397,.338,.059,.304,.283,.021
Heredia, Guillermo,628338,2019,208,133,.225,.251,-.026,.352,.344,.008,.293,.308,-.015
Allen, Greg,656185,2019,207,148,.232,.243,-.011,.373,.364,.009,.291,.301,-.010
Robertson, Daniel,621002,2019,206,126,.202,.200,.002,.281,.275,.006,.272,.272,.000
Naylor, Josh,647304,2019,206,145,.259,.238,.021,.429,.373,.056,.317,.293,.024
Solano, Donovan,456781,2019,204,152,.339,.323,.016,.464,.458,.006,.356,.352,.004
Morales, Kendrys,434778,2019,201,145,.194,.273,-.079,.253,.435,-.182,.265,.366,-.101
Perez, Hernan,541650,2019,197,135,.243,.220,.023,.373,.318,.055,.281,.255,.026
Hechavarria, Adeiny,588751,2019,196,138,.221,.220,.001,.381,.351,.030,.283,.278,.005
Smith, Dominic,642086,2019,196,132,.278,.240,.038,.506,.420,.086,.365,.323,.042
Romine, Austin,519222,2019,196,149,.262,.251,.011,.401,.400,.001,.294,.293,.001
VanMeter, Josh,642165,2019,195,132,.263,.257,.006,.444,.417,.027,.342,.333,.009
Lugo, Dawel,608475,2019,194,145,.235,.249,-.014,.361,.353,.008,.265,.279,-.014
Berti, Jon,542932,2019,192,124,.266,.274,-.008,.438,.412,.026,.340,.341,-.001
Casali, Curt,592200,2019,190,122,.247,.234,.013,.422,.388,.034,.320,.311,.009
Vargas, Ildemaro,545121,2019,187,157,.260,.268,-.008,.384,.362,.022,.292,.293,-.001
Healy, Ryon,592387,2019,187,133,.237,.234,.003,.456,.427,.029,.312,.316,-.004
Descalso, Daniel,518614,2019,185,110,.181,.195,-.014,.263,.289,-.026,.250,.269,-.019
Kang, Jung Ho,628356,2019,185,113,.169,.212,-.043,.395,.415,-.020,.260,.293,-.033
Brinson, Lewis,621446,2019,184,117,.182,.209,-.027,.247,.304,-.057,.213,.247,-.034
Osuna, Jose,591741,2019,182,136,.281,.263,.018,.551,.470,.081,.365,.338,.027
Reyes, Victor,622682,2019,182,133,.295,.287,.008,.399,.364,.035,.315,.302,.013
Jay, Jon,445055,2019,182,141,.267,.247,.020,.315,.318,-.003,.277,.271,.006
Kiner-Falefa, Isiah,643396,2019,181,123,.239,.225,.014,.337,.294,.043,.283,.266,.017
Nola, Austin,543592,2019,180,124,.270,.221,.049,.460,.338,.122,.335,.277,.058
Wendle, Joey,621563,2019,180,133,.210,.231,-.021,.309,.305,.004,.256,.269,-.013
Lamb, Jake,571875,2019,176,103,.204,.205,-.001,.374,.371,.003,.309,.316,-.007
Joyce, Matt,459964,2019,174,114,.291,.261,.030,.453,.434,.019,.370,.355,.015
Nunez, Eduardo,456488,2019,174,143,.228,.255,-.027,.305,.318,-.013,.236,.258,-.022
Wieters, Matt,446308,2019,172,114,.215,.215,.000,.430,.391,.039,.295,.286,.009
Ervin, Phillip,640447,2019,172,119,.310,.252,.058,.532,.388,.144,.379,.308,.071
Cave, Jake,595909,2019,172,93,.268,.259,.009,.470,.434,.036,.357,.346,.011
Munoz, Yairo,622168,2019,171,131,.268,.209,.059,.360,.288,.072,.281,.231,.050
Engel, Adam,641553,2019,170,103,.235,.225,.010,.346,.309,.037,.289,.271,.018
Diaz, Aledmys,649557,2019,169,132,.272,.257,.015,.476,.390,.086,.336,.317,.019
Farmer, Kyle,571657,2019,169,110,.242,.228,.014,.427,.390,.037,.303,.288,.015
Greiner, Grayson,606988,2019,169,98,.162,.167,-.005,.279,.258,.021,.226,.225,.001
Sisco, Chance,642082,2019,168,95,.219,.224,-.005,.425,.414,.011,.324,.326,-.002
Polanco, Gregory,570256,2019,167,104,.242,.226,.016,.425,.391,.034,.309,.294,.015
Leon, Sandy,506702,2019,166,113,.181,.177,.004,.295,.242,.053,.236,.227,.009
Gonzalez, Carlos,471865,2019,166,95,.200,.204,-.004,.283,.318,-.035,.256,.273,-.017
Freese, David,501896,2019,165,103,.303,.270,.033,.599,.503,.096,.418,.378,.040
Iannetta, Chris,455104,2019,164,91,.222,.228,-.006,.417,.411,.006,.307,.315,-.008
Avila, Alex,488671,2019,163,82,.203,.230,-.027,.444,.487,-.043,.332,.361,-.029
Owings, Chris,572008,2019,163,87,.126,.171,-.045,.212,.273,-.061,.182,.227,-.045
Rickard, Joey,572073,2019,162,104,.218,.208,.010,.366,.308,.058,.298,.278,.020
Nimmo, Brandon,607043,2019,162,84,.200,.206,-.006,.323,.307,.016,.305,.307,-.002
Pina, Manny,444489,2019,162,100,.233,.230,.003,.425,.409,.016,.314,.310,.004
Reynolds, Mark,448602,2019,162,81,.170,.162,.008,.311,.284,.027,.270,.268,.002
Bour, Justin,571506,2019,161,97,.182,.194,-.012,.385,.370,.015,.281,.286,-.005
Urias, Luis,649966,2019,160,101,.178,.211,-.033,.267,.316,-.049,.267,.300,-.033
Stallings, Jacob,607732,2019,160,113,.271,.255,.016,.382,.405,-.023,.305,.311,-.006
Dickerson, Alex,543105,2019,159,110,.303,.277,.026,.552,.475,.077,.384,.350,.034
Rondon, Jose,602922,2019,157,106,.196,.218,-.022,.280,.312,-.032,.243,.267,-.024
Tilson, Charlie,605508,2019,157,106,.229,.226,.003,.285,.296,-.011,.257,.263,-.006
Smith, Kevan,607345,2019,156,111,.217,.259,-.042,.326,.385,-.059,.279,.321,-.042
Austin, Tyler,592122,2019,153,74,.187,.198,-.011,.403,.437,-.034,.299,.320,-.021
Freeman, Mike,502273,2019,152,95,.296,.233,.063,.440,.329,.111,.355,.298,.057
Plawecki, Kevin,608700,2019,152,112,.217,.227,-.010,.341,.363,-.022,.273,.291,-.018
Haseley, Adam,656514,2019,151,102,.257,.219,.038,.379,.308,.071,.298,.260,.038
Starling, Bubba,605490,2019,151,95,.211,.211,.000,.303,.292,.011,.244,.241,.003
Puello, Cesar,527049,2019,147,88,.248,.245,.003,.384,.381,.003,.328,.328,.000
Slater, Austin,596103,2019,147,82,.282,.255,.027,.524,.473,.051,.389,.366,.023
Astudillo, Willians,553902,2019,146,134,.267,.294,-.027,.385,.447,-.062,.290,.337,-.047
Harrison, Josh,543281,2019,146,112,.176,.234,-.058,.265,.375,-.110,.212,.282,-.070
Stassi, Max,545358,2019,145,83,.138,.176,-.038,.169,.247,-.078,.181,.231,-.050
France, Ty,664034,2019,145,101,.231,.220,.011,.381,.363,.018,.286,.279,.007
Bichette, Bo,666182,2019,144,100,.328,.292,.036,.613,.514,.099,.407,.358,.049
Williamson, Mac,607776,2019,144,84,.156,.196,-.040,.258,.286,-.028,.232,.262,-.030
Goins, Ryan,572365,2019,144,89,.270,.220,.050,.381,.311,.070,.323,.280,.043
Gallagher, Cam,595956,2019,142,100,.238,.212,.026,.365,.290,.075,.297,.263,.034
O'Neill, Tyler,641933,2019,142,85,.269,.222,.047,.418,.375,.043,.313,.278,.035
Herrera, Odubel,546318,2019,139,94,.222,.226,-.004,.341,.325,.016,.275,.274,.001
Gennett, Scooter,571697,2019,139,94,.226,.194,.032,.323,.280,.043,.243,.221,.022
Riddle, JT,595375,2019,139,90,.189,.190,-.001,.371,.353,.018,.253,.249,.004
Culberson, Charlie,518586,2019,136,88,.268,.237,.031,.433,.367,.066,.313,.279,.034
Zimmerman, Ryan,475582,2019,136,96,.248,.226,.022,.413,.391,.022,.313,.306,.007
Difo, Wilmer,594694,2019,134,95,.231,.225,.006,.298,.290,.008,.259,.257,.002
Cervelli, Francisco,465041,2019,133,87,.229,.217,.012,.331,.333,-.002,.286,.285,.001
Brosseau, Michael,670712,2019,132,92,.282,.210,.072,.484,.347,.137,.342,.262,.080
Smith, Will,669257,2019,129,80,.292,.244,.048,.708,.510,.198,.432,.355,.077
Fisher, Derek,605233,2019,129,75,.193,.243,-.050,.395,.411,-.016,.295,.325,-.030
Travis, Sam,607752,2019,128,90,.239,.248,-.009,.427,.408,.019,.303,.306,-.003
Ford, Mike,645801,2019,125,90,.236,.277,-.041,.545,.477,.068,.361,.358,.003
Tucker, Cole,657061,2019,123,80,.195,.236,-.041,.319,.354,-.035,.247,.283,-.036
Quinn, Roman,596451,2019,122,75,.213,.237,-.024,.370,.346,.024,.292,.294,-.002
Knapp, Andrew,595284,2019,122,66,.198,.198,.000,.267,.296,-.029,.274,.286,-.012
Nido, Tomas,621512,2019,122,87,.207,.213,-.006,.328,.335,-.007,.241,.252,-.011
Thaiss, Matt,642136,2019,120,71,.185,.191,-.006,.389,.305,.084,.283,.260,.023
Aquino, Aristides,606157,2019,120,80,.306,.265,.041,.731,.555,.176,.449,.375,.074
Maile, Luke,571912,2019,120,84,.153,.217,-.064,.243,.334,-.091,.198,.261,-.063
Lowe, Nate,663993,2019,119,76,.305,.293,.012,.543,.537,.006,.389,.385,.004
Herrera, Rosell,594011,2019,119,79,.200,.207,-.007,.314,.282,.032,.266,.259,.007
Duda, Lucas,446263,2019,119,75,.171,.220,-.049,.324,.440,-.116,.248,.314,-.066
Miller, Brad,543543,2019,118,72,.233,.216,.017,.476,.415,.061,.344,.319,.025
Arteaga, Humberto,600858,2019,116,86,.189,.222,-.033,.217,.285,-.068,.212,.253,-.041
Duffy, Matt,622110,2019,116,85,.223,.271,-.048,.272,.347,-.075,.266,.314,-.048
Dean, Austin,621573,2019,113,79,.202,.230,-.028,.339,.335,.004,.233,.249,-.016
Demeritte, Travis,641513,2019,111,63,.242,.268,-.026,.374,.408,-.034,.300,.328,-.028
Peterson, Jace,607054,2019,108,77,.220,.240,-.020,.330,.359,-.029,.260,.282,-.022
Cozart, Zack,446359,2019,107,84,.124,.208,-.084,.144,.274,-.130,.151,.249,-.098
Williams, Nick,608384,2019,107,62,.158,.226,-.068,.257,.371,-.114,.204,.276,-.072
Holaday, Bryan,592407,2019,107,79,.287,.235,.052,.436,.330,.106,.337,.276,.061
Rodriguez, Sean,446481,2019,106,58,.216,.175,.041,.398,.304,.094,.313,.274,.039
Straw, Myles,664702,2019,103,65,.233,.249,-.016,.291,.318,-.027,.297,.314,-.017
Garneau, Dustin,572863,2019,101,64,.244,.215,.029,.407,.340,.067,.333,.303,.030
Swihart, Blake,596119,2019,99,56,.163,.189,-.026,.304,.294,.010,.230,.241,-.011
Gomez, Carlos,460576,2019,99,59,.198,.200,-.002,.337,.339,-.002,.271,.275,-.004
Zobrist, Ben,450314,2019,99,73,.241,.265,-.024,.253,.352,-.099,.278,.322,-.044
Pearce, Steve,456665,2019,99,59,.180,.189,-.009,.258,.309,-.051,.226,.252,-.026
Viloria, Meibrys,650619,2019,98,66,.244,.174,.070,.333,.226,.107,.275,.217,.058
Diaz, Isan,656371,2019,97,56,.157,.153,.004,.253,.237,.016,.241,.237,.004
Gonzalez, Erik,570481,2019,97,66,.207,.176,.031,.253,.222,.031,.219,.195,.024
Hernandez, Marco,593523,2019,95,71,.303,.253,.050,.427,.305,.122,.332,.269,.063
Schebler, Scott,594988,2019,95,54,.123,.145,-.022,.222,.233,-.011,.225,.241,-.016
Happ, Ian,664023,2019,94,60,.229,.243,-.014,.470,.444,.026,.336,.337,-.001
Herrmann, Chris,543302,2019,92,55,.195,.229,-.034,.268,.351,-.083,.246,.293,-.047
Rogers, Jake,668670,2019,92,41,.114,.121,-.007,.278,.227,.051,.231,.220,.011
Reyes, Pablo,622569,2019,91,62,.176,.193,-.017,.271,.283,-.012,.223,.236,-.013
Duvall, Adam,594807,2019,90,55,.241,.175,.066,.494,.422,.072,.328,.279,.049
Tovar, Wilfredo,541600,2019,88,68,.193,.235,-.042,.253,.293,-.040,.219,.257,-.038
Lopes, Tim,621005,2019,86,56,.288,.230,.058,.384,.313,.071,.340,.298,.042
Taylor, Michael A.,572191,2019,85,46,.211,.187,.024,.276,.318,-.042,.249,.254,-.005
Grisham, Trent,663757,2019,85,54,.227,.238,-.011,.427,.410,.017,.306,.310,-.004
Gyorko, Jedd,576397,2019,83,54,.187,.217,-.030,.280,.351,-.071,.245,.286,-.041
Rodgers, Brendan,663898,2019,81,49,.224,.155,.069,.250,.221,.029,.235,.195,.040
Long, Shed,643418,2019,79,49,.232,.170,.062,.377,.250,.127,.311,.246,.065
Federowicz, Tim,543148,2019,79,46,.169,.241,-.072,.366,.426,-.060,.252,.309,-.057
Gutierrez, Kelvin,642721,2019,79,50,.260,.201,.059,.356,.283,.073,.286,.244,.042
Solarte, Yangervis,500208,2019,78,58,.205,.241,-.036,.315,.318,-.003,.238,.257,-.019
Daza, Yonathan,602074,2019,77,59,.219,.199,.020,.247,.252,-.005,.227,.222,.005
Stewart, DJ,621466,2019,77,52,.254,.218,.036,.310,.318,-.008,.272,.261,.011
Mullins, Cedric,656775,2019,74,53,.094,.160,-.066,.156,.232,-.076,.160,.221,-.061
Hundley, Nick,460026,2019,73,52,.200,.190,.010,.357,.290,.067,.251,.226,.025
Negron, Kristopher,502117,2019,72,42,.239,.196,.043,.328,.297,.031,.268,.236,.032
Saladino, Tyler,573135,2019,71,39,.123,.171,-.048,.215,.292,-.077,.189,.239,-.050
Strasburg, Stephen,544931,2019,70,47,.175,.208,-.033,.238,.300,-.062,.200,.241,-.041
Murphy, John Ryan,571974,2019,69,35,.177,.210,-.033,.419,.392,.027,.284,.293,-.009
Delmonico, Nicky,547170,2019,68,38,.206,.207,-.001,.286,.317,-.031,.245,.261,-.016
Sucre, Jesus,491696,2019,67,49,.210,.208,.002,.242,.289,-.047,.232,.249,-.017
Wade, Tyler,642180,2019,67,39,.211,.196,.015,.281,.239,.042,.270,.251,.019
Rivera, Yadiel,592680,2019,66,40,.183,.164,.019,.217,.218,-.001,.219,.215,.004
Altherr, Aaron,571437,2019,66,37,.082,.164,-.082,.164,.271,-.107,.136,.213,-.077
Bumgarner, Madison,518516,2019,65,22,.130,.117,.013,.185,.212,-.027,.206,.211,-.005
Cron, Kevin,605196,2019,65,33,.203,.225,-.022,.525,.505,.020,.323,.345,-.022
Garcia, Robel,596825,2019,64,35,.217,.193,.024,.517,.436,.081,.313,.286,.027
Corbin, Patrick,571578,2019,63,35,.071,.086,-.015,.089,.114,-.025,.101,.117,-.016
Kemp, Matt,461314,2019,62,42,.200,.170,.030,.283,.274,.009,.210,.195,.015
Skole, Matt,605474,2019,62,35,.218,.189,.029,.255,.229,.026,.248,.230,.018
Nola, Aaron,605400,2019,62,26,.098,.101,-.003,.118,.124,-.006,.156,.158,-.002
Estrada, Thairo,642731,2019,61,44,.246,.255,-.009,.456,.410,.046,.313,.305,.008
Gray, Jon,592351,2019,59,34,.064,.103,-.039,.064,.115,-.051,.094,.130,-.036
Syndergaard, Noah,592789,2019,58,16,.111,.101,.010,.241,.229,.012,.174,.167,.007
Castillo, Luis,622491,2019,58,31,.111,.135,-.024,.130,.161,-.031,.104,.126,-.022
Marquez, German,608566,2019,58,44,.229,.200,.029,.354,.263,.091,.245,.195,.050
Buehler, Walker,621111,2019,58,26,.077,.124,-.047,.135,.196,-.061,.122,.167,-.045
Ryu, Hyun-Jin,547943,2019,58,34,.116,.133,-.017,.140,.189,-.049,.159,.183,-.024
Gore, Terrance,605253,2019,58,33,.275,.256,.019,.353,.288,.065,.319,.291,.028
Fried, Max,608331,2019,57,41,.224,.225,-.001,.306,.310,-.004,.261,.267,-.006
Arroyo, Christian,624414,2019,57,33,.220,.226,-.006,.380,.356,.024,.299,.296,.003
Quintana, Jose,500779,2019,57,32,.083,.104,-.021,.104,.123,-.019,.080,.095,-.015
Shuck, JB,543776,2019,57,38,.213,.246,-.033,.255,.297,-.042,.280,.309,-.029
Valaika, Pat,642162,2019,57,28,.137,.123,.014,.216,.227,-.011,.206,.207,-.001
Ramirez, Hanley,434670,2019,57,32,.184,.206,-.022,.327,.349,-.022,.281,.301,-.020
Allen, Austin,664119,2019,57,37,.235,.175,.060,.314,.236,.078,.259,.205,.054
deGrom, Jacob,594798,2019,57,38,.231,.205,.026,.385,.287,.098,.290,.245,.045
Maeda, Kenta,628317,2019,56,43,.261,.224,.037,.304,.248,.056,.244,.205,.039
Kershaw, Clayton,477132,2019,56,43,.116,.131,-.015,.140,.153,-.013,.123,.137,-.014
Teheran, Julio,527054,2019,55,34,.120,.141,-.021,.140,.177,-.037,.110,.133,-.023
Gray, Sonny,543243,2019,55,36,.146,.101,.045,.195,.112,.083,.170,.126,.044
McGuire, Reese,624512,2019,55,42,.283,.290,-.007,.547,.417,.130,.352,.312,.040
Musgrove, Joe,605397,2019,55,35,.130,.158,-.028,.152,.237,-.085,.146,.191,-.045
Mikolas, Miles,571945,2019,54,31,.137,.140,-.003,.157,.166,-.009,.127,.134,-.007
Galloway, Isaac,543194,2019,54,37,.167,.204,-.037,.185,.325,-.140,.153,.224,-.071
Mayfield, Jack,608686,2019,54,40,.132,.143,-.011,.283,.226,.057,.180,.166,.014
Greinke, Zack,425844,2019,54,41,.271,.259,.012,.583,.435,.148,.365,.309,.056
Wallach, Chad,595453,2019,54,36,.250,.267,-.017,.375,.535,-.160,.312,.378,-.066
Soroka, Mike,647336,2019,53,32,.091,.158,-.067,.091,.175,-.084,.120,.179,-.059
Darvish, Yu,506433,2019,53,26,.106,.123,-.017,.106,.170,-.064,.115,.153,-.038
Garlick, Kyle,664247,2019,53,29,.250,.215,.035,.521,.476,.045,.347,.319,.028
Kratz, Erik,456124,2019,53,35,.102,.146,-.044,.204,.192,.012,.170,.188,-.018
Ortega, Rafael,542364,2019,53,39,.245,.271,-.026,.347,.428,-.081,.285,.327,-.042
Guillorme, Luis,641645,2019,52,36,.217,.223,-.006,.348,.384,-.036,.282,.303,-.021
Palka, Daniel,594953,2019,52,27,.022,.096,-.074,.022,.122,-.100,.110,.175,-.065
Wheeler, Zack,554430,2019,52,31,.239,.161,.078,.348,.233,.115,.286,.212,.074
Davis, Jonathan,641505,2019,52,37,.140,.240,-.100,.200,.392,-.192,.166,.287,-.121
Matz, Steven,571927,2019,51,36,.250,.263,-.013,.313,.379,-.066,.242,.276,-.034
Trevino, Jose,624431,2019,51,35,.245,.205,.040,.388,.296,.092,.275,.225,.050
Hendricks, Kyle,543294,2019,51,24,.186,.141,.045,.209,.169,.040,.206,.173,.033
Solak, Nick,669256,2019,51,30,.333,.283,.050,.524,.407,.117,.415,.360,.055
Rojas, Josh,668942,2019,51,31,.217,.213,.004,.326,.325,.001,.275,.277,-.002
Scherzer, Max,453286,2019,50,28,.174,.169,.005,.174,.206,-.032,.152,.162,-.010
Ray, Robbie,592662,2019,50,29,.065,.099,-.034,.065,.116,-.051,.057,.088,-.031
Gosselin, Phil,594838,2019,50,39,.245,.287,-.042,.306,.459,-.153,.245,.325,-.080
Flaherty, Jack,656427,2019,50,36,.171,.208,-.037,.244,.264,-.020,.195,.223,-.028
Knizner, Andrew,668800,2019,50,34,.196,.163,.033,.370,.281,.089,.272,.229,.043
Arrieta, Jake,453562,2019,50,30,.156,.201,-.045,.178,.233,-.055,.156,.200,-.044