Name,PA,BIP,,BA,xBA,xBA - BA,,SLG,xSLG,xSLG - SLG,,wOBA,xwOBA,xwOBA - wOBA
Trevor Bauer,853,519,,0.233,0.226,0.007,,0.434,0.392,0.042,,0.324,0.314,0.01
Lance Lynn,796,517,,0.247,0.235,0.012,,0.384,0.367,0.017,,0.298,0.291,0.007
Marco Gonzales,788,596,,0.272,0.257,0.015,,0.433,0.409,0.024,,0.322,0.316,0.006
Shane Bieber,776,491,,0.217,0.233,-0.016,,0.376,0.396,-0.02,,0.273,0.291,-0.018
Mike Minor,774,525,,0.235,0.226,0.009,,0.368,0.366,0.002,,0.289,0.291,-0.002
Aaron Nola,773,485,,0.229,0.23,-0.001,,0.388,0.377,0.011,,0.303,0.303,0
Stephen Strasburg,771,484,,0.214,0.207,0.007,,0.354,0.326,0.028,,0.27,0.261,0.009
Madison Bumgarner,765,533,,0.243,0.25,-0.007,,0.421,0.431,-0.01,,0.301,0.312,-0.011
Jose Berrios,761,534,,0.249,0.24,0.009,,0.4,0.402,-0.002,,0.303,0.302,0.001
Mike Leake,759,611,,0.29,0.293,-0.003,,0.502,0.499,0.003,,0.346,0.351,-0.005
Eduardo Rodriguez,756,506,,0.255,0.235,0.02,,0.4,0.386,0.014,,0.315,0.306,0.009
Justin Verlander,756,449,,0.166,0.181,-0.015,,0.356,0.339,0.017,,0.241,0.246,-0.005
Jakob Junis,754,524,,0.272,0.267,0.005,,0.463,0.464,-0.001,,0.34,0.345,-0.005
Zack Wheeler,741,520,,0.264,0.252,0.012,,0.396,0.398,-0.002,,0.303,0.306,-0.003
Ivan Nova,740,586,,0.299,0.29,0.009,,0.492,0.466,0.026,,0.355,0.348,0.007
Zack Greinke,739,539,,0.23,0.237,-0.007,,0.37,0.381,-0.011,,0.27,0.283,-0.013
Reynaldo Lopez,734,510,,0.273,0.25,0.023,,0.483,0.446,0.037,,0.35,0.333,0.017
Patrick Corbin,733,460,,0.221,0.225,-0.004,,0.362,0.396,-0.034,,0.28,0.3,-0.02
Jacob deGrom,731,451,,0.215,0.21,0.005,,0.343,0.327,0.016,,0.265,0.26,0.005
Sandy Alcantara,726,510,,0.234,0.237,-0.003,,0.387,0.397,-0.01,,0.309,0.318,-0.009
Noah Syndergaard,721,496,,0.248,0.226,0.022,,0.396,0.347,0.049,,0.296,0.275,0.021
German Marquez,721,506,,0.259,0.267,-0.008,,0.441,0.439,0.002,,0.315,0.323,-0.008
Matthew Boyd,720,443,,0.244,0.22,0.024,,0.461,0.395,0.066,,0.32,0.293,0.027
Charlie Morton,720,438,,0.217,0.218,-0.001,,0.342,0.329,0.013,,0.275,0.275,0
Gerrit Cole,713,387,,0.189,0.184,0.005,,0.352,0.313,0.039,,0.255,0.242,0.013
Brad Keller,709,508,,0.247,0.26,-0.013,,0.381,0.406,-0.025,,0.31,0.33,-0.02
Luis Castillo,708,425,,0.203,0.202,0.001,,0.343,0.319,0.024,,0.278,0.273,0.005
Brett Anderson,705,568,,0.268,0.285,-0.017,,0.415,0.471,-0.056,,0.316,0.349,-0.033
Rick Porcello,702,530,,0.284,0.263,0.021,,0.501,0.479,0.022,,0.351,0.338,0.013
Merrill Kelly,701,510,,0.267,0.273,-0.006,,0.465,0.483,-0.018,,0.331,0.346,-0.015
Mike Fiers,701,526,,0.248,0.262,-0.014,,0.419,0.448,-0.029,,0.313,0.335,-0.022
Masahiro Tanaka,697,521,,0.261,0.257,0.004,,0.454,0.415,0.039,,0.32,0.313,0.007
Julio Teheran,696,454,,0.224,0.234,-0.01,,0.364,0.385,-0.021,,0.301,0.316,-0.015
Dakota Hudson,693,486,,0.25,0.266,-0.016,,0.408,0.413,-0.005,,0.321,0.337,-0.016
Jon Lester,690,483,,0.286,0.282,0.004,,0.464,0.459,0.005,,0.343,0.347,-0.004
Jose Quintana,686,498,,0.266,0.261,0.005,,0.425,0.411,0.014,,0.312,0.314,-0.002
Miles Mikolas,686,516,,0.27,0.277,-0.007,,0.439,0.433,0.006,,0.318,0.328,-0.01
Lucas Giolito,681,405,,0.204,0.21,-0.006,,0.367,0.347,0.02,,0.277,0.278,-0.001
Marcus Stroman,677,491,,0.265,0.25,0.015,,0.401,0.375,0.026,,0.31,0.297,0.013
Jack Flaherty,674,422,,0.203,0.218,-0.015,,0.358,0.362,-0.004,,0.271,0.283,-0.012
Martin Perez,674,482,,0.268,0.235,0.033,,0.427,0.363,0.064,,0.331,0.298,0.033
Robbie Ray,673,387,,0.238,0.228,0.01,,0.444,0.413,0.031,,0.327,0.319,0.008
Walker Buehler,669,433,,0.225,0.226,-0.001,,0.368,0.356,0.012,,0.271,0.272,-0.001
Jeff Samardzija,666,486,,0.224,0.245,-0.021,,0.412,0.446,-0.034,,0.293,0.321,-0.028
Wade Miley,666,471,,0.247,0.239,0.008,,0.397,0.366,0.031,,0.308,0.298,0.01
Tanner Roark,661,457,,0.267,0.269,-0.002,,0.437,0.438,-0.001,,0.331,0.335,-0.004
Sonny Gray,660,401,,0.198,0.211,-0.013,,0.323,0.344,-0.021,,0.267,0.285,-0.018
Yusei Kikuchi,658,495,,0.285,0.272,0.013,,0.527,0.452,0.075,,0.364,0.339,0.025
Max Fried,655,442,,0.269,0.251,0.018,,0.427,0.375,0.052,,0.32,0.298,0.022
Kyle Hendricks,655,478,,0.243,0.242,0.001,,0.397,0.384,0.013,,0.293,0.292,0.001
Joe Musgrove,654,474,,0.258,0.252,0.006,,0.452,0.424,0.028,,0.32,0.313,0.007
Yu Darvish,651,397,,0.215,0.225,-0.01,,0.418,0.398,0.02,,0.304,0.305,-0.001
Hyun-Jin Ryu,648,478,,0.241,0.254,-0.013,,0.37,0.368,0.002,,0.275,0.286,-0.011
Kyle Gibson,646,448,,0.267,0.261,0.006,,0.424,0.414,0.01,,0.323,0.321,0.002
Adam Wainwright,645,445,,0.265,0.258,0.007,,0.431,0.407,0.024,,0.328,0.322,0.006
Anibal Sanchez,639,457,,0.239,0.253,-0.014,,0.409,0.393,0.016,,0.303,0.309,-0.006
Mike Soroka,638,468,,0.237,0.258,-0.021,,0.337,0.382,-0.045,,0.274,0.304,-0.03
Jon Gray,637,427,,0.259,0.266,-0.007,,0.437,0.413,0.024,,0.326,0.325,0.001
Clayton Kershaw,630,419,,0.225,0.238,-0.013,,0.396,0.389,0.007,,0.286,0.295,-0.009
Homer Bailey,628,444,,0.26,0.267,-0.007,,0.417,0.417,0,,0.318,0.327,-0.009
Anthony DeSclafani,626,426,,0.243,0.237,0.006,,0.44,0.405,0.035,,0.314,0.305,0.009
Dylan Bundy,623,426,,0.263,0.244,0.019,,0.48,0.404,0.076,,0.34,0.313,0.027
Steven Matz,623,433,,0.258,0.252,0.006,,0.445,0.434,0.011,,0.323,0.321,0.002
Joey Lucchesi,622,425,,0.224,0.232,-0.008,,0.383,0.385,-0.002,,0.291,0.302,-0.011
Zach Eflin,621,458,,0.27,0.252,0.018,,0.456,0.415,0.041,,0.33,0.312,0.018
Zach Davies,619,474,,0.266,0.283,-0.017,,0.436,0.457,-0.021,,0.325,0.343,-0.018
Max Scherzer,618,364,,0.216,0.2,0.016,,0.354,0.32,0.034,,0.265,0.248,0.017
Trent Thornton,616,422,,0.267,0.263,0.004,,0.459,0.429,0.03,,0.339,0.333,0.006
J.A. Happ,615,439,,0.258,0.25,0.008,,0.471,0.432,0.039,,0.334,0.322,0.012
Jake Odorizzi,614,397,,0.236,0.23,0.006,,0.377,0.385,-0.008,,0.296,0.299,-0.003
Chris Sale,612,344,,0.221,0.213,0.008,,0.412,0.367,0.045,,0.298,0.283,0.015
Aaron Sanchez,605,410,,0.278,0.264,0.014,,0.457,0.427,0.03,,0.356,0.345,0.011
Michael Pineda,600,427,,0.253,0.255,-0.002,,0.43,0.431,-0.001,,0.305,0.314,-0.009
Jake Arrieta,594,426,,0.283,0.265,0.018,,0.448,0.438,0.01,,0.342,0.336,0.006
Andrew Cashner,594,437,,0.249,0.266,-0.017,,0.416,0.459,-0.043,,0.318,0.346,-0.028
Kenta Maeda,594,383,,0.204,0.217,-0.013,,0.374,0.339,0.035,,0.278,0.275,0.003
Eric Lauer,588,424,,0.274,0.249,0.025,,0.439,0.412,0.027,,0.327,0.31,0.017
James Paxton,585,356,,0.245,0.227,0.018,,0.43,0.37,0.06,,0.319,0.296,0.023
Cole Hamels,584,395,,0.264,0.258,0.006,,0.415,0.418,-0.003,,0.322,0.329,-0.007
Jason Vargas,583,417,,0.248,0.239,0.009,,0.418,0.417,0.001,,0.317,0.317,0
Daniel Norris,578,420,,0.279,0.264,0.015,,0.487,0.467,0.02,,0.347,0.339,0.008
Chris Bassitt,576,391,,0.232,0.236,-0.004,,0.394,0.379,0.015,,0.302,0.304,-0.002
Trevor Williams,573,428,,0.286,0.274,0.012,,0.5,0.46,0.04,,0.35,0.34,0.01
Domingo German,569,382,,0.232,0.242,-0.01,,0.454,0.435,0.019,,0.314,0.316,-0.002
Spencer Turnbull,566,379,,0.268,0.256,0.012,,0.423,0.416,0.007,,0.338,0.336,0.002
John Means,564,416,,0.229,0.232,-0.003,,0.403,0.397,0.006,,0.293,0.297,-0.004
Trevor Richards,562,378,,0.247,0.237,0.01,,0.425,0.401,0.024,,0.32,0.314,0.006
Chris Paddack,551,371,,0.209,0.22,-0.011,,0.384,0.377,0.007,,0.275,0.281,-0.006
Caleb Smith,550,340,,0.208,0.219,-0.011,,0.435,0.445,-0.01,,0.304,0.317,-0.013
Glenn Sparkman,543,430,,0.293,0.288,0.005,,0.52,0.491,0.029,,0.365,0.357,0.008
Jordan Lyles,534,356,,0.248,0.234,0.014,,0.459,0.414,0.045,,0.33,0.312,0.018
Chase Anderson,533,368,,0.248,0.248,0,,0.464,0.416,0.048,,0.334,0.323,0.011
Adrian Sampson,531,393,,0.304,0.292,0.012,,0.569,0.519,0.05,,0.389,0.372,0.017
Chris Archer,526,324,,0.249,0.259,-0.01,,0.461,0.457,0.004,,0.338,0.346,-0.008
Ariel Jurado,524,405,,0.301,0.289,0.012,,0.52,0.497,0.023,,0.365,0.362,0.003
Wade LeBlanc,521,401,,0.29,0.275,0.015,,0.534,0.474,0.06,,0.362,0.34,0.022
Michael Wacha,515,363,,0.286,0.269,0.017,,0.508,0.47,0.038,,0.364,0.35,0.014
Antonio Senzatela,507,391,,0.312,0.291,0.021,,0.498,0.45,0.048,,0.374,0.353,0.021
Yonny Chirinos,504,363,,0.225,0.256,-0.031,,0.398,0.431,-0.033,,0.286,0.318,-0.032
Ryan Yarbrough,497,365,,0.208,0.249,-0.041,,0.35,0.366,-0.016,,0.252,0.282,-0.03
Danny Duffy,486,340,,0.262,0.26,0.002,,0.453,0.446,0.007,,0.337,0.339,-0.002
Brandon Woodruff,480,310,,0.247,0.239,0.008,,0.367,0.365,0.002,,0.29,0.29,0
Tyler Mahle,480,333,,0.264,0.247,0.017,,0.446,0.414,0.032,,0.325,0.31,0.015
Tyler Beede,464,320,,0.283,0.263,0.02,,0.481,0.465,0.016,,0.357,0.351,0.006
Drew Smyly,461,304,,0.277,0.264,0.013,,0.564,0.51,0.054,,0.386,0.368,0.018
Jorge Lopez,460,315,,0.278,0.271,0.007,,0.495,0.492,0.003,,0.356,0.36,-0.004
David Price,458,295,,0.258,0.24,0.018,,0.441,0.409,0.032,,0.323,0.307,0.016
Matt Strahm,457,319,,0.265,0.26,0.005,,0.475,0.471,0.004,,0.33,0.33,0
Vince Velasquez,453,291,,0.258,0.245,0.013,,0.5,0.448,0.052,,0.351,0.334,0.017
Kyle Freeland,452,335,,0.295,0.29,0.005,,0.56,0.489,0.071,,0.379,0.361,0.018
Jalen Beeks,449,318,,0.285,0.273,0.012,,0.444,0.439,0.005,,0.344,0.342,0.002
Steven Brault,440,307,,0.254,0.259,-0.005,,0.399,0.42,-0.021,,0.322,0.334,-0.012
Jordan Zimmermann,437,337,,0.297,0.3,-0.003,,0.501,0.503,-0.002,,0.355,0.364,-0.009
CC Sabathia,435,299,,0.265,0.238,0.027,,0.528,0.409,0.119,,0.361,0.312,0.049
Zach Plesac,434,315,,0.232,0.277,-0.045,,0.436,0.465,-0.029,,0.316,0.35,-0.034
Trevor Cahill,433,316,,0.279,0.269,0.01,,0.553,0.465,0.088,,0.376,0.347,0.029
Aaron Brooks,428,312,,0.284,0.272,0.012,,0.527,0.48,0.047,,0.37,0.353,0.017
Drew Pomeranz,426,259,,0.273,0.241,0.032,,0.487,0.414,0.073,,0.358,0.327,0.031
Kevin Gausman,425,283,,0.284,0.258,0.026,,0.456,0.437,0.019,,0.338,0.327,0.011
Mike Foltynewicz,425,301,,0.258,0.259,-0.001,,0.488,0.441,0.047,,0.341,0.331,0.01
Gabriel Ynoa,419,334,,0.277,0.282,-0.005,,0.529,0.511,0.018,,0.355,0.357,-0.002
Jhoulys Chacin,413,284,,0.275,0.275,0,,0.486,0.446,0.04,,0.356,0.349,0.007
Blake Snell,413,241,,0.242,0.204,0.038,,0.396,0.321,0.075,,0.304,0.263,0.041
Nick Pivetta,412,285,,0.282,0.265,0.017,,0.519,0.456,0.063,,0.366,0.348,0.018
Dallas Keuchel,410,289,,0.257,0.254,0.003,,0.404,0.39,0.014,,0.32,0.319,0.001
Cal Quantrill,408,300,,0.261,0.26,0.001,,0.428,0.421,0.007,,0.315,0.318,-0.003
Adam Plutko,407,317,,0.262,0.265,-0.003,,0.488,0.443,0.045,,0.334,0.323,0.011
Zack Godley,407,289,,0.271,0.274,-0.003,,0.469,0.462,0.007,,0.351,0.359,-0.008
Felix Pena,407,266,,0.219,0.251,-0.032,,0.402,0.425,-0.023,,0.301,0.327,-0.026
Shaun Anderson,403,301,,0.288,0.292,-0.004,,0.46,0.46,0,,0.348,0.354,-0.006
Dereck Rodriguez,402,305,,0.261,0.277,-0.016,,0.473,0.456,0.017,,0.34,0.347,-0.007
Tommy Milone,401,294,,0.251,0.253,-0.002,,0.511,0.473,0.038,,0.33,0.328,0.002
Pablo Lopez,400,284,,0.252,0.249,0.003,,0.43,0.417,0.013,,0.315,0.313,0.002
Adrian Houser,400,263,,0.252,0.226,0.026,,0.406,0.348,0.058,,0.313,0.286,0.027
Mike Clevinger,391,218,,0.199,0.198,0.001,,0.326,0.329,-0.003,,0.261,0.265,-0.004
Griffin Canning,384,250,,0.235,0.217,0.018,,0.431,0.382,0.049,,0.316,0.297,0.019
Peter Lambert,380,290,,0.32,0.297,0.023,,0.571,0.476,0.095,,0.398,0.361,0.037
Frankie Montas,371,249,,0.233,0.232,0.001,,0.366,0.35,0.016,,0.28,0.277,0.003
Brad Peacock,370,242,,0.228,0.217,0.011,,0.423,0.382,0.041,,0.308,0.295,0.013
Sam Gaviglio,361,258,,0.235,0.237,-0.002,,0.44,0.424,0.016,,0.305,0.305,0
Freddy Peralta,359,218,,0.268,0.234,0.034,,0.483,0.415,0.068,,0.352,0.317,0.035
Derek Holland,355,231,,0.255,0.233,0.022,,0.497,0.47,0.027,,0.357,0.346,0.011
David Hess,353,258,,0.295,0.296,-0.001,,0.624,0.584,0.04,,0.403,0.397,0.006
Ross Stripling,344,241,,0.241,0.231,0.01,,0.42,0.369,0.051,,0.299,0.283,0.016
Andrew Heaney,342,211,,0.233,0.223,0.01,,0.414,0.387,0.027,,0.307,0.3,0.007
Jose Urena,341,260,,0.289,0.282,0.007,,0.476,0.458,0.018,,0.346,0.341,0.005
Jesse Chavez,337,238,,0.267,0.271,-0.004,,0.463,0.459,0.004,,0.335,0.341,-0.006
Mike Montgomery,336,245,,0.318,0.31,0.008,,0.533,0.49,0.043,,0.385,0.374,0.011
Tyler Skaggs,335,227,,0.242,0.26,-0.018,,0.381,0.412,-0.031,,0.3,0.322,-0.022
Elieser Hernandez,334,224,,0.247,0.215,0.032,,0.514,0.391,0.123,,0.352,0.3,0.052
Jose Suarez,329,230,,0.306,0.273,0.033,,0.563,0.457,0.106,,0.398,0.354,0.044
Taylor Clarke,328,240,,0.267,0.27,-0.003,,0.555,0.512,0.043,,0.369,0.362,0.007
Chris Stratton,323,228,,0.305,0.264,0.041,,0.521,0.422,0.099,,0.376,0.328,0.048
Framber Valdez,319,207,,0.259,0.246,0.013,,0.415,0.363,0.052,,0.338,0.321,0.017
Junior Guerra,318,205,,0.185,0.213,-0.028,,0.353,0.359,-0.006,,0.278,0.296,-0.018
Michael Lorenzen,318,212,,0.23,0.225,0.005,,0.375,0.337,0.038,,0.292,0.28,0.012
Collin McHugh,317,201,,0.221,0.232,-0.011,,0.432,0.387,0.045,,0.312,0.307,0.005
Luis Cessa,317,220,,0.241,0.222,0.019,,0.43,0.347,0.083,,0.311,0.282,0.029
Craig Stammen,316,234,,0.256,0.24,0.016,,0.441,0.37,0.071,,0.307,0.28,0.027
Wilmer Font,314,203,,0.247,0.22,0.027,,0.473,0.383,0.09,,0.332,0.293,0.039
Erick Fedde,313,240,,0.276,0.299,-0.023,,0.458,0.486,-0.028,,0.346,0.372,-0.026
Nick Ramirez,312,216,,0.249,0.24,0.009,,0.437,0.411,0.026,,0.321,0.314,0.007
Zac Gallen,310,181,,0.21,0.21,0,,0.332,0.334,-0.002,,0.283,0.288,-0.005
Jaime Barria,309,219,,0.272,0.262,0.01,,0.555,0.49,0.065,,0.367,0.348,0.019
Tyler Chatwood,308,197,,0.234,0.26,-0.026,,0.358,0.357,0.001,,0.309,0.325,-0.016
Gio Gonzalez,304,207,,0.232,0.259,-0.027,,0.419,0.432,-0.013,,0.319,0.34,-0.021
Carlos Carrasco,303,202,,0.291,0.256,0.035,,0.551,0.481,0.07,,0.363,0.328,0.035
Liam Hendriks,300,167,,0.197,0.178,0.019,,0.299,0.288,0.011,,0.234,0.223,0.011
Julio Urias,298,197,,0.207,0.212,-0.005,,0.337,0.326,0.011,,0.269,0.271,-0.002
Miguel Castro,297,196,,0.23,0.216,0.014,,0.381,0.343,0.038,,0.305,0.292,0.013
Marcus Walden,295,193,,0.199,0.231,-0.032,,0.333,0.342,-0.009,,0.272,0.295,-0.023
Bryan Shaw,295,208,,0.249,0.265,-0.016,,0.46,0.43,0.03,,0.336,0.338,-0.002
Asher Wojciechowski,294,194,,0.238,0.235,0.003,,0.498,0.47,0.028,,0.346,0.34,0.006
Thomas Pannone,294,199,,0.246,0.247,-0.001,,0.45,0.455,-0.005,,0.331,0.343,-0.012
Archie Bradley,293,174,,0.256,0.247,0.009,,0.392,0.379,0.013,,0.325,0.322,0.003
Ryne Stanek,292,184,,0.222,0.225,-0.003,,0.397,0.405,-0.008,,0.3,0.314,-0.014
Edwin Jackson,292,219,,0.356,0.31,0.046,,0.697,0.57,0.127,,0.459,0.404,0.055
Josh Tomlin,290,237,,0.264,0.269,-0.005,,0.462,0.464,-0.002,,0.311,0.319,-0.008
Carlos Estevez,290,191,,0.255,0.245,0.01,,0.452,0.416,0.036,,0.323,0.31,0.013
Chad Bettis,287,219,,0.301,0.27,0.031,,0.498,0.408,0.09,,0.365,0.324,0.041
Luke Jackson,286,169,,0.27,0.209,0.061,,0.417,0.348,0.069,,0.322,0.273,0.049
Wei-Yin Chen,285,204,,0.31,0.275,0.035,,0.554,0.468,0.086,,0.384,0.344,0.04
Francisco Liriano,284,187,,0.234,0.231,0.003,,0.393,0.372,0.021,,0.315,0.311,0.004
Jordan Yamamoto,282,178,,0.192,0.23,-0.038,,0.367,0.378,-0.011,,0.287,0.313,-0.026
Ty Buttrey,282,178,,0.245,0.241,0.004,,0.372,0.377,-0.005,,0.301,0.307,-0.006
Dylan Cease,281,181,,0.282,0.247,0.035,,0.512,0.42,0.092,,0.37,0.328,0.042
Seth Lugo,280,169,,0.19,0.182,0.008,,0.314,0.311,0.003,,0.239,0.236,0.003
Robert Gsellman,278,188,,0.261,0.235,0.026,,0.429,0.342,0.087,,0.329,0.292,0.037
Yusmeiro Petit,277,209,,0.2,0.209,-0.009,,0.362,0.371,-0.009,,0.245,0.26,-0.015
Chris Devenski,277,185,,0.268,0.239,0.029,,0.496,0.406,0.09,,0.346,0.309,0.037
Dario Agrazal,276,220,,0.283,0.273,0.01,,0.482,0.439,0.043,,0.356,0.34,0.016
Scott Barlow,276,158,,0.241,0.224,0.017,,0.405,0.36,0.045,,0.321,0.305,0.016
Joe Biagini,275,191,,0.285,0.279,0.006,,0.522,0.49,0.032,,0.366,0.356,0.01
Jacob Waguespack,274,198,,0.244,0.27,-0.026,,0.427,0.452,-0.025,,0.323,0.346,-0.023
Daniel Hudson,273,180,,0.219,0.224,-0.005,,0.388,0.419,-0.031,,0.295,0.314,-0.019
John Brebbia,272,167,,0.203,0.199,0.004,,0.321,0.33,-0.009,,0.262,0.266,-0.004
Nestor Cortes Jr.,272,182,,0.27,0.263,0.007,,0.467,0.455,0.012,,0.342,0.339,0.003
Jose Leclerc,272,139,,0.207,0.172,0.035,,0.374,0.28,0.094,,0.306,0.266,0.04
Sean Newcomb,271,182,,0.231,0.245,-0.014,,0.378,0.383,-0.005,,0.303,0.316,-0.013
Wander Suero,269,170,,0.244,0.255,-0.011,,0.36,0.392,-0.032,,0.288,0.309,-0.021
Alex Young,268,189,,0.208,0.235,-0.027,,0.371,0.39,-0.019,,0.273,0.296,-0.023
Dillon Peters,268,194,,0.285,0.27,0.015,,0.544,0.46,0.084,,0.376,0.347,0.029
Matt Andriese,268,173,,0.262,0.221,0.041,,0.426,0.364,0.062,,0.32,0.283,0.037
Matt Harvey,266,195,,0.275,0.302,-0.027,,0.528,0.524,0.004,,0.372,0.391,-0.019
Adam Conley,265,185,,0.315,0.267,0.048,,0.54,0.444,0.096,,0.385,0.334,0.051
Chad Green,265,161,,0.264,0.252,0.012,,0.452,0.439,0.013,,0.331,0.328,0.003
Lou Trivino,264,175,,0.265,0.231,0.034,,0.429,0.338,0.091,,0.337,0.297,0.04
Mark Melancon,264,180,,0.28,0.264,0.016,,0.374,0.353,0.021,,0.307,0.295,0.012
Adam Ottavino,262,138,,0.191,0.18,0.011,,0.305,0.283,0.022,,0.276,0.271,0.005
Joakim Soria,261,167,,0.215,0.223,-0.008,,0.363,0.39,-0.027,,0.276,0.296,-0.02
Dylan Covey,260,194,,0.296,0.323,-0.027,,0.509,0.546,-0.037,,0.372,0.403,-0.031
Nick Kingham,259,188,,0.341,0.278,0.063,,0.598,0.476,0.122,,0.421,0.355,0.066
Hansel Robles,258,177,,0.222,0.219,0.003,,0.326,0.35,-0.024,,0.255,0.266,-0.011
Javy Guerra,258,191,,0.251,0.245,0.006,,0.431,0.416,0.015,,0.308,0.305,0.003
Cam Bedrosian,258,169,,0.207,0.228,-0.021,,0.336,0.367,-0.031,,0.273,0.301,-0.028
Daniel Mengden,257,188,,0.253,0.259,-0.006,,0.424,0.427,-0.003,,0.325,0.335,-0.01
Blake Treinen,257,165,,0.255,0.246,0.009,,0.418,0.405,0.013,,0.336,0.333,0.003
Buck Farmer,257,163,,0.26,0.25,0.01,,0.453,0.432,0.021,,0.333,0.327,0.006
Noe Ramirez,256,160,,0.247,0.222,0.025,,0.424,0.362,0.062,,0.317,0.291,0.026
Richard Rodriguez,256,179,,0.253,0.231,0.022,,0.438,0.391,0.047,,0.319,0.297,0.022
Jake Diekman,256,136,,0.212,0.209,0.003,,0.317,0.306,0.011,,0.305,0.305,0
Diego Castillo,256,158,,0.238,0.193,0.045,,0.383,0.304,0.079,,0.3,0.258,0.042
Raisel Iglesias,255,152,,0.248,0.222,0.026,,0.448,0.371,0.077,,0.32,0.29,0.03
Nick Margevicius,255,194,,0.302,0.286,0.016,,0.539,0.483,0.056,,0.377,0.356,0.021
Luis Garcia,255,170,,0.256,0.26,-0.004,,0.434,0.429,0.005,,0.341,0.346,-0.005
Luis Perdomo,255,189,,0.252,0.26,-0.008,,0.366,0.391,-0.025,,0.288,0.304,-0.016
Josh Hader,255,110,,0.15,0.153,-0.003,,0.359,0.312,0.047,,0.246,0.235,0.011
Luke Weaver,254,169,,0.233,0.251,-0.018,,0.377,0.414,-0.037,,0.283,0.307,-0.024
Joe Ross,253,175,,0.3,0.269,0.031,,0.465,0.456,0.009,,0.369,0.36,0.009
Taylor Rogers,252,156,,0.231,0.206,0.025,,0.355,0.337,0.018,,0.273,0.258,0.015
Brandon Workman,252,121,,0.125,0.175,-0.05,,0.173,0.237,-0.064,,0.21,0.257,-0.047
Hector Neris,252,144,,0.188,0.19,-0.002,,0.341,0.311,0.03,,0.27,0.265,0.005
Brett Martin,252,182,,0.28,0.265,0.015,,0.418,0.41,0.008,,0.316,0.319,-0.003
Pedro Baez,252,162,,0.177,0.181,-0.004,,0.288,0.287,0.001,,0.241,0.246,-0.005
Ross Detwiler,251,186,,0.308,0.301,0.007,,0.576,0.543,0.033,,0.397,0.391,0.006
John Gant,251,170,,0.215,0.233,-0.018,,0.318,0.322,-0.004,,0.276,0.288,-0.012
Alex Claudio,251,179,,0.248,0.239,0.009,,0.431,0.352,0.079,,0.324,0.305,0.019
Derek Law,249,151,,0.242,0.24,0.002,,0.425,0.376,0.049,,0.336,0.324,0.012
Matt Albers,249,162,,0.23,0.234,-0.004,,0.366,0.368,-0.002,,0.302,0.309,-0.007
Sam Dyson,249,178,,0.23,0.239,-0.009,,0.357,0.37,-0.013,,0.277,0.289,-0.012
Felix Hernandez,249,178,,0.3,0.278,0.022,,0.587,0.51,0.077,,0.399,0.368,0.031
Steve Cishek,247,160,,0.209,0.224,-0.015,,0.335,0.35,-0.015,,0.286,0.3,-0.014
Jared Hughes,247,179,,0.234,0.249,-0.015,,0.445,0.404,0.041,,0.324,0.323,0.001
Dinelson Lamet,246,145,,0.227,0.219,0.008,,0.398,0.363,0.035,,0.308,0.296,0.012
Ian Kennedy,245,163,,0.261,0.22,0.041,,0.358,0.362,-0.004,,0.291,0.277,0.014
Giovanny Gallegos,245,144,,0.162,0.181,-0.019,,0.294,0.336,-0.042,,0.219,0.249,-0.03
Reyes Moronta,245,140,,0.197,0.192,0.005,,0.298,0.333,-0.035,,0.276,0.289,-0.013
Matt Barnes,245,117,,0.211,0.194,0.017,,0.366,0.298,0.068,,0.295,0.268,0.027
Jerad Eickhoff,245,174,,0.261,0.245,0.016,,0.563,0.499,0.064,,0.369,0.345,0.024
Sean Doolittle,243,166,,0.27,0.235,0.035,,0.473,0.422,0.051,,0.333,0.302,0.031
Gregory Soto,243,179,,0.305,0.297,0.008,,0.484,0.483,0.001,,0.367,0.372,-0.005
Jeurys Familia,242,140,,0.272,0.233,0.039,,0.446,0.361,0.085,,0.367,0.326,0.041
Josh James,241,114,,0.206,0.165,0.041,,0.397,0.274,0.123,,0.319,0.265,0.054
T.J. McFarland,240,185,,0.319,0.311,0.008,,0.481,0.478,0.003,,0.358,0.357,0.001
Brad Hand,239,136,,0.245,0.223,0.022,,0.389,0.372,0.017,,0.299,0.285,0.014
Josh Osich,239,173,,0.246,0.25,-0.004,,0.491,0.45,0.041,,0.325,0.318,0.007
Nick Anderson,238,121,,0.214,0.196,0.018,,0.377,0.34,0.037,,0.272,0.257,0.015
Emilio Pagan,238,137,,0.17,0.161,0.009,,0.35,0.274,0.076,,0.24,0.213,0.027
Hector Rondon,237,171,,0.239,0.226,0.013,,0.423,0.373,0.05,,0.314,0.298,0.016
Will Smith,237,131,,0.203,0.21,-0.007,,0.378,0.343,0.035,,0.273,0.269,0.004
Dan Straily,236,179,,0.349,0.328,0.021,,0.746,0.681,0.065,,0.471,0.446,0.025
Robert Stephenson,236,136,,0.184,0.189,-0.005,,0.377,0.303,0.074,,0.269,0.25,0.019
Colten Brewer,235,156,,0.284,0.257,0.027,,0.447,0.386,0.061,,0.359,0.335,0.024
Yimi Garcia,235,152,,0.172,0.169,0.003,,0.428,0.336,0.092,,0.275,0.245,0.03
Kirby Yates,235,117,,0.187,0.167,0.02,,0.266,0.252,0.014,,0.231,0.222,0.009
Trevor May,235,139,,0.185,0.196,-0.011,,0.307,0.34,-0.033,,0.259,0.281,-0.022
Shawn Armstrong,234,150,,0.26,0.243,0.017,,0.431,0.428,0.003,,0.336,0.334,0.002
Edwin Diaz,234,119,,0.266,0.211,0.055,,0.512,0.36,0.152,,0.355,0.283,0.072
Joe Jimenez,234,133,,0.237,0.214,0.023,,0.473,0.397,0.076,,0.339,0.307,0.032
Nathan Eovaldi,233,150,,0.272,0.235,0.037,,0.505,0.41,0.095,,0.366,0.329,0.037
Kevin McCarthy,233,180,,0.306,0.292,0.014,,0.456,0.43,0.026,,0.343,0.338,0.005
Jeff Hoffman,233,156,,0.307,0.277,0.03,,0.61,0.524,0.086,,0.406,0.369,0.037
Robbie Erlin,232,170,,0.322,0.295,0.027,,0.439,0.458,-0.019,,0.343,0.343,0
Zack Britton,232,152,,0.188,0.202,-0.014,,0.264,0.293,-0.029,,0.258,0.279,-0.021
Tony Watson,231,173,,0.269,0.26,0.009,,0.453,0.422,0.031,,0.33,0.319,0.011
Felipe Vazquez,231,127,,0.196,0.203,-0.007,,0.318,0.336,-0.018,,0.249,0.262,-0.013
Shane Greene,230,150,,0.19,0.225,-0.035,,0.314,0.379,-0.065,,0.25,0.292,-0.042
Jose Alvarez,230,171,,0.286,0.258,0.028,,0.419,0.384,0.035,,0.319,0.297,0.022
Sergio Romo,230,161,,0.225,0.214,0.011,,0.373,0.363,0.01,,0.274,0.273,0.001
Amir Garrett,230,120,,0.206,0.198,0.008,,0.351,0.303,0.048,,0.304,0.288,0.016
Blake Parker,229,147,,0.233,0.264,-0.031,,0.411,0.457,-0.046,,0.312,0.348,-0.036
Kenley Jansen,229,141,,0.219,0.203,0.016,,0.41,0.338,0.072,,0.292,0.263,0.029
Paul Fry,228,149,,0.245,0.245,0,,0.383,0.362,0.021,,0.324,0.32,0.004
Kyle Ryan,228,151,,0.233,0.24,-0.007,,0.307,0.326,-0.019,,0.272,0.29,-0.018
Aaron Bummer,228,151,,0.193,0.209,-0.016,,0.272,0.283,-0.011,,0.249,0.263,-0.014
Tim Mayza,226,143,,0.231,0.244,-0.013,,0.421,0.413,0.008,,0.315,0.324,-0.009
Kyle Crick,226,123,,0.224,0.194,0.03,,0.432,0.344,0.088,,0.348,0.313,0.035
Adam Cimber,226,168,,0.249,0.236,0.013,,0.378,0.351,0.027,,0.301,0.292,0.009
Mychal Givens,226,125,,0.2,0.213,-0.013,,0.39,0.38,0.01,,0.289,0.294,-0.005
Jeremy Jeffress,225,157,,0.269,0.268,0.001,,0.393,0.42,-0.027,,0.322,0.334,-0.012
Hector Velazquez,225,148,,0.262,0.258,0.004,,0.445,0.445,0,,0.345,0.349,-0.004
Roberto Osuna,224,149,,0.191,0.204,-0.013,,0.34,0.348,-0.008,,0.249,0.26,-0.011
Jace Fry,224,125,,0.227,0.24,-0.013,,0.398,0.383,0.015,,0.333,0.338,-0.005
Aroldis Chapman,223,117,,0.187,0.193,-0.006,,0.269,0.272,-0.003,,0.249,0.261,-0.012
Yoan Lopez,223,170,,0.223,0.305,-0.082,,0.421,0.528,-0.107,,0.29,0.372,-0.082
Scott Oberg,223,142,,0.196,0.227,-0.031,,0.291,0.359,-0.068,,0.252,0.293,-0.041
Corbin Burnes,223,136,,0.33,0.272,0.058,,0.625,0.496,0.129,,0.425,0.359,0.066
Brad Brach,222,135,,0.278,0.261,0.017,,0.417,0.377,0.04,,0.342,0.328,0.014
Tommy Kahnle,222,124,,0.196,0.193,0.003,,0.353,0.314,0.039,,0.264,0.251,0.013
Tyler Clippard,222,141,,0.171,0.179,-0.008,,0.327,0.316,0.011,,0.251,0.253,-0.002
Erik Swanson,221,163,,0.264,0.271,-0.007,,0.567,0.517,0.05,,0.359,0.353,0.006
Adam Kolarek,221,160,,0.233,0.243,-0.01,,0.386,0.365,0.021,,0.29,0.291,-0.001
Shelby Miller,220,157,,0.317,0.275,0.042,,0.497,0.463,0.034,,0.387,0.374,0.013
Manny Banuelos,220,145,,0.315,0.28,0.035,,0.56,0.483,0.077,,0.408,0.372,0.036
Cory Gearrin,218,147,,0.263,0.258,0.005,,0.379,0.383,-0.004,,0.322,0.324,-0.002
Rich Hill,217,142,,0.237,0.216,0.021,,0.424,0.338,0.086,,0.299,0.265,0.034
Joe Kelly,217,132,,0.244,0.215,0.029,,0.389,0.342,0.047,,0.31,0.285,0.025
Michael Feliz,217,124,,0.205,0.19,0.015,,0.368,0.33,0.038,,0.289,0.275,0.014
Ryan Brasier,217,144,,0.25,0.263,-0.013,,0.438,0.46,-0.022,,0.324,0.343,-0.019
Will Harris,216,146,,0.209,0.22,-0.011,,0.313,0.357,-0.044,,0.252,0.274,-0.022
Chi Chi Gonzalez,216,163,,0.267,0.287,-0.02,,0.471,0.467,0.004,,0.354,0.368,-0.014
Roenis Elias,216,150,,0.236,0.251,-0.015,,0.426,0.441,-0.015,,0.31,0.328,-0.018
Clay Holmes,215,124,,0.229,0.224,0.005,,0.354,0.357,-0.003,,0.326,0.328,-0.002
Brandon Kintzler,215,153,,0.217,0.233,-0.016,,0.359,0.38,-0.021,,0.268,0.291,-0.023
Alex Colome,215,147,,0.174,0.242,-0.068,,0.316,0.429,-0.113,,0.248,0.33,-0.082
Andrew Chafin,214,130,,0.257,0.25,0.007,,0.372,0.393,-0.021,,0.308,0.314,-0.006
Chaz Roe,214,122,,0.247,0.226,0.021,,0.352,0.328,0.024,,0.311,0.297,0.014
Drew VerHagen,214,146,,0.295,0.253,0.042,,0.479,0.401,0.078,,0.362,0.329,0.033
Nick Wittgren,214,144,,0.212,0.248,-0.036,,0.384,0.427,-0.043,,0.28,0.316,-0.036
Trevor Gott,214,138,,0.216,0.232,-0.016,,0.316,0.395,-0.079,,0.263,0.303,-0.04
Yoshihisa Hirano,213,135,,0.265,0.217,0.048,,0.411,0.371,0.04,,0.328,0.301,0.027
Kelvin Herrera,211,147,,0.314,0.29,0.024,,0.476,0.439,0.037,,0.36,0.341,0.019
Matt Wisler,211,136,,0.268,0.24,0.028,,0.464,0.381,0.083,,0.332,0.299,0.033
Juan Nicasio,210,145,,0.297,0.292,0.005,,0.443,0.441,0.002,,0.342,0.349,-0.007
Jairo Diaz,210,136,,0.245,0.224,0.021,,0.443,0.345,0.098,,0.318,0.282,0.036
Ryne Harper,208,150,,0.247,0.26,-0.013,,0.397,0.432,-0.035,,0.288,0.314,-0.026
Tyler Duffey,208,122,,0.212,0.2,0.012,,0.349,0.337,0.012,,0.267,0.261,0.006
Matt Grace,206,159,,0.319,0.303,0.016,,0.56,0.533,0.027,,0.384,0.371,0.013
Taylor Cole,206,137,,0.294,0.281,0.013,,0.406,0.382,0.024,,0.334,0.324,0.01
Matt Magill,205,127,,0.249,0.246,0.003,,0.442,0.42,0.022,,0.322,0.319,0.003
Chris Martin,205,139,,0.253,0.241,0.012,,0.424,0.408,0.016,,0.292,0.287,0.005
Anthony Swarzak,204,135,,0.239,0.249,-0.01,,0.439,0.453,-0.014,,0.326,0.339,-0.013
Trey Wingenter,202,105,,0.181,0.191,-0.01,,0.322,0.317,0.005,,0.277,0.29,-0.013
Clayton Richard,201,157,,0.298,0.294,0.004,,0.522,0.485,0.037,,0.38,0.374,0.006
David Hernandez,199,124,,0.306,0.251,0.055,,0.538,0.404,0.134,,0.38,0.315,0.065
Tyler Kinley,199,125,,0.241,0.23,0.011,,0.364,0.357,0.007,,0.325,0.322,0.003
Austin Brice,199,128,,0.214,0.214,0,,0.364,0.336,0.028,,0.295,0.291,0.004
Andrew Miller,198,106,,0.222,0.206,0.016,,0.407,0.359,0.048,,0.329,0.309,0.02
Touki Toussaint,198,120,,0.27,0.217,0.053,,0.417,0.353,0.064,,0.355,0.316,0.039
Ryan Pressly,197,120,,0.196,0.212,-0.016,,0.326,0.328,-0.002,,0.245,0.255,-0.01
Wade Davis,197,128,,0.276,0.259,0.017,,0.453,0.422,0.031,,0.359,0.345,0.014
Tyler Webb,197,131,,0.187,0.209,-0.022,,0.345,0.333,0.012,,0.266,0.276,-0.01
Tayron Guerrero,197,116,,0.227,0.234,-0.007,,0.416,0.427,-0.011,,0.351,0.364,-0.013
Ryan Carpenter,197,157,,0.339,0.311,0.028,,0.628,0.532,0.096,,0.421,0.382,0.039
Richard Bleier,196,162,,0.311,0.258,0.053,,0.503,0.383,0.12,,0.354,0.292,0.062
Jimmy Yacabonis,193,134,,0.307,0.282,0.025,,0.554,0.518,0.036,,0.403,0.385,0.018
Tyler Glasnow,192,121,,0.2,0.186,0.014,,0.289,0.298,-0.009,,0.234,0.238,-0.004
Justin Anderson,191,106,,0.22,0.2,0.02,,0.428,0.346,0.082,,0.33,0.308,0.022
Jefry Rodriguez,190,139,,0.269,0.259,0.01,,0.431,0.436,-0.005,,0.328,0.336,-0.008
Daniel Ponce de Leon,190,116,,0.207,0.208,-0.001,,0.354,0.337,0.017,,0.29,0.289,0.001
Ken Giles,185,94,,0.201,0.182,0.019,,0.331,0.314,0.017,,0.262,0.251,0.011
Caleb Ferguson,185,108,,0.242,0.257,-0.015,,0.431,0.409,0.022,,0.34,0.343,-0.003
Austin Pruitt,185,137,,0.257,0.251,0.006,,0.45,0.398,0.052,,0.31,0.294,0.016
Aaron Civale,184,133,,0.222,0.241,-0.019,,0.347,0.316,0.031,,0.266,0.27,-0.004
Oliver Drake,184,113,,0.21,0.217,-0.007,,0.401,0.377,0.024,,0.292,0.291,0.001
Mike Morin,184,151,,0.24,0.265,-0.025,,0.374,0.405,-0.031,,0.286,0.311,-0.025
Josh Taylor,183,107,,0.232,0.22,0.012,,0.335,0.327,0.008,,0.282,0.278,0.004
Jeremy Hellickson,183,132,,0.294,0.296,-0.002,,0.525,0.516,0.009,,0.379,0.383,-0.004
Blaine Hardy,182,140,,0.232,0.243,-0.011,,0.47,0.454,0.016,,0.313,0.332,-0.019
Mitch Keller,181,117,,0.355,0.255,0.1,,0.572,0.394,0.178,,0.409,0.308,0.101
Jonathan Holder,181,122,,0.256,0.234,0.022,,0.452,0.399,0.053,,0.323,0.299,0.024
Colin Poche,180,94,,0.177,0.164,0.013,,0.361,0.298,0.063,,0.276,0.252,0.024
Tanner Rainey,180,82,,0.194,0.208,-0.014,,0.353,0.374,-0.021,,0.326,0.34,-0.014
Jarlin Garcia,180,128,,0.202,0.23,-0.028,,0.313,0.365,-0.052,,0.251,0.288,-0.037
Shawn Kelley,180,131,,0.284,0.272,0.012,,0.515,0.504,0.011,,0.35,0.346,0.004
Dylan Floro,179,127,,0.244,0.24,0.004,,0.344,0.347,-0.003,,0.277,0.28,-0.003
Ryan Buchter,178,107,,0.255,0.254,0.001,,0.443,0.406,0.037,,0.336,0.329,0.007
Andrew Kittredge,178,119,,0.287,0.236,0.051,,0.439,0.366,0.073,,0.329,0.288,0.041
Jose Ruiz,178,121,,0.307,0.266,0.041,,0.487,0.444,0.043,,0.376,0.349,0.027
Hunter Wood,177,127,,0.264,0.248,0.016,,0.417,0.384,0.033,,0.311,0.295,0.016
Wily Peralta,176,131,,0.296,0.283,0.013,,0.487,0.504,-0.017,,0.367,0.373,-0.006
Casey Sadler,176,132,,0.239,0.238,0.001,,0.377,0.354,0.023,,0.294,0.292,0.002
Fernando Rodney,176,114,,0.273,0.228,0.045,,0.39,0.373,0.017,,0.333,0.31,0.023
Evan Marshall,175,125,,0.237,0.243,-0.006,,0.372,0.399,-0.027,,0.296,0.31,-0.014
Ranger Suarez,175,126,,0.28,0.262,0.018,,0.435,0.398,0.037,,0.321,0.303,0.018
Clay Buchholz,172,139,,0.283,0.299,-0.016,,0.484,0.507,-0.023,,0.342,0.365,-0.023
Brandon Brennan,172,111,,0.208,0.222,-0.014,,0.362,0.351,0.011,,0.278,0.286,-0.008
Brendan McKay,171,111,,0.266,0.244,0.022,,0.5,0.418,0.082,,0.345,0.311,0.034
Jake McGee,169,125,,0.292,0.256,0.036,,0.565,0.46,0.105,,0.374,0.333,0.041
Carlos Martinez,169,106,,0.221,0.223,-0.002,,0.289,0.333,-0.044,,0.266,0.285,-0.019
Anthony Bass,169,113,,0.188,0.246,-0.058,,0.315,0.379,-0.064,,0.254,0.314,-0.06
Victor Alcantara,168,132,,0.289,0.293,-0.004,,0.513,0.52,-0.007,,0.364,0.377,-0.013
Corey Kluber,168,112,,0.297,0.246,0.051,,0.453,0.426,0.027,,0.356,0.329,0.027
Tyler Alexander,167,125,,0.294,0.255,0.039,,0.506,0.453,0.053,,0.346,0.313,0.033
Heath Hembree,167,101,,0.233,0.212,0.021,,0.473,0.425,0.048,,0.338,0.317,0.021
Brian Johnson,165,123,,0.336,0.265,0.071,,0.562,0.43,0.132,,0.406,0.333,0.073
Tom Eshelman,164,130,,0.313,0.303,0.01,,0.593,0.526,0.067,,0.395,0.378,0.017
Luke Bard,164,120,,0.265,0.273,-0.008,,0.429,0.433,-0.004,,0.328,0.337,-0.009
Nick Vincent,163,112,,0.293,0.269,0.024,,0.517,0.458,0.059,,0.364,0.338,0.026
Tyson Ross,162,118,,0.289,0.3,-0.011,,0.493,0.527,-0.034,,0.368,0.388,-0.02
Ryan Weber,160,126,,0.289,0.26,0.029,,0.45,0.39,0.06,,0.335,0.306,0.029
Devin Smeltzer,160,118,,0.26,0.27,-0.01,,0.493,0.49,0.003,,0.337,0.343,-0.006
Branden Kline,159,112,,0.289,0.314,-0.025,,0.542,0.553,-0.011,,0.377,0.403,-0.026
Oliver Perez,159,101,,0.234,0.211,0.023,,0.4,0.32,0.08,,0.297,0.261,0.036
Carlos Rodon,158,94,,0.239,0.203,0.036,,0.391,0.334,0.057,,0.31,0.289,0.021
Jameson Taillon,158,118,,0.231,0.261,-0.03,,0.401,0.424,-0.023,,0.287,0.315,-0.028
Nick Goody,157,92,,0.196,0.177,0.019,,0.37,0.274,0.096,,0.283,0.246,0.037
Dominic Leone,157,100,,0.259,0.264,-0.005,,0.496,0.521,-0.025,,0.349,0.363,-0.014
Cole Irvin,156,113,,0.297,0.288,0.009,,0.5,0.505,-0.005,,0.363,0.365,-0.002
Wandy Peralta,155,111,,0.289,0.29,-0.001,,0.578,0.505,0.073,,0.384,0.375,0.009
Pedro Strop,155,94,,0.227,0.209,0.018,,0.424,0.378,0.046,,0.327,0.313,0.014
Phil Maton,153,111,,0.275,0.274,0.001,,0.514,0.421,0.093,,0.36,0.329,0.031
Alex Wood,153,113,,0.291,0.3,-0.009,,0.589,0.516,0.073,,0.386,0.37,0.016
David Hale,153,124,,0.255,0.25,0.005,,0.393,0.352,0.041,,0.288,0.276,0.012
Greg Holland,152,87,,0.198,0.192,0.006,,0.365,0.336,0.029,,0.299,0.292,0.007
Jesse Biddle,152,100,,0.339,0.336,0.003,,0.524,0.54,-0.016,,0.414,0.42,-0.006
Justin Shafer,151,95,,0.25,0.229,0.021,,0.445,0.377,0.068,,0.339,0.311,0.028
Sean Reid-Foley,150,99,,0.262,0.247,0.015,,0.444,0.404,0.04,,0.355,0.338,0.017
Edgar Garcia,148,91,,0.282,0.255,0.027,,0.556,0.517,0.039,,0.391,0.371,0.02
Mike Wright,147,103,,0.336,0.287,0.049,,0.565,0.452,0.113,,0.401,0.349,0.052
A.J. Minter,147,88,,0.298,0.263,0.035,,0.446,0.429,0.017,,0.363,0.347,0.016
Jose Alvarado,146,80,,0.254,0.249,0.005,,0.36,0.375,-0.015,,0.331,0.338,-0.007
Kyle Barraclough,146,90,,0.304,0.283,0.021,,0.576,0.563,0.013,,0.403,0.395,0.008
Kolby Allard,145,103,,0.267,0.273,-0.006,,0.366,0.365,0.001,,0.303,0.308,-0.005
Geoff Hartlieb,144,95,,0.355,0.282,0.073,,0.613,0.484,0.129,,0.429,0.362,0.067
Justin Wilson,143,90,,0.236,0.22,0.016,,0.354,0.317,0.037,,0.3,0.284,0.016
Lucas Sims,142,77,,0.21,0.164,0.046,,0.444,0.324,0.12,,0.316,0.26,0.056
Tyler Olson,140,94,,0.281,0.221,0.06,,0.438,0.349,0.089,,0.346,0.3,0.046
Ty Blach,139,102,,0.377,0.316,0.061,,0.672,0.536,0.136,,0.469,0.403,0.066
Brian Flynn,139,97,,0.333,0.316,0.017,,0.465,0.473,-0.008,,0.382,0.385,-0.003
Elvis Luciano,138,90,,0.297,0.244,0.053,,0.495,0.407,0.088,,0.396,0.35,0.046
Darwinzon Hernandez,138,57,,0.225,0.146,0.079,,0.342,0.214,0.128,,0.323,0.255,0.068
Jeffrey Springs,135,85,,0.288,0.264,0.024,,0.468,0.395,0.073,,0.371,0.344,0.027
Jon Duplantier,134,85,,0.268,0.262,0.006,,0.384,0.439,-0.055,,0.341,0.359,-0.018
Jose Urquidy,134,94,,0.246,0.23,0.016,,0.444,0.44,0.004,,0.307,0.302,0.005
Jesus Tinoco,133,90,,0.25,0.259,-0.009,,0.58,0.524,0.056,,0.389,0.382,0.007
Adalberto Mejia,133,86,,0.292,0.295,-0.003,,0.487,0.534,-0.047,,0.376,0.397,-0.021
Jacob Barnes,132,90,,0.272,0.262,0.01,,0.491,0.456,0.035,,0.356,0.346,0.01
Jacob Webb,131,90,,0.205,0.205,0,,0.376,0.347,0.029,,0.287,0.281,0.006
Jose Cisnero,130,77,,0.229,0.2,0.029,,0.385,0.307,0.078,,0.312,0.283,0.029
Daniel Stumpf,130,89,,0.304,0.259,0.045,,0.509,0.451,0.058,,0.368,0.336,0.032
Josh A. Smith,130,93,,0.275,0.267,0.008,,0.5,0.505,-0.005,,0.35,0.354,-0.004
Tony Gonsolin,130,93,,0.193,0.224,-0.031,,0.336,0.371,-0.035,,0.256,0.288,-0.032
Jose Quijada,129,62,,0.257,0.248,0.009,,0.634,0.488,0.146,,0.427,0.384,0.043
Tim Hill,128,84,,0.225,0.222,0.003,,0.351,0.341,0.01,,0.298,0.294,0.004
Luis Avilan,127,86,,0.268,0.275,-0.007,,0.411,0.41,0.001,,0.335,0.34,-0.005
Chad Sobotka,127,70,,0.252,0.225,0.027,,0.458,0.399,0.059,,0.36,0.333,0.027
Logan Allen,127,95,,0.33,0.323,0.007,,0.55,0.531,0.019,,0.405,0.406,-0.001
Patrick Sandoval,127,80,,0.259,0.255,0.004,,0.438,0.38,0.058,,0.334,0.316,0.018
Jeff Brigham,127,80,,0.263,0.257,0.006,,0.518,0.48,0.038,,0.354,0.341,0.013
Juan Minaya,126,85,,0.277,0.232,0.045,,0.5,0.376,0.124,,0.365,0.307,0.058
Jerry Blevins,124,73,,0.202,0.25,-0.048,,0.375,0.439,-0.064,,0.296,0.344,-0.048
Adam Warren,124,86,,0.257,0.256,0.001,,0.55,0.488,0.062,,0.372,0.354,0.018
Yency Almonte,124,92,,0.261,0.296,-0.035,,0.486,0.555,-0.069,,0.349,0.392,-0.043
Brad Boxberger,122,77,,0.243,0.225,0.018,,0.398,0.346,0.052,,0.329,0.311,0.018
Brad Wieck,122,75,,0.243,0.233,0.01,,0.514,0.463,0.051,,0.341,0.325,0.016
Wes Parsons,121,82,,0.265,0.317,-0.052,,0.469,0.523,-0.054,,0.361,0.404,-0.043
Ryan Helsley,121,81,,0.187,0.213,-0.026,,0.318,0.346,-0.028,,0.25,0.275,-0.025
Andrew Suarez,121,90,,0.317,0.277,0.04,,0.615,0.549,0.066,,0.402,0.384,0.018
David Phelps,120,77,,0.243,0.23,0.013,,0.439,0.394,0.045,,0.326,0.308,0.018
Adam Morgan,120,78,,0.187,0.187,0,,0.346,0.315,0.031,,0.27,0.262,0.008
Wei-Chung Wang,120,91,,0.226,0.223,0.003,,0.387,0.399,-0.012,,0.302,0.308,-0.006
Jake Newberry,119,82,,0.24,0.253,-0.013,,0.51,0.516,-0.006,,0.337,0.353,-0.016
Dan Otero,119,102,,0.339,0.305,0.034,,0.522,0.497,0.025,,0.375,0.354,0.021
A.J. Cole,118,80,,0.29,0.233,0.057,,0.486,0.364,0.122,,0.345,0.281,0.064
Hector Santiago,117,80,,0.291,0.261,0.03,,0.524,0.489,0.035,,0.376,0.36,0.016
Austin Adams,117,52,,0.172,0.165,0.007,,0.313,0.259,0.054,,0.272,0.255,0.017
Carson Fulmer,116,72,,0.261,0.228,0.033,,0.424,0.362,0.062,,0.355,0.339,0.016
Cody Allen,116,66,,0.255,0.26,-0.005,,0.628,0.595,0.033,,0.415,0.412,0.003
Dustin May,116,88,,0.266,0.281,-0.015,,0.376,0.436,-0.06,,0.299,0.33,-0.031
Zack Littell,115,83,,0.252,0.307,-0.055,,0.421,0.499,-0.078,,0.31,0.366,-0.056
Evan Phillips,114,59,,0.307,0.268,0.039,,0.443,0.401,0.042,,0.39,0.368,0.022
Chance Adams,114,82,,0.333,0.271,0.062,,0.578,0.46,0.118,,0.415,0.352,0.063
J.B. Wendelken,113,74,,0.194,0.164,0.03,,0.33,0.272,0.058,,0.251,0.224,0.027
Austin Voth,113,72,,0.235,0.19,0.045,,0.451,0.334,0.117,,0.325,0.269,0.056
Rowan Wick,113,71,,0.182,0.19,-0.008,,0.232,0.3,-0.068,,0.233,0.261,-0.028
Neil Ramirez,112,73,,0.274,0.261,0.013,,0.558,0.501,0.057,,0.385,0.366,0.019
Zac Reininger,112,89,,0.357,0.345,0.012,,0.796,0.667,0.129,,0.486,0.462,0.024
Drew Gagnon,111,86,,0.314,0.3,0.014,,0.667,0.576,0.091,,0.429,0.397,0.032
Kyle Dowdy,110,74,,0.295,0.299,-0.004,,0.477,0.484,-0.007,,0.381,0.396,-0.015
Jordan Hicks,110,67,,0.163,0.164,-0.001,,0.255,0.254,0.001,,0.233,0.236,-0.003
Seranthony Dominguez,110,68,,0.25,0.221,0.029,,0.385,0.325,0.06,,0.319,0.29,0.029
Jay Jackson,110,58,,0.228,0.241,-0.013,,0.435,0.455,-0.02,,0.325,0.343,-0.018
Matt Shoemaker,108,74,,0.163,0.242,-0.079,,0.306,0.464,-0.158,,0.241,0.334,-0.093
Connor Sadzeck,107,63,,0.2,0.208,-0.008,,0.344,0.382,-0.038,,0.299,0.317,-0.018
Logan Webb,107,77,,0.337,0.304,0.033,,0.5,0.419,0.081,,0.377,0.337,0.04
Matt Bowman,107,77,,0.253,0.237,0.016,,0.379,0.305,0.074,,0.294,0.264,0.03
Jimmy Cordero,107,71,,0.227,0.244,-0.017,,0.412,0.377,0.035,,0.307,0.305,0.002
Hector Noesi,106,74,,0.278,0.252,0.026,,0.622,0.494,0.128,,0.409,0.363,0.046
Zach Duke,106,68,,0.25,0.273,-0.023,,0.452,0.437,0.015,,0.364,0.376,-0.012
Tyler Anderson,106,72,,0.363,0.315,0.048,,0.736,0.588,0.148,,0.471,0.413,0.058
Marco Estrada,106,84,,0.242,0.208,0.034,,0.537,0.46,0.077,,0.359,0.323,0.036
Tanner Anderson,105,79,,0.309,0.28,0.029,,0.454,0.496,-0.042,,0.345,0.35,-0.005
Jonathan Loaisiga,105,66,,0.267,0.238,0.029,,0.5,0.398,0.102,,0.361,0.332,0.029
Justus Sheffield,103,67,,0.303,0.246,0.057,,0.506,0.391,0.115,,0.387,0.33,0.057
Pedro Payano,103,70,,0.302,0.316,-0.014,,0.488,0.483,0.005,,0.389,0.399,-0.01
Taylor Guerrieri,102,60,,0.253,0.203,0.05,,0.47,0.35,0.12,,0.373,0.321,0.052
Matt Festa,101,65,,0.241,0.245,-0.004,,0.53,0.446,0.084,,0.36,0.342,0.018
Keone Kela,99,61,,0.178,0.185,-0.007,,0.378,0.348,0.03,,0.271,0.269,0.002
Alex McRae,98,69,,0.294,0.266,0.028,,0.588,0.518,0.07,,0.407,0.375,0.032
Stephen Tarpley,98,59,,0.325,0.268,0.057,,0.578,0.481,0.097,,0.423,0.371,0.052
Robert Dugger,96,66,,0.238,0.26,-0.022,,0.425,0.416,0.009,,0.336,0.345,-0.009
Matt Koch,96,78,,0.333,0.327,0.006,,0.701,0.639,0.062,,0.454,0.435,0.019
Richard Lovelady,96,70,,0.353,0.245,0.108,,0.541,0.334,0.207,,0.397,0.289,0.108
Tanner Scott,96,50,,0.295,0.263,0.032,,0.513,0.44,0.073,,0.402,0.372,0.03
Tyler Bashlor,95,64,,0.269,0.253,0.016,,0.526,0.488,0.038,,0.378,0.362,0.016
Brock Burke,95,73,,0.226,0.245,-0.019,,0.381,0.391,-0.01,,0.302,0.317,-0.015
Stefan Crichton,94,63,,0.209,0.245,-0.036,,0.337,0.416,-0.079,,0.266,0.311,-0.045
Michel Baez,94,61,,0.228,0.232,-0.004,,0.354,0.39,-0.036,,0.31,0.327,-0.017
Zac Rosscup,94,49,,0.293,0.212,0.081,,0.427,0.306,0.121,,0.38,0.314,0.066
Kohl Stewart,93,79,,0.279,0.295,-0.016,,0.488,0.467,0.021,,0.349,0.353,-0.004
Dan Winkler,93,59,,0.222,0.241,-0.019,,0.481,0.482,-0.001,,0.342,0.355,-0.013
Bryse Wilson,93,67,,0.321,0.275,0.046,,0.654,0.48,0.174,,0.431,0.358,0.073
Alec Mills,93,60,,0.263,0.297,-0.034,,0.45,0.515,-0.065,,0.356,0.395,-0.039
Cy Sneed,93,65,,0.299,0.252,0.047,,0.529,0.434,0.095,,0.365,0.313,0.052
Tony Sipp,92,64,,0.241,0.249,-0.008,,0.329,0.395,-0.066,,0.284,0.339,-0.055
Andres Munoz,92,53,,0.173,0.201,-0.028,,0.309,0.348,-0.039,,0.255,0.284,-0.029
Corbin Martin,92,61,,0.288,0.251,0.037,,0.65,0.454,0.196,,0.426,0.35,0.076
Rafael Montero,91,61,,0.226,0.243,-0.017,,0.417,0.455,-0.038,,0.301,0.327,-0.026
Yefry Ramirez,91,58,,0.311,0.291,0.02,,0.568,0.453,0.115,,0.412,0.375,0.037
Sam Coonrod,91,61,,0.184,0.201,-0.017,,0.276,0.308,-0.032,,0.273,0.293,-0.02
Montana DuRapau,90,57,,0.342,0.29,0.052,,0.595,0.443,0.152,,0.429,0.361,0.068
JT Chargois,88,53,,0.273,0.227,0.046,,0.506,0.386,0.12,,0.331,0.279,0.052
David McKay,88,50,,0.205,0.23,-0.025,,0.356,0.372,-0.016,,0.308,0.326,-0.018
Craig Kimbrel,88,49,,0.243,0.259,-0.016,,0.554,0.523,0.031,,0.378,0.383,-0.005
Seunghwan Oh,88,66,,0.354,0.331,0.023,,0.585,0.557,0.028,,0.416,0.4,0.016
DJ Johnson,88,50,,0.273,0.25,0.023,,0.348,0.405,-0.057,,0.357,0.368,-0.011
Jake Jewell,87,57,,0.256,0.254,0.002,,0.551,0.479,0.072,,0.372,0.349,0.023
Ryan Burr,86,58,,0.227,0.204,0.023,,0.413,0.332,0.081,,0.3,0.289,0.011
Tyler Thornburg,86,53,,0.28,0.244,0.036,,0.6,0.579,0.021,,0.404,0.389,0.015
Brock Stewart,86,66,,0.312,0.227,0.085,,0.636,0.46,0.176,,0.4,0.311,0.089
Trevor Rosenthal,85,38,,0.208,0.247,-0.039,,0.226,0.347,-0.121,,0.367,0.411,-0.044
Jimmy Nelson,85,51,,0.338,0.304,0.034,,0.618,0.497,0.121,,0.453,0.409,0.044
Travis Bergen,85,57,,0.24,0.294,-0.054,,0.493,0.541,-0.048,,0.341,0.386,-0.045
Tim Melville,85,56,,0.26,0.247,0.013,,0.411,0.417,-0.006,,0.328,0.334,-0.006
Walker Lockett,83,61,,0.303,0.274,0.029,,0.513,0.412,0.101,,0.367,0.324,0.043
Travis Lakins,83,59,,0.278,0.25,0.028,,0.444,0.429,0.015,,0.334,0.336,-0.002
Mike Shawaryn,83,44,,0.265,0.227,0.038,,0.529,0.494,0.035,,0.396,0.375,0.021
Parker Markel,83,53,,0.348,0.305,0.043,,0.667,0.538,0.129,,0.465,0.411,0.054
JD Hammer,82,56,,0.217,0.282,-0.065,,0.377,0.469,-0.092,,0.318,0.378,-0.06
Tayler Scott,82,58,,0.397,0.349,0.048,,0.706,0.541,0.165,,0.502,0.434,0.068
Kyle Wright,82,54,,0.324,0.311,0.013,,0.618,0.575,0.043,,0.439,0.426,0.013
Gerardo Reyes,81,44,,0.258,0.201,0.057,,0.424,0.323,0.101,,0.335,0.287,0.048
Mike Mayers,81,55,,0.304,0.309,-0.005,,0.565,0.514,0.051,,0.403,0.393,0.01
Kyle Zimmer,81,51,,0.344,0.3,0.044,,0.5,0.465,0.035,,0.427,0.403,0.024
Heath Fillmyer,80,64,,0.314,0.313,0.001,,0.571,0.538,0.033,,0.394,0.4,-0.006
Matt Hall,80,47,,0.279,0.236,0.043,,0.5,0.473,0.027,,0.377,0.354,0.023
Austin Adams,80,53,,0.273,0.243,0.03,,0.53,0.485,0.045,,0.384,0.371,0.013
Aaron Wilkerson,80,60,,0.357,0.258,0.099,,0.586,0.384,0.202,,0.422,0.313,0.109
Jandel Gustave,79,64,,0.2,0.306,-0.106,,0.257,0.442,-0.185,,0.22,0.341,-0.121
Joe Smith,79,57,,0.227,0.205,0.022,,0.333,0.318,0.015,,0.261,0.247,0.014
Cody Stashak,78,62,,0.307,0.263,0.044,,0.493,0.483,0.01,,0.341,0.323,0.018
Pat Neshek,78,68,,0.303,0.325,-0.022,,0.539,0.563,-0.024,,0.352,0.376,-0.024
Carl Edwards Jr.,78,45,,0.19,0.239,-0.049,,0.349,0.443,-0.094,,0.306,0.359,-0.053
Lewis Thorpe,78,54,,0.301,0.27,0.031,,0.438,0.4,0.038,,0.338,0.312,0.026
Reed Garrett,77,53,,0.381,0.312,0.069,,0.651,0.604,0.047,,0.48,0.441,0.039
Scott Alexander,76,59,,0.25,0.302,-0.052,,0.412,0.448,-0.036,,0.311,0.351,-0.04
Kyle McGowin,76,53,,0.319,0.304,0.015,,0.652,0.58,0.072,,0.417,0.39,0.027
Burch Smith,75,49,,0.266,0.231,0.035,,0.484,0.444,0.04,,0.36,0.335,0.025
Phillips Valdez,75,46,,0.27,0.244,0.026,,0.444,0.379,0.065,,0.355,0.327,0.028
Rogelio Armenteros,75,52,,0.243,0.244,-0.001,,0.314,0.329,-0.015,,0.269,0.276,-0.007
Mike Dunn,75,54,,0.262,0.216,0.046,,0.523,0.395,0.128,,0.337,0.293,0.044
Reggie McClain,75,55,,0.297,0.323,-0.026,,0.484,0.458,0.026,,0.381,0.39,-0.009
Josh Staumont,74,51,,0.288,0.294,-0.006,,0.561,0.551,0.01,,0.385,0.387,-0.002
Trevor Hildenberger,74,53,,0.385,0.305,0.08,,0.538,0.409,0.129,,0.411,0.35,0.061
Hunter Strickland,73,53,,0.231,0.23,0.001,,0.462,0.432,0.03,,0.323,0.317,0.006
Austin Davis,73,43,,0.288,0.278,0.01,,0.576,0.484,0.092,,0.42,0.392,0.028
Sam Tuivailala,73,44,,0.177,0.185,-0.008,,0.258,0.315,-0.057,,0.251,0.276,-0.025
Jeanmar Gomez,73,56,,0.359,0.31,0.049,,0.563,0.462,0.101,,0.407,0.364,0.043
Jake Faria,71,48,,0.286,0.264,0.022,,0.556,0.471,0.085,,0.388,0.354,0.034
Genesis Cabrera,71,50,,0.29,0.283,0.007,,0.435,0.458,-0.023,,0.352,0.359,-0.007
Emmanuel Clase,71,48,,0.219,0.228,-0.009,,0.359,0.297,0.062,,0.287,0.274,0.013
Chris Flexen,70,47,,0.268,0.245,0.023,,0.429,0.384,0.045,,0.353,0.344,0.009
Chasen Bradford,69,54,,0.266,0.272,-0.006,,0.594,0.486,0.108,,0.368,0.338,0.03
Josh Lucas,69,46,,0.237,0.231,0.006,,0.373,0.363,0.01,,0.29,0.297,-0.007
Josh Rogers,69,54,,0.305,0.302,0.003,,0.712,0.673,0.039,,0.459,0.449,0.01
Odrisamer Despaigne,68,53,,0.407,0.36,0.047,,0.678,0.579,0.099,,0.476,0.432,0.044
Ryan Tepera,67,48,,0.281,0.288,-0.007,,0.544,0.515,0.029,,0.359,0.375,-0.016
Jason Adam,67,46,,0.222,0.202,0.02,,0.352,0.348,0.004,,0.293,0.293,0
Buddy Boshers,66,40,,0.298,0.212,0.086,,0.544,0.346,0.198,,0.394,0.293,0.101
Nick Tropeano,66,48,,0.316,0.317,-0.001,,0.667,0.587,0.08,,0.436,0.415,0.021
Conner Menez,65,36,,0.245,0.219,0.026,,0.509,0.425,0.084,,0.367,0.346,0.021
Justin Miller,65,48,,0.276,0.23,0.046,,0.534,0.466,0.068,,0.372,0.333,0.039
Paul Sewald,65,43,,0.237,0.229,0.008,,0.441,0.422,0.019,,0.304,0.309,-0.005
Kevin Ginkel,65,38,,0.155,0.203,-0.048,,0.224,0.302,-0.078,,0.218,0.265,-0.047
Kyle Bird,65,38,,0.229,0.25,-0.021,,0.542,0.492,0.05,,0.415,0.411,0.004
Ervin Santana,64,53,,0.339,0.302,0.037,,0.821,0.69,0.131,,0.479,0.451,0.028
Peter Fairbanks,63,35,,0.255,0.239,0.016,,0.509,0.452,0.057,,0.364,0.344,0.02
Edubray Ramos,63,48,,0.316,0.27,0.046,,0.596,0.487,0.109,,0.405,0.353,0.052
Dillon Tate,63,38,,0.235,0.223,0.012,,0.451,0.364,0.087,,0.354,0.326,0.028
Sam Howard,62,38,,0.275,0.242,0.033,,0.431,0.344,0.087,,0.363,0.324,0.039
Taylor Williams,60,42,,0.377,0.323,0.054,,0.509,0.47,0.039,,0.411,0.378,0.033
Adbert Alzolay,60,37,,0.26,0.248,0.012,,0.54,0.436,0.104,,0.392,0.358,0.034
Alex Cobb,60,50,,0.362,0.407,-0.045,,0.914,0.904,0.01,,0.527,0.55,-0.023
Ryan Dull,59,43,,0.42,0.333,0.087,,0.82,0.723,0.097,,0.527,0.466,0.061
Chris Mazza,58,44,,0.412,0.367,0.045,,0.627,0.558,0.069,,0.457,0.427,0.03
Drew Steckenrider,58,38,,0.173,0.203,-0.03,,0.519,0.549,-0.03,,0.323,0.352,-0.029
Alex Wilson,57,35,,0.313,0.27,0.043,,0.563,0.442,0.121,,0.407,0.349,0.058
Robert Stock,56,32,,0.298,0.255,0.043,,0.489,0.438,0.051,,0.389,0.357,0.032
Jimmie Sherfy,56,38,,0.28,0.248,0.032,,0.36,0.357,0.003,,0.312,0.298,0.014
R.J. Alaniz,56,41,,0.32,0.291,0.029,,0.6,0.492,0.108,,0.404,0.366,0.038
Edinson Volquez,56,37,,0.289,0.32,-0.031,,0.533,0.531,0.002,,0.411,0.427,-0.016
Randy Dobnak,54,42,,0.327,0.293,0.034,,0.423,0.394,0.029,,0.335,0.306,0.029
Joe Palumbo,54,38,,0.348,0.3,0.048,,0.717,0.564,0.153,,0.475,0.41,0.065
Dovydas Neverauskas,53,34,,0.349,0.315,0.034,,0.628,0.612,0.016,,0.444,0.432,0.012
Fernando Romero,53,35,,0.348,0.31,0.038,,0.543,0.502,0.041,,0.413,0.388,0.025
Allen Webster,52,37,,0.304,0.28,0.024,,0.5,0.529,-0.029,,0.367,0.368,-0.001
Joe Harvey,52,32,,0.279,0.233,0.046,,0.419,0.304,0.115,,0.35,0.331,0.019
Rookie Davis,51,33,,0.3,0.253,0.047,,0.625,0.457,0.168,,0.425,0.358,0.067
Eric Skoglund,50,42,,0.333,0.31,0.023,,0.571,0.57,0.001,,0.416,0.409,0.007
